product_code,product_name,section,page,record_type,requirement_scope,property,astm_method,minimum,maximum,note_ref,text,review_status
A,CBOB regular (87 octane),3.3,14,context,,,,,,,PRODUCT SPECIFICATIONS 3.3.1 CONVENTIONAL REGULAR GASOLINE BLENDSTOCK (CBOB),Source heading
A,CBOB regular (87 octane),3.3,14,specification,All / see section,Octane RON,D2699,Report,,,Octane | RON | D2699 | Report |  |  | ,Table extracted; verify merged cells and revision markings
A,CBOB regular (87 octane),3.3,14,specification,All / see section,MON,D2700,82.0,,, | MON | D2700 | 82.0 |  |  | ,Table extracted; verify merged cells and revision markings
A,CBOB regular (87 octane),3.3,14,specification,All / see section,(R+M)/2,87.0,,,, | (R+M)/2 |  | 87.0 |  |  | ,Table extracted; verify merged cells and revision markings
A,CBOB regular (87 octane),3.3,14,specification,All / see section,"Oxygen Content, weight %",D5599,,0.1,,"Oxygen Content, weight % |  | D5599 |  | 0.1 |  | 1,2 6",Table extracted; verify merged cells and revision markings
A,CBOB regular (87 octane),3.3,14,specification,All / see section,RVP (psi),D5191,,,,"RVP (psi) |  | D5191 |  |  |  | 3, [N] 10",Table extracted; verify merged cells and revision markings
A,CBOB regular (87 octane),3.3,14,specification,All / see section,Grades,,With Ethanol,Without Ethanol,,Grades |  |  |  | With Ethanol | Without Ethanol | ,Table extracted; verify merged cells and revision markings
A,CBOB regular (87 octane),3.3,14,specification,All / see section,"A2,2A",,10.0,[N] 9.0,,"A2,2A |  |  |  | 10.0 | [N] 9.0 | ",Table extracted; verify merged cells and revision markings
A,CBOB regular (87 octane),3.3,14,specification,All / see section,"A3,3A",,12.5,X,,"A3,3A |  |  |  | 12.5 | X | ",Table extracted; verify merged cells and revision markings
A,CBOB regular (87 octane),3.3,14,specification,All / see section,"A4,4A",,14.5,X,,"A4,4A |  |  |  | 14.5 | X | ",Table extracted; verify merged cells and revision markings
A,CBOB regular (87 octane),3.3,14,specification,All / see section,"A5,5A",,15.5,X,,"A5,5A |  |  |  | 15.5 | X | ",Table extracted; verify merged cells and revision markings
A,CBOB regular (87 octane),3.3,14,note,,,,,,,Heavy Metals are not allowed to be present.,Source note / supporting table
A,CBOB regular (87 octane),3.3,14,note,,,,,,,Additive requirements/restrictions - refer to section 3.2.,Source note / supporting table
A,CBOB regular (87 octane),3.3,14,note,,,,,,,"This is a base gasoline, not for sale to the ultimate consumer.",Source note / supporting table
A,CBOB regular (87 octane),3.3,14,note,,,,,,,Any gasoline exhibiting an offensive odor and/or poses a personal health hazard will not be accepted for shipment.,Source note / supporting table
A,CBOB regular (87 octane),3.3,14,note,,,,,,,Any gasoline containing more than 0.50 wt. % of dicyclopentadiene will not be accepted for shipment.,Source note / supporting table
A,CBOB regular (87 octane),3.3,14,note,,,,,,,The referee method will be based on a gas chromatograph test.,Source note / supporting table
A,CBOB regular (87 octane),3.3,14,note,,,,,,,Delivery test results may vary by the smaller of ASTM reproducibility for a given test or any test tolerance as allowed by state or EPA regulations at the point of delivery.,Source note / supporting table
A,CBOB regular (87 octane),3.3,15,context,,,,,,,PRODUCT SPECIFICATIONS 3.3.2 CONVENTIONAL REGULAR GASOLINE BLENDSTOCK (CBOB),Source heading
A,CBOB regular (87 octane),3.3,15,specification,Fungible only,Benzene (vol%),D3606,,3.8,[N] 3,Benzene (vol%) | D3606 |  | 3.8 | [N] 3,Table extracted; verify merged cells and revision markings
A,CBOB regular (87 octane),3.3,15,specification,Fungible only,Color,,,Undyed,,Color |  |  | Undyed | ,Table extracted; verify merged cells and revision markings
A,CBOB regular (87 octane),3.3,15,specification,Fungible only,Corrosion (Cu) 3 hrs @122oF (50oC),D130,,1,,Corrosion (Cu) 3 hrs @122oF (50oC) | D130 |  | 1 | ,Table extracted; verify merged cells and revision markings
A,CBOB regular (87 octane),3.3,15,specification,Fungible only,Corrosion (Ag) 3 hrs @122oF (50oC),D7671,,1,,Corrosion (Ag) 3 hrs @122oF (50oC) | D7671 |  | 1 | ,Table extracted; verify merged cells and revision markings
A,CBOB regular (87 octane),3.3,15,specification,Fungible only,Doctor test,D4952,Negative (sweet),,4,Doctor test | D4952 | Negative (sweet) |  | 4,Table extracted; verify merged cells and revision markings
A,CBOB regular (87 octane),3.3,15,specification,Fungible only,"Mercaptan sulfur, wt.%",D3227,,0.002,,"Mercaptan sulfur, wt.% | D3227 |  | 0.002 | ",Table extracted; verify merged cells and revision markings
A,CBOB regular (87 octane),3.3,15,specification,Fungible only,Solvent Washed Gum mg/100 ml,D381,,4,,Solvent Washed Gum mg/100 ml | D381 |  | 4 | ,Table extracted; verify merged cells and revision markings
A,CBOB regular (87 octane),3.3,15,specification,Fungible only,Gravity oAPI at 60oF,D4052,Report,,6,Gravity oAPI at 60oF | D4052 | Report |  | 6,Table extracted; verify merged cells and revision markings
A,CBOB regular (87 octane),3.3,15,specification,Fungible only,Oxidation stability-minutes,D525,240,,6,Oxidation stability-minutes | D525 | 240 |  | 6,Table extracted; verify merged cells and revision markings
A,CBOB regular (87 octane),3.3,15,specification,Fungible only,"Phosphorous, gms/gal",D3231,,0.004,,"Phosphorous, gms/gal | D3231 |  | 0.004 | ",Table extracted; verify merged cells and revision markings
A,CBOB regular (87 octane),3.3,15,specification,Fungible only,Sulfur,D2622,,80,"7, 6","Sulfur | D2622 |  | 80 | 7, 6",Table extracted; verify merged cells and revision markings
A,CBOB regular (87 octane),3.3,15,specification,Fungible only,,[C] or equivalent,,,, | [C] or equivalent |  |  | ,Table extracted; verify merged cells and revision markings
A,CBOB regular (87 octane),3.3,15,specification,Fungible only,Nace Corrosion,TM0172,B+ (Origin),,6,Nace Corrosion | TM0172 | B+ (Origin) |  | 6,Table extracted; verify merged cells and revision markings
A,CBOB regular (87 octane),3.3,15,specification,Fungible only,Volatility:,,,,,Volatility: |  |  |  | ,Table extracted; verify merged cells and revision markings
A,CBOB regular (87 octane),3.3,15,specification,Fungible only,Driveability Index,D4814,,See Chart,,Driveability Index | D4814 |  | See Chart | ,Table extracted; verify merged cells and revision markings
A,CBOB regular (87 octane),3.3,15,specification,Fungible only,"Distillation, oC (oF) @ %Evap.",D86,,See Chart,,"Distillation, oC (oF) @ %Evap. | D86 |  | See Chart | ",Table extracted; verify merged cells and revision markings
A,CBOB regular (87 octane),3.3,15,specification,Fungible only,"Vapor/Liquid Ratio (V/L), oC (oF) @ 20",D5188,,See Chart,5,"Vapor/Liquid Ratio (V/L), oC (oF) @ 20 | D5188 |  | See Chart | 5",Table extracted; verify merged cells and revision markings
A,CBOB regular (87 octane),3.3,15,specification,Grade volatility chart,Grade A2,D4814 / D86 / D5188,,,,A2 | 1250 | 70(158) | 66(150) | 121(250) | 190(374) | 221(430) | 50 (122),Chart column alignment must be checked against PDF
A,CBOB regular (87 octane),3.3,15,specification,Grade volatility chart,Grade A3,D4814 / D86 / D5188,,,,A3 | 1230 | 60(140) | 66(150) | 116(240) | 185(365) | 221(430) | 47(116),Chart column alignment must be checked against PDF
A,CBOB regular (87 octane),3.3,15,specification,Grade volatility chart,Grade A4,D4814 / D86 / D5188,,,,A4 | 1220 | 55(131) | 66(150) | 113(235) | 185(365) | 221(430) | 42(107),Chart column alignment must be checked against PDF
A,CBOB regular (87 octane),3.3,15,specification,Grade volatility chart,Grade A5,D4814 / D86 / D5188,,,,A5 | 1200 | 50(122) | 66(150) | 110(230) | 185(365) | 221(430) | 39(102),Chart column alignment must be checked against PDF
A,CBOB regular (87 octane),3.3,15,note,,,,,,,"1. All A grades may not contain oxygenates, such as ethers and alcohols. The use of non-hydrocarbon blending components in these grades is prohibited.",Source note / supporting table
A,CBOB regular (87 octane),3.3,15,note,,,,,,,"2. Refer to test methods published in 40 CFR 1090 Subpart N. Alternative oxygenates test method ASTM D 4815, may be used according to federal and state regulations.",Source note / supporting table
A,CBOB regular (87 octane),3.3,15,note,,,,,,,"3. For products blended to meet EPA tests must be performed in accordance with the procedures described in 40 CFR, 1090 Subpart N [N] and Subpart C.",Source note / supporting table
A,CBOB regular (87 octane),3.3,15,note,,,,,,,4. Mercaptan Sulfur waived if fuel is negative by Doctor test.,Source note / supporting table
A,CBOB regular (87 octane),3.3,15,note,,,,,,,5. Computer and Linear methods may be used to determine V/L value.,Source note / supporting table
A,CBOB regular (87 octane),3.3,15,note,,,,,,,6. Specifications must be met before blending of denatured fuel ethanol.,Source note / supporting table
A,CBOB regular (87 octane),3.3,15,note,,,,,,,"7. Refer to 40 CFR 1090 Subpart N. Alternative sulfur test methods, ASTM D 5453 and D 7039, may be used according to federal and state regulations.",Source note / supporting table
A,CBOB regular (87 octane),3.3,15,note,,,,,,,8. Bengal will accept test methods results that are listed in ASTM D4814 for all tests. Test methods listed in the table above are considered referee methods by Bengal Pipeline. Referee methods apply for any disputes.,Source note / supporting table
A,CBOB regular (87 octane),3.3,15,note,,,,,,,9. Use of these grades is controlled by the RVP calendar.,Source note / supporting table
A,CBOB regular (87 octane),3.3,15,note,,,,,,,[N] 10. Summer RVP MUST be checked using EPA formula as 40 CFR 1090.1355,Source note / supporting table
A,CBOB regular (87 octane),3.3,15,note,,,,,,,[C] or equivalent,Extracted narrative; verify continuation
A,CBOB regular (87 octane),3.3,15,note,,,,,,,"1. All A grades may not contain oxygenates, such as ethers and alcohols. The use of non-hydrocarbon blending",Extracted narrative; verify continuation
A,CBOB regular (87 octane),3.3,15,note,,,,,,,"2. Refer to test methods published in 40 CFR 1090 Subpart N. Alternative oxygenates test method ASTM D 4815, may be",Extracted narrative; verify continuation
A,CBOB regular (87 octane),3.3,15,note,,,,,,,"3. For products blended to meet EPA tests must be performed in accordance with the procedures described in 40 CFR,",Extracted narrative; verify continuation
A,CBOB regular (87 octane),3.3,15,note,,,,,,,4. Mercaptan Sulfur waived if fuel is negative by Doctor test.,Extracted narrative; verify continuation
A,CBOB regular (87 octane),3.3,15,note,,,,,,,5. Computer and Linear methods may be used to determine V/L value.,Extracted narrative; verify continuation
A,CBOB regular (87 octane),3.3,15,note,,,,,,,6. Specifications must be met before blending of denatured fuel ethanol.,Extracted narrative; verify continuation
A,CBOB regular (87 octane),3.3,15,note,,,,,,,"7. Refer to 40 CFR 1090 Subpart N. Alternative sulfur test methods, ASTM D 5453 and D 7039, may be used according",Extracted narrative; verify continuation
A,CBOB regular (87 octane),3.3,15,note,,,,,,,8. Bengal will accept test methods results that are listed in ASTM D4814 for all tests. Test methods listed in the table,Extracted narrative; verify continuation
A,CBOB regular (87 octane),3.3,15,note,,,,,,,9. Use of these grades is controlled by the RVP calendar.,Extracted narrative; verify continuation
A,CBOB regular (87 octane),3.3,15,note,,,,,,,[N] 10. Summer RVP MUST be checked using EPA formula as 40 CFR 1090.1355,Extracted narrative; verify continuation
D,CBOB premium (93 octane),3.4,16,context,,,,,,,PRODUCT SPECIFICATIONS 3.4.1 CONVENTIONAL PREMIUM GASOLINE BLENDSTOCK (CBOB),Source heading
D,CBOB premium (93 octane),3.4,16,specification,All / see section,Octane RON,D2699,Report,,,Octane | RON | D2699 | Report |  |  | ,Table extracted; verify merged cells and revision markings
D,CBOB premium (93 octane),3.4,16,specification,All / see section,MON,D2700,Report,,, | MON | D2700 | Report |  |  | ,Table extracted; verify merged cells and revision markings
D,CBOB premium (93 octane),3.4,16,specification,All / see section,(R+M)/2,93.0,,,, | (R+M)/2 |  | 93.0 |  |  | ,Table extracted; verify merged cells and revision markings
D,CBOB premium (93 octane),3.4,16,specification,All / see section,"Oxygen Content, weight %",D5599,,0.1,,"Oxygen Content, weight % |  | D5599 |  | 0.1 |  | 1,2 6",Table extracted; verify merged cells and revision markings
D,CBOB premium (93 octane),3.4,16,specification,All / see section,RVP (psi),D5191,,,,"RVP (psi) |  | D5191 |  |  |  | 3, [N] 10",Table extracted; verify merged cells and revision markings
D,CBOB premium (93 octane),3.4,16,specification,All / see section,Grades,,With Ethanol,Without Ethanol,,Grades |  |  |  | With Ethanol | Without Ethanol | ,Table extracted; verify merged cells and revision markings
D,CBOB premium (93 octane),3.4,16,specification,All / see section,"D2,2D",,10.0,[N] 9.0,,"D2,2D |  |  |  | 10.0 | [N] 9.0 | ",Table extracted; verify merged cells and revision markings
D,CBOB premium (93 octane),3.4,16,specification,All / see section,"D3,3D",,12.5,X,,"D3,3D |  |  |  | 12.5 | X | ",Table extracted; verify merged cells and revision markings
D,CBOB premium (93 octane),3.4,16,specification,All / see section,"D4,4D",,14.5,X,,"D4,4D |  |  |  | 14.5 | X | ",Table extracted; verify merged cells and revision markings
D,CBOB premium (93 octane),3.4,16,specification,All / see section,"D5,5D",,15.5,X,,"D5,5D |  |  |  | 15.5 | X | ",Table extracted; verify merged cells and revision markings
D,CBOB premium (93 octane),3.4,16,note,,,,,,,Heavy Metals are not allowed to be present.,Source note / supporting table
D,CBOB premium (93 octane),3.4,16,note,,,,,,,Additive requirements/restrictions - refer to section 3.2.,Source note / supporting table
D,CBOB premium (93 octane),3.4,16,note,,,,,,,"This is a base gasoline, not for sale to the ultimate consumer.",Source note / supporting table
D,CBOB premium (93 octane),3.4,16,note,,,,,,,Any gasoline exhibiting an offensive odor and/or poses a personal health hazard will not be accepted for shipment.,Source note / supporting table
D,CBOB premium (93 octane),3.4,16,note,,,,,,,Any gasoline containing more than 0.50 wt. % of dicyclopentadiene will not be accepted for shipment.,Source note / supporting table
D,CBOB premium (93 octane),3.4,16,note,,,,,,,The referee method will be based on a gas chromatograph test.,Source note / supporting table
D,CBOB premium (93 octane),3.4,16,note,,,,,,,Delivery test results may vary by the smaller of ASTM reproducibility for a given test or any test tolerance as allowed by state or EPA regulations at the point of delivery.,Source note / supporting table
D,CBOB premium (93 octane),3.4,17,context,,,,,,,PRODUCT SPECIFICATIONS 3.4.2 CONVENTIONAL PREMIUM GASOLINE BLENDSTOCK (CBOB),Source heading
D,CBOB premium (93 octane),3.4,17,specification,Fungible only,Benzene (vol%),D3606,,3.8,[N] 3,Benzene (vol%) | D3606 |  | 3.8 | [N] 3,Table extracted; verify merged cells and revision markings
D,CBOB premium (93 octane),3.4,17,specification,Fungible only,Color,,,Undyed,,Color |  |  | Undyed | ,Table extracted; verify merged cells and revision markings
D,CBOB premium (93 octane),3.4,17,specification,Fungible only,Corrosion (Cu) 3 hrs @122oF (50oC),D130,,1,,Corrosion (Cu) 3 hrs @122oF (50oC) | D130 |  | 1 | ,Table extracted; verify merged cells and revision markings
D,CBOB premium (93 octane),3.4,17,specification,Fungible only,Corrosion (Ag) 3 hrs @122oF (50oC),D7671,,1,,Corrosion (Ag) 3 hrs @122oF (50oC) | D7671 |  | 1 | ,Table extracted; verify merged cells and revision markings
D,CBOB premium (93 octane),3.4,17,specification,Fungible only,Doctor test,D4952,Negative (sweet),,4,Doctor test | D4952 | Negative (sweet) |  | 4,Table extracted; verify merged cells and revision markings
D,CBOB premium (93 octane),3.4,17,specification,Fungible only,"Mercaptan sulfur, wt.%",D3227,,0.002,,"Mercaptan sulfur, wt.% | D3227 |  | 0.002 | ",Table extracted; verify merged cells and revision markings
D,CBOB premium (93 octane),3.4,17,specification,Fungible only,Solvent Washed Gum mg/100 ml,D381,,4,,Solvent Washed Gum mg/100 ml | D381 |  | 4 | ,Table extracted; verify merged cells and revision markings
D,CBOB premium (93 octane),3.4,17,specification,Fungible only,Gravity oAPI at 60oF,D4052,Report,,6,Gravity oAPI at 60oF | D4052 | Report |  | 6,Table extracted; verify merged cells and revision markings
D,CBOB premium (93 octane),3.4,17,specification,Fungible only,Oxidation stability-minutes,D525,240,,6,Oxidation stability-minutes | D525 | 240 |  | 6,Table extracted; verify merged cells and revision markings
D,CBOB premium (93 octane),3.4,17,specification,Fungible only,"Phosphorous, gms/gal",D3231,,0.004,,"Phosphorous, gms/gal | D3231 |  | 0.004 | ",Table extracted; verify merged cells and revision markings
D,CBOB premium (93 octane),3.4,17,specification,Fungible only,Sulfur,D2622 [C] or Equivalent,,80,"7, 6","Sulfur | D2622 [C] or Equivalent |  | 80 | 7, 6",Table extracted; verify merged cells and revision markings
D,CBOB premium (93 octane),3.4,17,specification,Fungible only,Nace Corrosion,TM0172,B+ (Origin),,6,Nace Corrosion | TM0172 | B+ (Origin) |  | 6,Table extracted; verify merged cells and revision markings
D,CBOB premium (93 octane),3.4,17,specification,Fungible only,Volatility:,,,,,Volatility: |  |  |  | ,Table extracted; verify merged cells and revision markings
D,CBOB premium (93 octane),3.4,17,specification,Fungible only,Driveability Index,D4814,,See Chart,,Driveability Index | D4814 |  | See Chart | ,Table extracted; verify merged cells and revision markings
D,CBOB premium (93 octane),3.4,17,specification,Fungible only,"Distillation, oC (oF) @ %Evap.",D86,,See Chart,,"Distillation, oC (oF) @ %Evap. | D86 |  | See Chart | ",Table extracted; verify merged cells and revision markings
D,CBOB premium (93 octane),3.4,17,specification,Fungible only,"Vapor/Liquid Ratio (V/L), oC (oF) @ 20",D5188,,See Chart,5,"Vapor/Liquid Ratio (V/L), oC (oF) @ 20 | D5188 |  | See Chart | 5",Table extracted; verify merged cells and revision markings
D,CBOB premium (93 octane),3.4,17,specification,Grade volatility chart,Grade D2,D4814 / D86 / D5188,,,,D2 | 1250 | 70(158) | 66(150) | 121(250) | 190(374) | 221(430) | 50(122),Chart column alignment must be checked against PDF
D,CBOB premium (93 octane),3.4,17,specification,Grade volatility chart,Grade D3,D4814 / D86 / D5188,,,,D3 | 1230 | 60(140) | 66(150) | 116(240) | 185(365) | 221(430) | 47(116),Chart column alignment must be checked against PDF
D,CBOB premium (93 octane),3.4,17,specification,Grade volatility chart,Grade D4,D4814 / D86 / D5188,,,,D4 | 1220 | 55(131) | 66(150) | 113(235) | 185(365) | 221(430) | 42(107),Chart column alignment must be checked against PDF
D,CBOB premium (93 octane),3.4,17,specification,Grade volatility chart,Grade D5,D4814 / D86 / D5188,,,,D5 | 1200 | 50(122) | 66(150) | 110(230) | 185(365) | 221(430) | 39(102),Chart column alignment must be checked against PDF
D,CBOB premium (93 octane),3.4,17,note,,,,,,,"1. All D grades may not contain oxygenates, such as ethers and alcohols. The use of non-hydrocarbon blending components in these grades is prohibited.",Source note / supporting table
D,CBOB premium (93 octane),3.4,17,note,,,,,,,"2. Refer to test methods published in 40 CFR 1090 Subpart N. Alternative and oxygenates test method ASTM D 4815, may be used according to federal and state regulations.",Source note / supporting table
D,CBOB premium (93 octane),3.4,17,note,,,,,,,3. For products blended to meet EPA tests must be performed in accordance with the procedures described in 40 CFR 1090 Subpart N [N] and Subpart C,Source note / supporting table
D,CBOB premium (93 octane),3.4,17,note,,,,,,,4. Mercaptan Sulfur waived if fuel is negative by Doctor test.,Source note / supporting table
D,CBOB premium (93 octane),3.4,17,note,,,,,,,5. Computer and Linear methods may be used to determine V/L value.,Source note / supporting table
D,CBOB premium (93 octane),3.4,17,note,,,,,,,6. Specifications must be met before blending of denatured fuel ethanol.,Source note / supporting table
D,CBOB premium (93 octane),3.4,17,note,,,,,,,"7. Refer to 40 CFR 1090 Subpart N Alternative sulfur test methods, ASTM D 5453 and D 7039, may be used according to federal and state regulations.",Source note / supporting table
D,CBOB premium (93 octane),3.4,17,note,,,,,,,8. Bengal will accept test methods results that are listed in ASTM D4814 for all tests. Test methods listed in the table above are considered referee methods by Bengal Pipeline. Referee methods apply for any disputes.,Source note / supporting table
D,CBOB premium (93 octane),3.4,17,note,,,,,,,9. Use of these grades is controlled by the RVP calendar.,Source note / supporting table
D,CBOB premium (93 octane),3.4,17,note,,,,,,,[N] 10. Summer RVP MUST be checked using EPA formula as 40 CFR 1090.1355,Source note / supporting table
D,CBOB premium (93 octane),3.4,17,note,,,,,,,"1. All D grades may not contain oxygenates, such as ethers and alcohols. The use of non-hydrocarbon blending",Extracted narrative; verify continuation
D,CBOB premium (93 octane),3.4,17,note,,,,,,,"2. Refer to test methods published in 40 CFR 1090 Subpart N. Alternative and oxygenates test method ASTM D 4815, may be",Extracted narrative; verify continuation
D,CBOB premium (93 octane),3.4,17,note,,,,,,,3. For products blended to meet EPA tests must be performed in accordance with the procedures described in 40,Extracted narrative; verify continuation
D,CBOB premium (93 octane),3.4,17,note,,,,,,,4. Mercaptan Sulfur waived if fuel is negative by Doctor test.,Extracted narrative; verify continuation
D,CBOB premium (93 octane),3.4,17,note,,,,,,,5. Computer and Linear methods may be used to determine V/L value.,Extracted narrative; verify continuation
D,CBOB premium (93 octane),3.4,17,note,,,,,,,6. Specifications must be met before blending of denatured fuel ethanol.,Extracted narrative; verify continuation
D,CBOB premium (93 octane),3.4,17,note,,,,,,,"7. Refer to 40 CFR 1090 Subpart N Alternative sulfur test methods, ASTM D 5453 and D 7039, may be used",Extracted narrative; verify continuation
D,CBOB premium (93 octane),3.4,17,note,,,,,,,8. Bengal will accept test methods results that are listed in ASTM D4814 for all tests. Test methods listed in the,Extracted narrative; verify continuation
D,CBOB premium (93 octane),3.4,17,note,,,,,,,9. Use of these grades is controlled by the RVP calendar.,Extracted narrative; verify continuation
D,CBOB premium (93 octane),3.4,17,note,,,,,,,[N] 10. Summer RVP MUST be checked using EPA formula as 40 CFR 1090.1355,Extracted narrative; verify continuation
F,RBOB regular (87 octane),3.5,18,context,,,,,,,PRODUCT SPECIFICATIONS 3.5.1 REFORMULATED REGULAR GASOLINE BLENDSTOCK (RBOB),Source heading
F,RBOB regular (87 octane),3.5,18,specification,Fungible only,Octane RON,D2699,Report,,,Octane | RON |  | D2699 | Report |  |  | ,Table extracted; verify merged cells and revision markings
F,RBOB regular (87 octane),3.5,18,specification,Fungible only,MON,D2700,82.0,,, | MON |  | D2700 | 82.0 |  |  | ,Table extracted; verify merged cells and revision markings
F,RBOB regular (87 octane),3.5,18,specification,Fungible only,(R+M)/2,,87.0,,, | (R+M)/2 |  |  | 87.0 |  |  | ,Table extracted; verify merged cells and revision markings
F,RBOB regular (87 octane),3.5,18,specification,Fungible only,Benzene (vol%),D3606,,1.30,[N] 3,Benzene (vol%) |  |  | D3606 |  | 1.30 | [N] 3 | ,Table extracted; verify merged cells and revision markings
F,RBOB regular (87 octane),3.5,18,specification,Fungible only,"Oxygen Content, weight %",D5599 [C] (See Note),,[N] 0.1,"1,2, 6, 7","Oxygen Content, weight % |  |  | D5599 [C] (See Note) |  | [N] 0.1 | 1,2, 6, 7 | ",Table extracted; verify merged cells and revision markings
F,RBOB regular (87 octane),3.5,18,specification,Fungible only,Sulfur (ppmwt),D2622,,80,"8, 6","Sulfur (ppmwt) |  |  | D2622 |  | 80 | 8, 6 | ",Table extracted; verify merged cells and revision markings
F,RBOB regular (87 octane),3.5,18,specification,Fungible only,RVP (psi),D5191,,,"3, [N] 11","RVP (psi) |  |  | D5191 |  |  | 3, [N] 11 | ",Table extracted; verify merged cells and revision markings
F,RBOB regular (87 octane),3.5,18,specification,Fungible only,Grades,,,,,Grades |  |  |  |  |  |  | ,Table extracted; verify merged cells and revision markings
F,RBOB regular (87 octane),3.5,18,specification,Fungible only,"F1,1F",,,7.4,,"F1,1F |  |  |  |  | 7.4 |  | ",Table extracted; verify merged cells and revision markings
F,RBOB regular (87 octane),3.5,18,specification,Fungible only,"F3,3F",,,11.5,,"F3,3F |  |  |  |  | 11.5 |  | ",Table extracted; verify merged cells and revision markings
F,RBOB regular (87 octane),3.5,18,specification,Fungible only,"F4,4F",,,13.5,,"F4,4F |  |  |  |  | 13.5 |  | ",Table extracted; verify merged cells and revision markings
F,RBOB regular (87 octane),3.5,18,specification,Fungible only,"F5,5F",,,15.0,,"F5,5F |  |  |  |  | 15.0 |  | ",Table extracted; verify merged cells and revision markings
F,RBOB regular (87 octane),3.5,18,specification,Grade volatility chart,Grade F1,D4814 / D86 / D5188,,,,F1 | 1250 | 70(158) | 66(150) | 121(250) | 190(374) | 221(430) | 50(122),Chart column alignment must be checked against PDF
F,RBOB regular (87 octane),3.5,18,specification,Grade volatility chart,Grade F3,D4814 / D86 / D5188,,,,F3 | 1230 | 60(140) | 66(150) | 116(240) | 185(365) | 221(430) | 47(116),Chart column alignment must be checked against PDF
F,RBOB regular (87 octane),3.5,18,specification,Grade volatility chart,Grade F4,D4814 / D86 / D5188,,,,F4 | 1220 | 55(131) | 66(150) | 113(235) | 185(365) | 221(430) | 42(107),Chart column alignment must be checked against PDF
F,RBOB regular (87 octane),3.5,18,specification,Grade volatility chart,Grade F5,D4814 / D86 / D5188,,,,F5 | 1200 | 50(122) | 66(150) | 110(230) | 185(365) | 221(430) | 39(102),Chart column alignment must be checked against PDF
F,RBOB regular (87 octane),3.5,19,context,,,,,,,PRODUCT SPECIFICATIONS 3.5.2 REFORMULATED REGULAR GASOLINE BLENDSTOCK (RBOB),Source heading
F,RBOB regular (87 octane),3.5,19,note,,,,,,,Heavy Metals are not allowed to be present.,Source note / supporting table
F,RBOB regular (87 octane),3.5,19,note,,,,,,,Additive requirements/restrictions - refer to section 3.2.,Source note / supporting table
F,RBOB regular (87 octane),3.5,19,note,,,,,,,"This is a base gasoline, not for sale to the ultimate consumer.",Source note / supporting table
F,RBOB regular (87 octane),3.5,19,note,,,,,,,Any gasoline exhibiting an offensive odor and/or poses a personal health hazard will not be accepted for shipment.,Source note / supporting table
F,RBOB regular (87 octane),3.5,19,note,,,,,,,Any gasoline containing more than 0.50 wt. % of dicyclopentadiene will not be accepted for shipment.,Source note / supporting table
F,RBOB regular (87 octane),3.5,19,note,,,,,,,The referee method will be based on a gas chromatograph test.,Source note / supporting table
F,RBOB regular (87 octane),3.5,19,note,,,,,,,"1. All F grades may not contain oxygenates, such as ethers and alcohols. The use of non-hydrocarbon blending components in these grades is prohibited.",Source note / supporting table
F,RBOB regular (87 octane),3.5,19,note,,,,,,,"2. Refer to test methods published in 40 CFR 1090 Subpart N Alternative oxygenates test method ASTM D 4815, may be used according to federal and state regulations.",Source note / supporting table
F,RBOB regular (87 octane),3.5,19,note,,,,,,,3. For products blended to meet EPA tests must be performed in accordance with the procedures described in 40 CFR 1090 Subpart N [N] and Subpart C,Source note / supporting table
F,RBOB regular (87 octane),3.5,19,note,,,,,,,4. Mercaptan Sulfur waived if fuel is negative by Doctor test.,Source note / supporting table
F,RBOB regular (87 octane),3.5,19,note,,,,,,,5. Computer and Linear methods may be used to determine V/L value.,Source note / supporting table
F,RBOB regular (87 octane),3.5,19,note,,,,,,,6. Specifications must be met before blending of denatured fuel ethanol.,Source note / supporting table
F,RBOB regular (87 octane),3.5,19,note,,,,,,,7. Oxygen content must meet a minimum of 1.7 wt.% and a maximum of 4.0 wt.% after blending of denatured fuel ethanol.,Source note / supporting table
F,RBOB regular (87 octane),3.5,19,note,,,,,,,"8. Refer to 40 CFR 1090 Subpart N. Alternative sulfur test methods, ASTM D 5453 and D 7039, may be used according to fe deragl a nd s tate rpeg ulat ions.",Source note / supporting table
F,RBOB regular (87 octane),3.5,19,note,,,,,,,are considered referee methods by Bengal Pipeline. Referee methods apply for any disputes.,Source note / supporting table
F,RBOB regular (87 octane),3.5,19,note,,,,,,,10. Use of these grades is controlled by the RVP calendar.,Source note / supporting table
F,RBOB regular (87 octane),3.5,19,note,,,,,,,[N] 11. Summer RVP MUST be checked using EPA formula as 40 CFR 1090.1355,Source note / supporting table
F,RBOB regular (87 octane),3.5,19,note,,,,,,,FOR BLENDING WITH 10% DENATURED FUEL ETHANOL,Source text; PDF has no detected specification grid
F,RBOB regular (87 octane),3.5,19,note,,,,,,,Cancels Previous Issues of F grades (92% PURITY) AS DEFINED IN ASTM D4806,Source text; PDF has no detected specification grid
F,RBOB regular (87 octane),3.5,19,note,,,,,,,NOTES (Apply to Fungible and Segregated):,Source text; PDF has no detected specification grid
F,RBOB regular (87 octane),3.5,19,note,,,,,,,Heavy Metals are not allowed to be present.,Source text; PDF has no detected specification grid
F,RBOB regular (87 octane),3.5,19,note,,,,,,,Additive requirements/restrictions - refer to section 3.2.,Source text; PDF has no detected specification grid
F,RBOB regular (87 octane),3.5,19,note,,,,,,,"This is a base gasoline, not for sale to the ultimate consumer.",Source text; PDF has no detected specification grid
F,RBOB regular (87 octane),3.5,19,note,,,,,,,Any gasoline exhibiting an offensive odor and/or poses a personal health hazard will not be accepted for shipment.,Source text; PDF has no detected specification grid
F,RBOB regular (87 octane),3.5,19,note,,,,,,,Any gasoline containing more than 0.50 wt. % of dicyclopentadiene will not be accepted for shipment.,Source text; PDF has no detected specification grid
F,RBOB regular (87 octane),3.5,19,note,,,,,,,The referee method will be based on a gas chromatograph test.,Source text; PDF has no detected specification grid
F,RBOB regular (87 octane),3.5,19,note,,,,,,,"1. All F grades may not contain oxygenates, such as ethers and alcohols. The use of non-hydrocarbon blending",Source text; PDF has no detected specification grid
F,RBOB regular (87 octane),3.5,19,note,,,,,,,components in these grades is prohibited.,Source text; PDF has no detected specification grid
F,RBOB regular (87 octane),3.5,19,note,,,,,,,"2. Refer to test methods published in 40 CFR 1090 Subpart N Alternative oxygenates test method ASTM D 4815, may be",Source text; PDF has no detected specification grid
F,RBOB regular (87 octane),3.5,19,note,,,,,,,used according to federal and state regulations.,Source text; PDF has no detected specification grid
F,RBOB regular (87 octane),3.5,19,note,,,,,,,3. For products blended to meet EPA tests must be performed in accordance with the procedures described in 40 CFR,Source text; PDF has no detected specification grid
F,RBOB regular (87 octane),3.5,19,note,,,,,,,1090 Subpart N [N] and Subpart C,Source text; PDF has no detected specification grid
F,RBOB regular (87 octane),3.5,19,note,,,,,,,4. Mercaptan Sulfur waived if fuel is negative by Doctor test.,Source text; PDF has no detected specification grid
F,RBOB regular (87 octane),3.5,19,note,,,,,,,5. Computer and Linear methods may be used to determine V/L value.,Source text; PDF has no detected specification grid
F,RBOB regular (87 octane),3.5,19,note,,,,,,,6. Specifications must be met before blending of denatured fuel ethanol.,Source text; PDF has no detected specification grid
F,RBOB regular (87 octane),3.5,19,note,,,,,,,7. Oxygen content must meet a minimum of 1.7 wt.% and a maximum of 4.0 wt.% after blending of denatured fuel,Source text; PDF has no detected specification grid
F,RBOB regular (87 octane),3.5,19,note,,,,,,,ethanol.,Source text; PDF has no detected specification grid
F,RBOB regular (87 octane),3.5,19,note,,,,,,,"8. Refer to 40 CFR 1090 Subpart N. Alternative sulfur test methods, ASTM D 5453 and D 7039, may be used according to",Source text; PDF has no detected specification grid
F,RBOB regular (87 octane),3.5,19,note,,,,,,,fe deragl a nd s tate rpeg ulat ions.,Source text; PDF has no detected specification grid
F,RBOB regular (87 octane),3.5,19,note,,,,,,,are considered referee methods by Bengal Pipeline. Referee methods apply for any disputes.,Source text; PDF has no detected specification grid
F,RBOB regular (87 octane),3.5,19,note,,,,,,,10. Use of these grades is controlled by the RVP calendar.,Source text; PDF has no detected specification grid
F,RBOB regular (87 octane),3.5,19,note,,,,,,,[N] 11. Summer RVP MUST be checked using EPA formula as 40 CFR 1090.1355,Source text; PDF has no detected specification grid
H,RBOB premium (93 octane),3.6,20,context,,,,,,,PRODUCT SPECIFICATIONS 3.6.1 REFORMULATED PREMIUM GASOLINE BLENDSTOCK (RBOB),Source heading
H,RBOB premium (93 octane),3.6,20,specification,Fungible only,Octane RON,D2699,Report,,,Octane | RON | D2699 | Report |  |  | ,Table extracted; verify merged cells and revision markings
H,RBOB premium (93 octane),3.6,20,specification,Fungible only,MON,D2700,Report,,, | MON | D2700 | Report |  |  | ,Table extracted; verify merged cells and revision markings
H,RBOB premium (93 octane),3.6,20,specification,Fungible only,(R+M)/2,93.0,,,, | (R+M)/2 |  | 93.0 |  |  | ,Table extracted; verify merged cells and revision markings
H,RBOB premium (93 octane),3.6,20,specification,Fungible only,Benzene (vol%),D3606,,1.30,[N] 3,Benzene (vol%) |  | D3606 |  | 1.30 | [N] 3 | ,Table extracted; verify merged cells and revision markings
H,RBOB premium (93 octane),3.6,20,specification,Fungible only,"Oxygen Content, weight %",D5599 [C] (See Note),,[N] 0.1,"1,2, 6, 7","Oxygen Content, weight % |  | D5599 [C] (See Note) |  | [N] 0.1 | 1,2, 6, 7 | ",Table extracted; verify merged cells and revision markings
H,RBOB premium (93 octane),3.6,20,specification,Fungible only,Sulfur (ppmwt),D2622,,80,"8, 6","Sulfur (ppmwt) |  | D2622 |  | 80 | 8, 6 | ",Table extracted; verify merged cells and revision markings
H,RBOB premium (93 octane),3.6,20,specification,Fungible only,RVP (psi),D5191,,,"3, [N] 11","RVP (psi) |  | D5191 |  |  | 3, [N] 11 | ",Table extracted; verify merged cells and revision markings
H,RBOB premium (93 octane),3.6,20,specification,Fungible only,Grades,,,,,Grades |  |  |  |  |  | ,Table extracted; verify merged cells and revision markings
H,RBOB premium (93 octane),3.6,20,specification,Fungible only,"H1,1H",,7.4,,,"H1,1H |  |  |  | 7.4 |  | ",Table extracted; verify merged cells and revision markings
H,RBOB premium (93 octane),3.6,20,specification,Fungible only,"H3,3H",,11.5,,,"H3,3H |  |  |  | 11.5 |  | ",Table extracted; verify merged cells and revision markings
H,RBOB premium (93 octane),3.6,20,specification,Fungible only,"H4,4H",,13.5,,,"H4,4H |  |  |  | 13.5 |  | ",Table extracted; verify merged cells and revision markings
H,RBOB premium (93 octane),3.6,20,specification,Fungible only,"H5,5H",,15.0,,,"H5,5H |  |  |  | 15.0 |  | ",Table extracted; verify merged cells and revision markings
H,RBOB premium (93 octane),3.6,20,specification,Grade volatility chart,Grade H1,D4814 / D86 / D5188,,,,H1 | 1250 | 70(158) | 66(150) | 121(250) | 190(374) | 221(430) | 50(122),Chart column alignment must be checked against PDF
H,RBOB premium (93 octane),3.6,20,specification,Grade volatility chart,Grade H3,D4814 / D86 / D5188,,,,H3 | 1230 | 60(140) | 66(150) | 116(240) | 185(365) | 221(430) | 47(116),Chart column alignment must be checked against PDF
H,RBOB premium (93 octane),3.6,20,specification,Grade volatility chart,Grade H4,D4814 / D86 / D5188,,,,H4 | 1220 | 55(131) | 66(150) | 113(235) | 185(365) | 221(430) | 42(107),Chart column alignment must be checked against PDF
H,RBOB premium (93 octane),3.6,20,specification,Grade volatility chart,Grade H5,D4814 / D86 / D5188,,,,H5 | 1200 | 50(122) | 66(150) | 110(230) | 185(365) | 221(430) | 39(102),Chart column alignment must be checked against PDF
H,RBOB premium (93 octane),3.6,21,context,,,,,,,PRODUCT SPECIFICATIONS 3.6.2 REFORMULATED PREMIUM GASOLINE BLENDSTOCK (RBOB),Source heading
H,RBOB premium (93 octane),3.6,21,note,,,,,,,Heavy Metals are not allowed to be present.,Source note / supporting table
H,RBOB premium (93 octane),3.6,21,note,,,,,,,Additive requirements/restrictions - refer to section 3.2.,Source note / supporting table
H,RBOB premium (93 octane),3.6,21,note,,,,,,,"This is a base gasoline, not for sale to the ultimate consumer.",Source note / supporting table
H,RBOB premium (93 octane),3.6,21,note,,,,,,,Any gasoline exhibiting an offensive odor and/or poses a personal health hazard will not be accepted for shipment.,Source note / supporting table
H,RBOB premium (93 octane),3.6,21,note,,,,,,,Any gasoline containing more than 0.50 wt. % of dicyclopentadiene will not be accepted for shipment.,Source note / supporting table
H,RBOB premium (93 octane),3.6,21,note,,,,,,,The referee method will be based on a gas chromatograph test.,Source note / supporting table
H,RBOB premium (93 octane),3.6,21,note,,,,,,,"1. All H grades may not contain oxygenates, such as ethers and alcohols. The use of non-hydrocarbon blending components in these grades is prohibited.",Source note / supporting table
H,RBOB premium (93 octane),3.6,21,note,,,,,,,"2. Refer to test methods published in 40 CFR 1090 Subpart N Alternative oxygenates test method, ASTM D4815, may be used according to federal and state regulations.",Source note / supporting table
H,RBOB premium (93 octane),3.6,21,note,,,,,,,3. For products blended to meet EPA tests must be performed in accordance with the procedures described in 40 CFR 1090 Subpart N [N] and Subpart C,Source note / supporting table
H,RBOB premium (93 octane),3.6,21,note,,,,,,,4. Mercaptan Sulfur waived if fuel is negative by Doctor test.,Source note / supporting table
H,RBOB premium (93 octane),3.6,21,note,,,,,,,5. Computer and Linear methods may be used to determine V/L value.,Source note / supporting table
H,RBOB premium (93 octane),3.6,21,note,,,,,,,6. Specifications must be met before blending of denatured fuel ethanol.,Source note / supporting table
H,RBOB premium (93 octane),3.6,21,note,,,,,,,7. Oxygen content must meet a minimum of 1.7 wt.% and a maximum of 4.0 wt.% after blending of denatured fuel ethanol.,Source note / supporting table
H,RBOB premium (93 octane),3.6,21,note,,,,,,,"8. Refer to 40 CFR 1090 Subpart N. Alternative sulfur test methods, ASTM D 5453 and D 7039, may be used according to federal and state regulations.",Source note / supporting table
H,RBOB premium (93 octane),3.6,21,note,,,,,,,9. Bengal will accept test methods results that are listed in ASTM D4814 for all tests. Test methods listed in the table above are considered referee methods by Bengal Pipeline. Referee methods apply for any disputes.,Source note / supporting table
H,RBOB premium (93 octane),3.6,21,note,,,,,,,10 Use of these grades is controlled by the RVP calendar.,Source note / supporting table
H,RBOB premium (93 octane),3.6,21,note,,,,,,,[N] 11. Summer RVP MUST be checked using EPA formula as 40 CFR 1090.1355,Source note / supporting table
H,RBOB premium (93 octane),3.6,21,note,,,,,,,FOR BLENDING WITH 10% DENATURED FUEL ETHANOL,Source text; PDF has no detected specification grid
H,RBOB premium (93 octane),3.6,21,note,,,,,,,(92% PURITY) AS DEFINED IN ASTM D4806,Source text; PDF has no detected specification grid
H,RBOB premium (93 octane),3.6,21,note,,,,,,,Cancels Previous Issues of H grades,Source text; PDF has no detected specification grid
H,RBOB premium (93 octane),3.6,21,note,,,,,,,NOTES (Apply to Fungible and Segregated):,Source text; PDF has no detected specification grid
H,RBOB premium (93 octane),3.6,21,note,,,,,,,Heavy Metals are not allowed to be present.,Source text; PDF has no detected specification grid
H,RBOB premium (93 octane),3.6,21,note,,,,,,,Additive requirements/restrictions - refer to section 3.2.,Source text; PDF has no detected specification grid
H,RBOB premium (93 octane),3.6,21,note,,,,,,,"This is a base gasoline, not for sale to the ultimate consumer.",Source text; PDF has no detected specification grid
H,RBOB premium (93 octane),3.6,21,note,,,,,,,Any gasoline exhibiting an offensive odor and/or poses a personal health hazard will not be accepted for,Source text; PDF has no detected specification grid
H,RBOB premium (93 octane),3.6,21,note,,,,,,,shipment.,Source text; PDF has no detected specification grid
H,RBOB premium (93 octane),3.6,21,note,,,,,,,Any gasoline containing more than 0.50 wt. % of dicyclopentadiene will not be accepted for shipment.,Source text; PDF has no detected specification grid
H,RBOB premium (93 octane),3.6,21,note,,,,,,,The referee method will be based on a gas chromatograph test.,Source text; PDF has no detected specification grid
H,RBOB premium (93 octane),3.6,21,note,,,,,,,"1. All H grades may not contain oxygenates, such as ethers and alcohols. The use of non-hydrocarbon blending",Source text; PDF has no detected specification grid
H,RBOB premium (93 octane),3.6,21,note,,,,,,,components in these grades is prohibited.,Source text; PDF has no detected specification grid
H,RBOB premium (93 octane),3.6,21,note,,,,,,,"2. Refer to test methods published in 40 CFR 1090 Subpart N Alternative oxygenates test method, ASTM",Source text; PDF has no detected specification grid
H,RBOB premium (93 octane),3.6,21,note,,,,,,,"D4815, may be used according to federal and state regulations.",Source text; PDF has no detected specification grid
H,RBOB premium (93 octane),3.6,21,note,,,,,,,3. For products blended to meet EPA tests must be performed in accordance with the procedures described in,Source text; PDF has no detected specification grid
H,RBOB premium (93 octane),3.6,21,note,,,,,,,40 CFR 1090 Subpart N [N] and Subpart C,Source text; PDF has no detected specification grid
H,RBOB premium (93 octane),3.6,21,note,,,,,,,4. Mercaptan Sulfur waived if fuel is negative by Doctor test.,Source text; PDF has no detected specification grid
H,RBOB premium (93 octane),3.6,21,note,,,,,,,5. Computer and Linear methods may be used to determine V/L value.,Source text; PDF has no detected specification grid
H,RBOB premium (93 octane),3.6,21,note,,,,,,,6. Specifications must be met before blending of denatured fuel ethanol.,Source text; PDF has no detected specification grid
H,RBOB premium (93 octane),3.6,21,note,,,,,,,7. Oxygen content must meet a minimum of 1.7 wt.% and a maximum of 4.0 wt.% after blending of denatured,Source text; PDF has no detected specification grid
H,RBOB premium (93 octane),3.6,21,note,,,,,,,fuel ethanol.,Source text; PDF has no detected specification grid
H,RBOB premium (93 octane),3.6,21,note,,,,,,,"8. Refer to 40 CFR 1090 Subpart N. Alternative sulfur test methods, ASTM D 5453 and D 7039, may be used",Source text; PDF has no detected specification grid
H,RBOB premium (93 octane),3.6,21,note,,,,,,,according to federal and state regulations.,Source text; PDF has no detected specification grid
H,RBOB premium (93 octane),3.6,21,note,,,,,,,9. Bengal will accept test methods results that are listed in ASTM D4814 for all tests. Test methods listed in the,Source text; PDF has no detected specification grid
H,RBOB premium (93 octane),3.6,21,note,,,,,,,table above are considered referee methods by Bengal Pipeline. Referee methods apply for any disputes.,Source text; PDF has no detected specification grid
H,RBOB premium (93 octane),3.6,21,note,,,,,,,10 Use of these grades is controlled by the RVP calendar.,Source text; PDF has no detected specification grid
H,RBOB premium (93 octane),3.6,21,note,,,,,,,[N] 11. Summer RVP MUST be checked using EPA formula as 40 CFR 1090.1355,Source text; PDF has no detected specification grid
L,Gasoline blendstocks,3.7,22,context,,,,,,,PRODUCT SPECIFICATIONS,Source heading
L,Gasoline blendstocks,3.7,22,specification,All / see section,Gravity oAPI at 60oF,D4052,48,[W] 80 90,,Gravity oAPI at 60oF | D4052 | 48 | [W] 80 90 | ,Table extracted; verify merged cells and revision markings
L,Gasoline blendstocks,3.7,22,specification,All / see section,Benzene (vol%),D3606,,3.8,,Benzene (vol%) | D3606 |  | 3.8 | ,Table extracted; verify merged cells and revision markings
L,Gasoline blendstocks,3.7,22,specification,All / see section,Nace Corrosion,TM0172,B+ (origin),,,Nace Corrosion | TM0172 | B+ (origin) |  | ,Table extracted; verify merged cells and revision markings
L,Gasoline blendstocks,3.7,22,specification,All / see section,"Sulfur, (ppmwt)",D2622,,Report,,"Sulfur, (ppmwt) | D2622 |  | Report | ",Table extracted; verify merged cells and revision markings
L,Gasoline blendstocks,3.7,22,specification,All / see section,RVP (psi),D5191,[W] 4.0 2.0,,,RVP (psi) | D5191 | [W] 4.0 2.0 |  | ,Table extracted; verify merged cells and revision markings
L,Gasoline blendstocks,3.7,22,note,,,,,,,1L — This product code is intended for the shipment of low octane (<83 R+M/2) gasoline blendstocks. Nomination and shipment of a buffer batch is required with the batch. All interfaces will be cut into the 1L product in order to protect other batches. The nomination volumes of the buffer batch and 1L product will be adjusted to reflect actual barrels delivered.,Source note / supporting table
L,Gasoline blendstocks,3.7,22,note,,,,,,,2L — This product code is intended for the shipment of >83 and <87 R+M/2 gasoline blendstocks. This product does not require a buffer batch and will be handled with normal procedures.,Source note / supporting table
L,Gasoline blendstocks,3.7,22,note,,,,,,,3L — This product code is intended for the shipment of >87 and <93 R+M/2 gasoline blendstocks. This product does not require a buffer batch and will be handled with normal procedures.,Source note / supporting table
L,Gasoline blendstocks,3.7,22,note,,,,,,,4L — This product code is intended for the shipment of >93 R+M/2 gasoline blendstocks. This product does not require a buffer batch and will be handled with normal procedures.,Source note / supporting table
L,Gasoline blendstocks,3.7,22,note,,,,,,,Bengal will accept test methods results that are listed in ASTM D4814 for all tests. Test methods listed in the table above are considered referee methods by Bengal Pipeline. Referee methods apply for any disputes,Source note / supporting table
L,Gasoline blendstocks,3.7,22,note,,,,,,,Delivery test results may vary by the smaller of ASTM reproducibility for a given test or any test tolerance as allowed by state or EPA regulations at the point of delivery.,Source note / supporting table
L,Gasoline blendstocks,3.7,22,note,,,,,,,Additive requirements/restrictions - refer to section 3.2.,Source note / supporting table
L,Gasoline blendstocks,3.7,22,note,,,,,,,Use of these grades is controlled by the RVP calendar.,Source note / supporting table
M,Conventional gasoline (87 octane),3.8,23,context,,,,,,,PRODUCT SPECIFICATIONS 3.8.1 SPECIFICATIONS FOR 87 OCTANE INDEX CONVENTIONAL GASOLINE,Source heading
M,Conventional gasoline (87 octane),3.8,23,specification,All / see section,Octane RON,D2699,Report,,,Octane | RON | D2699 | Report |  | ,Table extracted; verify merged cells and revision markings
M,Conventional gasoline (87 octane),3.8,23,specification,All / see section,MON,D2700,82.0,,, | MON | D2700 | 82.0 |  | ,Table extracted; verify merged cells and revision markings
M,Conventional gasoline (87 octane),3.8,23,specification,All / see section,(R+M)/2,,87.0,,, | (R+M)/2 |  | 87.0 |  | ,Table extracted; verify merged cells and revision markings
M,Conventional gasoline (87 octane),3.8,23,specification,All / see section,"Oxygen Content, weight %",D5599,,0.1,1,"Oxygen Content, weight % |  | D5599 |  | 0.1 | 1",Table extracted; verify merged cells and revision markings
M,Conventional gasoline (87 octane),3.8,23,specification,All / see section,RVP (psi),D5191,,,"2, [N] 8","RVP (psi) |  | D5191 |  |  | 2, [N] 8",Table extracted; verify merged cells and revision markings
M,Conventional gasoline (87 octane),3.8,23,specification,All / see section,Grades,,,Without Ethanol,With Ethanol,Grades |  |  |  | Without Ethanol | With Ethanol,Table extracted; verify merged cells and revision markings
M,Conventional gasoline (87 octane),3.8,23,specification,All / see section,"M2,2M",,,9.0,X,"M2,2M |  |  |  | 9.0 | X",Table extracted; verify merged cells and revision markings
M,Conventional gasoline (87 octane),3.8,23,specification,All / see section,"M3,3M",,,11.5,X,"M3,3M |  |  |  | 11.5 | X",Table extracted; verify merged cells and revision markings
M,Conventional gasoline (87 octane),3.8,23,specification,All / see section,"M4,4M",,,13.5,X,"M4,4M |  |  |  | 13.5 | X",Table extracted; verify merged cells and revision markings
M,Conventional gasoline (87 octane),3.8,23,specification,All / see section,"M5,5M",,,15.0,X,"M5,5M |  |  |  | 15.0 | X",Table extracted; verify merged cells and revision markings
M,Conventional gasoline (87 octane),3.8,23,note,,,,,,,Suitable for the special RVP provisions for ethanol blends that contain 9 and 10 vol % ethanol.,Source note / supporting table
M,Conventional gasoline (87 octane),3.8,23,note,,,,,,,The use of this gasoline to manufacture a gasoline-ethanol blend containing anything other than between 9 and 10 volume percent ethanol may cause a summertime RVP violation.,Source note / supporting table
M,Conventional gasoline (87 octane),3.8,23,note,,,,,,,Heavy Metals are not allowed to be present.,Source note / supporting table
M,Conventional gasoline (87 octane),3.8,23,note,,,,,,,Additive requirements/restrictions - refer to section 3.2.,Source note / supporting table
M,Conventional gasoline (87 octane),3.8,23,note,,,,,,,"This is a base gasoline, not for sale to the ultimate consumer.",Source note / supporting table
M,Conventional gasoline (87 octane),3.8,23,note,,,,,,,Any gasoline exhibiting an offensive odor and/or poses a personal health hazard will not be accepted for shipment.,Source note / supporting table
M,Conventional gasoline (87 octane),3.8,23,note,,,,,,,Any gasoline containing more than 0.50 wt. % of dicyclopentadiene will not be accepted for shipment.,Source note / supporting table
M,Conventional gasoline (87 octane),3.8,23,note,,,,,,,The referee method will be based on a gas chromatograph test.,Source note / supporting table
M,Conventional gasoline (87 octane),3.8,23,note,,,,,,,Delivery test results may vary by the smaller of ASTM reproducibility for a given test or any test tolerance as allowed by state or EPA regulations at the point of delivery.,Source note / supporting table
M,Conventional gasoline (87 octane),3.8,24,context,,,,,,,PRODUCT SPECIFICATIONS 3.8.2 SPECIFICATIONS FOR 87 OCTANE INDEX CONVENTIONAL GASOLINE,Source heading
M,Conventional gasoline (87 octane),3.8,24,specification,Fungible only,"Benzene, vol.%",D3606,,3.8,[N]2,"Benzene, vol.% | D3606 |  | 3.8 | [N]2",Table extracted; verify merged cells and revision markings
M,Conventional gasoline (87 octane),3.8,24,specification,Fungible only,Color,,,Undyed,,Color |  |  | Undyed | ,Table extracted; verify merged cells and revision markings
M,Conventional gasoline (87 octane),3.8,24,specification,Fungible only,Corrosion (Cu) 3 hrs @122oF (50oC),D130,,1,,Corrosion (Cu) 3 hrs @122oF (50oC) | D130 |  | 1 | ,Table extracted; verify merged cells and revision markings
M,Conventional gasoline (87 octane),3.8,24,specification,Fungible only,Corrosion (Ag) 3 hrs @122oF (50oC),D7671,,1,,Corrosion (Ag) 3 hrs @122oF (50oC) | D7671 |  | 1 | ,Table extracted; verify merged cells and revision markings
M,Conventional gasoline (87 octane),3.8,24,specification,Fungible only,Doctor test,D4952,Negative (sweet),,4,Doctor test | D4952 | Negative (sweet) |  | 4,Table extracted; verify merged cells and revision markings
M,Conventional gasoline (87 octane),3.8,24,specification,Fungible only,"Mercaptan sulfur, wt.%",D3227,,0.002,,"Mercaptan sulfur, wt.% | D3227 |  | 0.002 | ",Table extracted; verify merged cells and revision markings
M,Conventional gasoline (87 octane),3.8,24,specification,Fungible only,Solvent Washed Gum mg/100 ml,D381,,4,,Solvent Washed Gum mg/100 ml | D381 |  | 4 | ,Table extracted; verify merged cells and revision markings
M,Conventional gasoline (87 octane),3.8,24,specification,Fungible only,Gravity oAPI at 60oF,D4052,Report,,,Gravity oAPI at 60oF | D4052 | Report |  | ,Table extracted; verify merged cells and revision markings
M,Conventional gasoline (87 octane),3.8,24,specification,Fungible only,Oxidation stability-minutes,D525,240,,,Oxidation stability-minutes | D525 | 240 |  | ,Table extracted; verify merged cells and revision markings
M,Conventional gasoline (87 octane),3.8,24,specification,Fungible only,"Phosphorous, gms/gal",D3231,,0.004,,"Phosphorous, gms/gal | D3231 |  | 0.004 | ",Table extracted; verify merged cells and revision markings
M,Conventional gasoline (87 octane),3.8,24,specification,Fungible only,Sulfur (ppmwt),D2622,,80,5,Sulfur (ppmwt) | D2622 |  | 80 | 5,Table extracted; verify merged cells and revision markings
M,Conventional gasoline (87 octane),3.8,24,specification,Fungible only,,[C] or equivalent,,,, | [C] or equivalent |  |  | ,Table extracted; verify merged cells and revision markings
M,Conventional gasoline (87 octane),3.8,24,specification,Fungible only,Nace Corrosion,TM0172,B+ (Origin),,,Nace Corrosion | TM0172 | B+ (Origin) |  | ,Table extracted; verify merged cells and revision markings
M,Conventional gasoline (87 octane),3.8,24,specification,Grade volatility chart,Grade M2,D4814 / D86 / D5188,,,,M2 | 1250 | 70(158) | 77(170) | 121(250) | 190(374) | 221(430) | 56(133),Chart column alignment must be checked against PDF
M,Conventional gasoline (87 octane),3.8,24,specification,Grade volatility chart,Grade M3,D4814 / D86 / D5188,,,,M3 | 1230 | 60(140) | 77(170) | 116(240) | 185(365) | 221(430) | 51(124),Chart column alignment must be checked against PDF
M,Conventional gasoline (87 octane),3.8,24,specification,Grade volatility chart,Grade M4,D4814 / D86 / D5188,,,,M4 | 1220 | 55(131) | 77(170) | 113(235) | 185(365) | 221(430) | 47(116),Chart column alignment must be checked against PDF
M,Conventional gasoline (87 octane),3.8,24,specification,Grade volatility chart,Grade M5,D4814 / D86 / D5188,,,,M5 | 1200 | 50(122) | 77(170) | 110(230) | 185(365) | 221(430) | 41(105),Chart column alignment must be checked against PDF
M,Conventional gasoline (87 octane),3.8,24,note,,,,,,,1. Non-oxygenated is defined as having no more than 0.1 wt.% oxygen. The use of oxygenated and/or non-hydrocarbon blending components in these grades is prohibited.,Source note / supporting table
M,Conventional gasoline (87 octane),3.8,24,note,,,,,,,"2. For products blended to meet EPA tests must be performed in accordance with the procedures described in 40 CFR, 1090 Subpart N [N] and Subpart C.",Source note / supporting table
M,Conventional gasoline (87 octane),3.8,24,note,,,,,,,3. Mercaptan Sulfur waived if fuel is negative by Doctor test.,Source note / supporting table
M,Conventional gasoline (87 octane),3.8,24,note,,,,,,,4. Computer and Linear methods may be used to determine V/L value.,Source note / supporting table
M,Conventional gasoline (87 octane),3.8,24,note,,,,,,,"5. Refer to 40 CFR 1090 Subpart N. Alternative sulfur test methods, ASTM D 5453 and D 7039, may be used according to federal and state regulations.",Source note / supporting table
M,Conventional gasoline (87 octane),3.8,24,note,,,,,,,6. Bengal will accept test methods results that are listed in ASTM D4814 for all tests. Test methods listed in the table above are considered referee methods by Bengal Pipeline. Referee methods apply for any disputes.,Source note / supporting table
M,Conventional gasoline (87 octane),3.8,24,note,,,,,,,7. Use of these grades is controlled by the RVP calendar.,Source note / supporting table
M,Conventional gasoline (87 octane),3.8,24,note,,,,,,,[N] 8. Summer RVP MUST be checked using EPA formula as 40 CFR 1090.1355,Source note / supporting table
M,Conventional gasoline (87 octane),3.8,24,note,,,,,,,1. Non-oxygenated is defined as having no more than 0.1 wt.% oxygen. The use of oxygenated and/or non-hydrocarbon,Extracted narrative; verify continuation
M,Conventional gasoline (87 octane),3.8,24,note,,,,,,,"2. For products blended to meet EPA tests must be performed in accordance with the procedures described in 40 CFR,",Extracted narrative; verify continuation
M,Conventional gasoline (87 octane),3.8,24,note,,,,,,,3. Mercaptan Sulfur waived if fuel is negative by Doctor test.,Extracted narrative; verify continuation
M,Conventional gasoline (87 octane),3.8,24,note,,,,,,,4. Computer and Linear methods may be used to determine V/L value.,Extracted narrative; verify continuation
M,Conventional gasoline (87 octane),3.8,24,note,,,,,,,"5. Refer to 40 CFR 1090 Subpart N. Alternative sulfur test methods, ASTM D 5453 and D 7039, may be used according to",Extracted narrative; verify continuation
M,Conventional gasoline (87 octane),3.8,24,note,,,,,,,6. Bengal will accept test methods results that are listed in ASTM D4814 for all tests. Test methods listed in the table,Extracted narrative; verify continuation
M,Conventional gasoline (87 octane),3.8,24,note,,,,,,,7. Use of these grades is controlled by the RVP calendar.,Extracted narrative; verify continuation
M,Conventional gasoline (87 octane),3.8,24,note,,,,,,,[N] 8. Summer RVP MUST be checked using EPA formula as 40 CFR 1090.1355,Extracted narrative; verify continuation
V,Conventional gasoline (93 octane),3.9,25,context,,,,,,,PRODUCT SPECIFICATIONS 3.9.1 SPECIFICATIONS FOR 93 OCTANE INDEX CONVENTIONAL GASOLINE,Source heading
V,Conventional gasoline (93 octane),3.9,25,specification,All / see section,Octane RON,D2699,Report,,,Octane | RON | D2699 | Report |  |  | ,Table extracted; verify merged cells and revision markings
V,Conventional gasoline (93 octane),3.9,25,specification,All / see section,MON,D2700,Report,,, | MON | D2700 | Report |  |  | ,Table extracted; verify merged cells and revision markings
V,Conventional gasoline (93 octane),3.9,25,specification,All / see section,(R+M)/2,93.0,,,, | (R+M)/2 |  | 93.0 |  |  | ,Table extracted; verify merged cells and revision markings
V,Conventional gasoline (93 octane),3.9,25,specification,All / see section,"Oxygen Content, weight %",D5599,,0.1,1,"Oxygen Content, weight % |  | D5599 |  | 0.1 | 1 | ",Table extracted; verify merged cells and revision markings
V,Conventional gasoline (93 octane),3.9,25,specification,All / see section,RVP (psi),D5191,,,"2, [N] 8","RVP (psi) |  | D5191 |  |  | 2, [N] 8 | ",Table extracted; verify merged cells and revision markings
V,Conventional gasoline (93 octane),3.9,25,specification,All / see section,Grades,,Without Ethanol,With Ethanol,,Grades |  |  |  | Without Ethanol | With Ethanol | ,Table extracted; verify merged cells and revision markings
V,Conventional gasoline (93 octane),3.9,25,specification,All / see section,"V2,2V",,9.0,X,,"V2,2V |  |  |  | 9.0 | X | ",Table extracted; verify merged cells and revision markings
V,Conventional gasoline (93 octane),3.9,25,specification,All / see section,"V3,3V",,11.5,X,,"V3,3V |  |  |  | 11.5 | X | ",Table extracted; verify merged cells and revision markings
V,Conventional gasoline (93 octane),3.9,25,specification,All / see section,"V4,4V",,13.5,X,,"V4,4V |  |  |  | 13.5 | X | ",Table extracted; verify merged cells and revision markings
V,Conventional gasoline (93 octane),3.9,25,specification,All / see section,"V5,5V",,15.0,X,,"V5,5V |  |  |  | 15.0 | X | ",Table extracted; verify merged cells and revision markings
V,Conventional gasoline (93 octane),3.9,25,note,,,,,,,Suitable for the special RVP provisions for ethanol blends that contain 9 and 10 vol % ethanol.,Source note / supporting table
V,Conventional gasoline (93 octane),3.9,25,note,,,,,,,The use of this gasoline to manufacture a gasoline-ethanol blend containing anything other than between 9 and 10 volume percent ethanol may cause a summertime RVP violation.,Source note / supporting table
V,Conventional gasoline (93 octane),3.9,25,note,,,,,,,Heavy Metals are not allowed to be present.,Source note / supporting table
V,Conventional gasoline (93 octane),3.9,25,note,,,,,,,Additive requirements/restrictions - refer to section 3.2.,Source note / supporting table
V,Conventional gasoline (93 octane),3.9,25,note,,,,,,,"This is a base gasoline, not for sale to the ultimate consumer.",Source note / supporting table
V,Conventional gasoline (93 octane),3.9,25,note,,,,,,,Any gasoline exhibiting an offensive odor and/or poses a personal health hazard will not be accepted for shipment.,Source note / supporting table
V,Conventional gasoline (93 octane),3.9,25,note,,,,,,,Any gasoline containing more than 0.50 wt. % of dicyclopentadiene will not be accepted for shipment.,Source note / supporting table
V,Conventional gasoline (93 octane),3.9,25,note,,,,,,,The referee method will be based on a gas chromatograph test.,Source note / supporting table
V,Conventional gasoline (93 octane),3.9,25,note,,,,,,,Delivery test results may vary by the smaller of ASTM reproducibility for a given test or any test tolerance as allowed by state or EPA regulations at the point of delivery.,Source note / supporting table
V,Conventional gasoline (93 octane),3.9,26,context,,,,,,,PRODUCT SPECIFICATIONS 3.9.2 SPECIFICATIONS FOR 93 OCTANE INDEX CONVENTIONAL GASOLINE,Source heading
V,Conventional gasoline (93 octane),3.9,26,specification,Fungible only,"Benzene, vol.%",D3606,,3.8,[N]2,"Benzene, vol.% | D3606 |  | 3.8 | [N]2",Table extracted; verify merged cells and revision markings
V,Conventional gasoline (93 octane),3.9,26,specification,Fungible only,Color,,,Undyed,,Color |  |  | Undyed | ,Table extracted; verify merged cells and revision markings
V,Conventional gasoline (93 octane),3.9,26,specification,Fungible only,Corrosion (Cu) 3 hrs @122oF (50oC),D130,,1,,Corrosion (Cu) 3 hrs @122oF (50oC) | D130 |  | 1 | ,Table extracted; verify merged cells and revision markings
V,Conventional gasoline (93 octane),3.9,26,specification,Fungible only,Corrosion (Ag) 3 hrs @122oF (50oC),D7671,,1,,Corrosion (Ag) 3 hrs @122oF (50oC) | D7671 |  | 1 | ,Table extracted; verify merged cells and revision markings
V,Conventional gasoline (93 octane),3.9,26,specification,Fungible only,Doctor test,D4952,Negative (sweet),,3,Doctor test | D4952 | Negative (sweet) |  | 3,Table extracted; verify merged cells and revision markings
V,Conventional gasoline (93 octane),3.9,26,specification,Fungible only,"Mercaptan sulfur, wt.%",D3227,,0.002,,"Mercaptan sulfur, wt.% | D3227 |  | 0.002 | ",Table extracted; verify merged cells and revision markings
V,Conventional gasoline (93 octane),3.9,26,specification,Fungible only,Solvent Washed Gum mg/100 ml,D381,,4,,Solvent Washed Gum mg/100 ml | D381 |  | 4 | ,Table extracted; verify merged cells and revision markings
V,Conventional gasoline (93 octane),3.9,26,specification,Fungible only,Gravity oAPI at 60oF,D4052,Report,,,Gravity oAPI at 60oF | D4052 | Report |  | ,Table extracted; verify merged cells and revision markings
V,Conventional gasoline (93 octane),3.9,26,specification,Fungible only,Oxidation stability-minutes,D525,240,,7,Oxidation stability-minutes | D525 | 240 |  | 7,Table extracted; verify merged cells and revision markings
V,Conventional gasoline (93 octane),3.9,26,specification,Fungible only,"Phosphorous, gms/gal",D3231,,0.004,,"Phosphorous, gms/gal | D3231 |  | 0.004 | ",Table extracted; verify merged cells and revision markings
V,Conventional gasoline (93 octane),3.9,26,specification,Fungible only,Sulfur (ppmwt),D2622,,80,5,Sulfur (ppmwt) | D2622 |  | 80 | 5,Table extracted; verify merged cells and revision markings
V,Conventional gasoline (93 octane),3.9,26,specification,Fungible only,,[C]or equivalent,,,, | [C]or equivalent |  |  | ,Table extracted; verify merged cells and revision markings
V,Conventional gasoline (93 octane),3.9,26,specification,Fungible only,Nace Corrosion,TM0172,B+ (Origin),,,Nace Corrosion | TM0172 | B+ (Origin) |  | ,Table extracted; verify merged cells and revision markings
V,Conventional gasoline (93 octane),3.9,26,specification,Fungible only,Volatility:,,,,,Volatility: |  |  |  | ,Table extracted; verify merged cells and revision markings
V,Conventional gasoline (93 octane),3.9,26,specification,Fungible only,Driveability Index,D4814,,See Chart,,Driveability Index | D4814 |  | See Chart | ,Table extracted; verify merged cells and revision markings
V,Conventional gasoline (93 octane),3.9,26,specification,Fungible only,"Distillation, oC (oF) @ %Evap.",D86,,See Chart,,"Distillation, oC (oF) @ %Evap. | D86 |  | See Chart | ",Table extracted; verify merged cells and revision markings
V,Conventional gasoline (93 octane),3.9,26,specification,Fungible only,"Vapor/Liquid Ratio (V/L), oC (oF) @ 20",D5188,,See Chart,4,"Vapor/Liquid Ratio (V/L), oC (oF) @ 20 | D5188 |  | See Chart | 4",Table extracted; verify merged cells and revision markings
V,Conventional gasoline (93 octane),3.9,26,specification,Grade volatility chart,Grade V2,D4814 / D86 / D5188,,,,V2 | 1250 | 70(158) | 77(170) | 121(250) | 190(374) | 221(430) | 56(133),Chart column alignment must be checked against PDF
V,Conventional gasoline (93 octane),3.9,26,specification,Grade volatility chart,Grade V3,D4814 / D86 / D5188,,,,V3 | 1230 | 60(140) | 77(170) | 116(240) | 185(365) | 221(430) | 51(124),Chart column alignment must be checked against PDF
V,Conventional gasoline (93 octane),3.9,26,specification,Grade volatility chart,Grade V4,D4814 / D86 / D5188,,,,V4 | 1220 | 55(131) | 77(170) | 113(235) | 185(365) | 221(430) | 47(116),Chart column alignment must be checked against PDF
V,Conventional gasoline (93 octane),3.9,26,specification,Grade volatility chart,Grade V5,D4814 / D86 / D5188,,,,V5 | 1200 | 50(122) | 77(170) | 110(230) | 185(365) | 221(430) | 41(105),Chart column alignment must be checked against PDF
V,Conventional gasoline (93 octane),3.9,26,note,,,,,,,1. Non-oxygenated is defined as having no more than 0.1 wt.% oxygen. The use of oxygenated and/or non-hydrocarbon blending components in these grades is prohibited.,Source note / supporting table
V,Conventional gasoline (93 octane),3.9,26,note,,,,,,,"2. For products blended to meet EPA tests must be performed in accordance with the procedures described in 40 CFR, 1090 Subpart N [N] and Subpart C.",Source note / supporting table
V,Conventional gasoline (93 octane),3.9,26,note,,,,,,,3. Mercaptan Sulfur waived if fuel is negative by Doctor test.,Source note / supporting table
V,Conventional gasoline (93 octane),3.9,26,note,,,,,,,4. Computer and Linear methods may be used to determine V/L value.,Source note / supporting table
V,Conventional gasoline (93 octane),3.9,26,note,,,,,,,"5. Refer to 40 CFR 1090 Subpart N. Alternative sulfur test methods, ASTM D 5453 and D 7039, may be used according to federal and state regulations.",Source note / supporting table
V,Conventional gasoline (93 octane),3.9,26,note,,,,,,,6. Bengal will accept test methods results that are listed in ASTM D4814 for all tests. Test methods listed in the table above are considered referee methods by Bengal Pipeline. Referee methods apply for any disputes.,Source note / supporting table
V,Conventional gasoline (93 octane),3.9,26,note,,,,,,,7. Use of these grades is controlled by the RVP calendar.,Source note / supporting table
V,Conventional gasoline (93 octane),3.9,26,note,,,,,,,[N] 8. Summer RVP MUST be checked using EPA formula as 40 CFR 1090.1355,Source note / supporting table
V,Conventional gasoline (93 octane),3.9,26,note,,,,,,,1. Non-oxygenated is defined as having no more than 0.1 wt.% oxygen. The use of oxygenated and/or non-hydrocarbon,Extracted narrative; verify continuation
V,Conventional gasoline (93 octane),3.9,26,note,,,,,,,"2. For products blended to meet EPA tests must be performed in accordance with the procedures described in 40 CFR,",Extracted narrative; verify continuation
V,Conventional gasoline (93 octane),3.9,26,note,,,,,,,3. Mercaptan Sulfur waived if fuel is negative by Doctor test.,Extracted narrative; verify continuation
V,Conventional gasoline (93 octane),3.9,26,note,,,,,,,4. Computer and Linear methods may be used to determine V/L value.,Extracted narrative; verify continuation
V,Conventional gasoline (93 octane),3.9,26,note,,,,,,,"5. Refer to 40 CFR 1090 Subpart N. Alternative sulfur test methods, ASTM D 5453 and D 7039, may be used according to",Extracted narrative; verify continuation
V,Conventional gasoline (93 octane),3.9,26,note,,,,,,,6. Bengal will accept test methods results that are listed in ASTM D4814 for all tests. Test methods listed in the table,Extracted narrative; verify continuation
V,Conventional gasoline (93 octane),3.9,26,note,,,,,,,7. Use of these grades is controlled by the RVP calendar.,Extracted narrative; verify continuation
V,Conventional gasoline (93 octane),3.9,26,note,,,,,,,[N] 8. Summer RVP MUST be checked using EPA formula as 40 CFR 1090.1355,Extracted narrative; verify continuation
51,Undyed 15 ppm sulfur #1 ULSD,3.10,27,context,,,,,,,PRODUCT SPECIFICATIONS 3.10.1 SPECIFICATIONS FOR FUNGIBLE UNDYED 15 PPM SULFUR #1 ULSD GRADE 51,Source heading
51,Undyed 15 ppm sulfur #1 ULSD,3.10,27,specification,All / see section,Composition Properties,,,,,Composition Properties |  |  |  |  | ,Table extracted; verify merged cells and revision markings
51,Undyed 15 ppm sulfur #1 ULSD,3.10,27,specification,All / see section,"Sulfur, ppmwt",D5453,,11 (origin),4,"Sulfur, ppmwt |  | D5453 |  | 11 (origin) | 4",Table extracted; verify merged cells and revision markings
51,Undyed 15 ppm sulfur #1 ULSD,3.10,27,specification,All / see section,,D5453,,14 (delivery,, |  | D5453 |  | 14 (delivery | ,Table extracted; verify merged cells and revision markings
51,Undyed 15 ppm sulfur #1 ULSD,3.10,27,specification,All / see section,Doctor Test,D4952,Negative (Sweet),,5,Doctor Test |  | D4952 | Negative (Sweet) |  | 5,Table extracted; verify merged cells and revision markings
51,Undyed 15 ppm sulfur #1 ULSD,3.10,27,specification,All / see section,"Mercaptan Sulfur, wt.%",D3227,,0.003,,"Mercaptan Sulfur, wt.% |  | D3227 |  | 0.003 | ",Table extracted; verify merged cells and revision markings
51,Undyed 15 ppm sulfur #1 ULSD,3.10,27,specification,All / see section,"Aromatics, vol.%",D1319,,25,,"Aromatics, vol.% |  | D1319 |  | 25 | ",Table extracted; verify merged cells and revision markings
51,Undyed 15 ppm sulfur #1 ULSD,3.10,27,specification,All / see section,,D6379,,26.5,, |  | D6379 |  | 26.5 | ,Table extracted; verify merged cells and revision markings
51,Undyed 15 ppm sulfur #1 ULSD,3.10,27,specification,All / see section,"Acidity total max, mg KOH/g",D3242,,0.1,,"Acidity total max, mg KOH/g |  | D3242 |  | 0.1 | ",Table extracted; verify merged cells and revision markings
51,Undyed 15 ppm sulfur #1 ULSD,3.10,27,specification,All / see section,Combustion,,,,,Combustion |  |  |  | ,Table extracted; verify merged cells and revision markings
51,Undyed 15 ppm sulfur #1 ULSD,3.10,27,specification,All / see section,Net Heat of combustion BTU/Pound,D3338,"18,400",,,"Net Heat of combustion BTU/Pound | D3338 | 18,400 |  | ",Table extracted; verify merged cells and revision markings
51,Undyed 15 ppm sulfur #1 ULSD,3.10,27,specification,All / see section,"Smoke point, mm OR",D1322,25,,,"Smoke point, mm OR | D1322 | 25 |  | ",Table extracted; verify merged cells and revision markings
51,Undyed 15 ppm sulfur #1 ULSD,3.10,27,specification,All / see section,"Smoke point, mm and",D1322,18,,,"Smoke point, mm and | D1322 | 18 |  | ",Table extracted; verify merged cells and revision markings
51,Undyed 15 ppm sulfur #1 ULSD,3.10,27,specification,All / see section,"Naphthalenes, vol.%",D1840,,3,,"Naphthalenes, vol.% | D1840 |  | 3 | ",Table extracted; verify merged cells and revision markings
51,Undyed 15 ppm sulfur #1 ULSD,3.10,27,specification,All / see section,"Ash, wt%",D482,,0.01,,"Ash, wt% | D482 |  | 0.01 | ",Table extracted; verify merged cells and revision markings
51,Undyed 15 ppm sulfur #1 ULSD,3.10,27,specification,All / see section,Burning Quality,D187,Report,,8,Burning Quality | D187 | Report |  | 8,Table extracted; verify merged cells and revision markings
51,Undyed 15 ppm sulfur #1 ULSD,3.10,28,context,,,,,,,PRODUCT SPECIFICATIONS 3.10.2 SPECIFICATIONS FOR FUNGIBLE UNDYED 15 PPM SULFUR #1 ULSD GRADE 51,Source heading
51,Undyed 15 ppm sulfur #1 ULSD,3.10,28,specification,All / see section,Thermal Oxidative Stability,D3241,,,,Thermal Oxidative Stability | D3241 |  |  | ,Table extracted; verify merged cells and revision markings
51,Undyed 15 ppm sulfur #1 ULSD,3.10,28,specification,All / see section,Test/Control Temperature,,275oC (Origin),,,Test/Control Temperature |  | 275oC (Origin) |  | ,Table extracted; verify merged cells and revision markings
51,Undyed 15 ppm sulfur #1 ULSD,3.10,28,specification,All / see section,,,260oC (Delivery),,, |  | 260oC (Delivery) |  | ,Table extracted; verify merged cells and revision markings
51,Undyed 15 ppm sulfur #1 ULSD,3.10,28,specification,All / see section,Pres. drop in mm/Hg,,,25,,Pres. drop in mm/Hg |  |  | 25 | ,Table extracted; verify merged cells and revision markings
51,Undyed 15 ppm sulfur #1 ULSD,3.10,28,specification,All / see section,Tube rating: one of the following requirement shall be met,,,,,Tube rating: one of the following requirement shall be met |  |  |  | ,Table extracted; verify merged cells and revision markings
51,Undyed 15 ppm sulfur #1 ULSD,3.10,28,specification,All / see section,"(1) Annex A1 VTR, VTR color code Less tha",n,,<3,,"(1) Annex A1 VTR, VTR color code Less tha | n |  | <3 | ",Table extracted; verify merged cells and revision markings
51,Undyed 15 ppm sulfur #1 ULSD,3.10,28,specification,All / see section,No Peacock or abnormal color deposits,,,,,No Peacock or abnormal color deposits |  |  |  | ,Table extracted; verify merged cells and revision markings
51,Undyed 15 ppm sulfur #1 ULSD,3.10,28,specification,All / see section,(2) Annex A2 ITR or Annex 3 ETR nm,,,85,,(2) Annex A2 ITR or Annex 3 ETR nm |  |  | 85 | ,Table extracted; verify merged cells and revision markings
51,Undyed 15 ppm sulfur #1 ULSD,3.10,28,specification,All / see section,average over area of 2.5 mm,,,,,average over area of 2.5 mm |  |  |  | ,Table extracted; verify merged cells and revision markings
51,Undyed 15 ppm sulfur #1 ULSD,3.10,28,specification,All / see section,Cetane Number,D613,40,6,,Cetane Number | D613 | 40 | 6 | ,Table extracted; verify merged cells and revision markings
51,Undyed 15 ppm sulfur #1 ULSD,3.10,28,specification,All / see section,Contaminants,,,,,Contaminants |  |  |  | ,Table extracted; verify merged cells and revision markings
51,Undyed 15 ppm sulfur #1 ULSD,3.10,28,specification,All / see section,"Existent Gum, mg/100 ml","D381, IP540",,7.0,,"Existent Gum, mg/100 ml | D381, IP540 |  | 7.0 | ",Table extracted; verify merged cells and revision markings
51,Undyed 15 ppm sulfur #1 ULSD,3.10,28,specification,All / see section,MSEP: Origin,D3948,85,,,MSEP: Origin | D3948 | 85 |  | ,Table extracted; verify merged cells and revision markings
51,Undyed 15 ppm sulfur #1 ULSD,3.10,28,specification,All / see section,MSEP: Delivery,D7224,75,,,MSEP: Delivery | D7224 | 75 |  | ,Table extracted; verify merged cells and revision markings
51,Undyed 15 ppm sulfur #1 ULSD,3.10,28,specification,All / see section,Color : Origin,D6045,21,,,Color : Origin | D6045 | 21 |  | ,Table extracted; verify merged cells and revision markings
51,Undyed 15 ppm sulfur #1 ULSD,3.10,28,specification,All / see section,Color :Delivery,D6045,18,,,Color :Delivery | D6045 | 18 |  | ,Table extracted; verify merged cells and revision markings
51,Undyed 15 ppm sulfur #1 ULSD,3.10,28,specification,All / see section,Conductivity,,,,,Conductivity |  |  |  | ,Table extracted; verify merged cells and revision markings
51,Undyed 15 ppm sulfur #1 ULSD,3.10,28,specification,All / see section,Electrical Conductivity pS/m @ 21°C(70°F),D2624,,Report,,Electrical Conductivity pS/m @ 21°C(70°F) | D2624 |  | Report | ,Table extracted; verify merged cells and revision markings
51,Undyed 15 ppm sulfur #1 ULSD,3.10,28,note,,,,,,,1. Product shall be clear and bright and free of suspended matter.,Source note / supporting table
51,Undyed 15 ppm sulfur #1 ULSD,3.10,28,note,,,,,,,2. Additive requirements/restrictions - refer to section 3.2.,Source note / supporting table
51,Undyed 15 ppm sulfur #1 ULSD,3.10,28,note,,,,,,,"3. At this time, the test limits described in MIL-T-5624P, Appendix A, parts 70.a(1) and 70.b will not be imposed",Source note / supporting table
51,Undyed 15 ppm sulfur #1 ULSD,3.10,28,note,,,,,,,4. Origin laboratory certifying sulfur content can qualify the test method used per EPA performance based testing criteria (see 1090 Subpart D).,Source note / supporting table
51,Undyed 15 ppm sulfur #1 ULSD,3.10,28,note,,,,,,,5. Mercaptan Sulfur waived if fuel is negative by Doctor test.,Source note / supporting table
51,Undyed 15 ppm sulfur #1 ULSD,3.10,28,note,,,,,,,"6. Where cetane number by test method D613 is not available, test method D4737A can be used as an approximation",Source note / supporting table
51,Undyed 15 ppm sulfur #1 ULSD,3.10,28,note,,,,,,,7. Either physical or simulated distillation can be used. [N] Simulated distillation MUST be correlated to D86,Source note / supporting table
51,Undyed 15 ppm sulfur #1 ULSD,3.10,28,note,,,,,,,8. Typical results pass according to Paragraph 4.2 of ASTM D3699 Standard Specifications for kerosine.,Source note / supporting table
51,Undyed 15 ppm sulfur #1 ULSD,3.10,28,note,,,,,,,9. Bengal will accept test methods results that are listed in ASTM D1655 and ASTM D975 for all tests. Test methods listed in the table above are considered referee methods by Bengal Pipeline. Referee methods apply for any disputes.,Source note / supporting table
51,Undyed 15 ppm sulfur #1 ULSD,3.10,28,note,,,,,,,1. Product shall be clear and bright and free of suspended matter.,Extracted narrative; verify continuation
51,Undyed 15 ppm sulfur #1 ULSD,3.10,28,note,,,,,,,2. Additive requirements/restrictions - refer to section 3.2.,Extracted narrative; verify continuation
51,Undyed 15 ppm sulfur #1 ULSD,3.10,28,note,,,,,,,"3. At this time, the test limits described in MIL-T-5624P, Appendix A, parts 70.a(1) and 70.b will not be imposed",Extracted narrative; verify continuation
51,Undyed 15 ppm sulfur #1 ULSD,3.10,28,note,,,,,,,4. Origin laboratory certifying sulfur content can qualify the test method used per EPA performance based testing criteria,Extracted narrative; verify continuation
51,Undyed 15 ppm sulfur #1 ULSD,3.10,28,note,,,,,,,5. Mercaptan Sulfur waived if fuel is negative by Doctor test.,Extracted narrative; verify continuation
51,Undyed 15 ppm sulfur #1 ULSD,3.10,28,note,,,,,,,"6. Where cetane number by test method D613 is not available, test method D4737A can be used as an approximation",Extracted narrative; verify continuation
51,Undyed 15 ppm sulfur #1 ULSD,3.10,28,note,,,,,,,7. Either physical or simulated distillation can be used. [N] Simulated distillation MUST be correlated to D86,Extracted narrative; verify continuation
51,Undyed 15 ppm sulfur #1 ULSD,3.10,28,note,,,,,,,8. Typical results pass according to Paragraph 4.2 of ASTM D3699 Standard Specifications for kerosine.,Extracted narrative; verify continuation
51,Undyed 15 ppm sulfur #1 ULSD,3.10,28,note,,,,,,,9. Bengal will accept test methods results that are listed in ASTM D1655 and ASTM D975 for all tests. Test methods listed in the table above are,Extracted narrative; verify continuation
52,Military JP-5,3.11,29,context,,,,,,,PRODUCT SPECIFICATIONS 3.11 SPECIFICATIONS FOR FUNGIBLE MILITARY JP-5,Source heading
52,Military JP-5,3.11,29,note,,,,,,,EPA Designation: Exempt distillate covered by national security exemption under [W]80.606 1090.605,Source text; PDF has no detected specification grid
52,Military JP-5,3.11,29,note,,,,,,,Cancels Previous Issues of Grade 52,Source text; PDF has no detected specification grid
52,Military JP-5,3.11,29,note,,,,,,,Shipments of grade 52 must meet the latest military specification for JP-5,Source text; PDF has no detected specification grid
53,Segregated kerosene,3.12,30,context,,,,,,,PRODUCT SPECIFICATIONS 3.12 SPECIFICATIONS FOR SEGREGATED KEROSENE GRADE 53,Source heading
53,Segregated kerosene,3.12,30,specification,All / see section,Gravity,D4052,37,51,,Gravity | D4052 | 37 | 51 | ,Table extracted; verify merged cells and revision markings
53,Segregated kerosene,3.12,30,specification,All / see section,"Flash Point, oF",D56,100,,2,"Flash Point, oF | D56 | 100 |  | 2",Table extracted; verify merged cells and revision markings
53,Segregated kerosene,3.12,30,specification,All / see section,"Sulfur, ppmwt",D4294,,3000,,"Sulfur, ppmwt | D4294 |  | 3000 | ",Table extracted; verify merged cells and revision markings
53,Segregated kerosene,3.12,30,specification,All / see section,"Electrical Conductivity, pS/m @ 21°C(70°F)",D2624,,Report,,"Electrical Conductivity, pS/m @ 21°C(70°F) | D2624 |  | Report | ",Table extracted; verify merged cells and revision markings
53,Segregated kerosene,3.12,30,note,,,,,,,1. Product shall be clear and bright and free of suspended matter.,Source note / supporting table
53,Segregated kerosene,3.12,30,note,,,,,,,2. Origin laboratory certifying sulfur content can qualify the test method used per EPA performance based testing criteria (See 1090 Subpart D).,Source note / supporting table
53,Segregated kerosene,3.12,30,note,,,,,,,3. Additive requirements/restrictions - refer to section 3.2.,Source note / supporting table
53,Segregated kerosene,3.12,30,note,,,,,,,4. Bengal will accept test methods results that are listed in ASTM D1655 for all tests. Test methods listed in the table above are considered referee methods by Bengal Pipeline. Referee methods apply for any disputes.,Source note / supporting table
53,Segregated kerosene,3.12,30,note,,,,,,,1. Product shall be clear and bright and free of suspended matter.,Extracted narrative; verify continuation
53,Segregated kerosene,3.12,30,note,,,,,,,2. Origin laboratory certifying sulfur content can qualify the test method used per EPA performance based testing criteria (See 1090,Extracted narrative; verify continuation
53,Segregated kerosene,3.12,30,note,,,,,,,3. Additive requirements/restrictions - refer to section 3.2.,Extracted narrative; verify continuation
53,Segregated kerosene,3.12,30,note,,,,,,,4. Bengal will accept test methods results that are listed in ASTM D1655 for all tests. Test methods listed in the table above are,Extracted narrative; verify continuation
54,Aviation kerosene,3.13,31,context,,,,,,,3.13.1 SPECIFICATIONS FOR FUNGIBLE AVIATION KEROSENE GRADE 54,Source heading
54,Aviation kerosene,3.13,31,specification,All / see section,Composition Properties,,,,,Composition Properties |  |  |  | ,Table extracted; verify merged cells and revision markings
54,Aviation kerosene,3.13,31,specification,All / see section,"Sulfur, ppmwt",D4294,,3000,5,"Sulfur, ppmwt | D4294 |  | 3000 | 5",Table extracted; verify merged cells and revision markings
54,Aviation kerosene,3.13,31,specification,All / see section,Doctor Test,D4952,Negative Sweet,,4,Doctor Test | D4952 | Negative Sweet |  | 4,Table extracted; verify merged cells and revision markings
54,Aviation kerosene,3.13,31,specification,All / see section,"Mercaptan Sulfur, wt.%",D3227,,0.003,,"Mercaptan Sulfur, wt.% | D3227 |  | 0.003 | ",Table extracted; verify merged cells and revision markings
54,Aviation kerosene,3.13,31,specification,All / see section,"Aromatics, vol.%",D1319,,25,,"Aromatics, vol.% | D1319 |  | 25 | ",Table extracted; verify merged cells and revision markings
54,Aviation kerosene,3.13,31,specification,All / see section,,D6379,,26.5,, | D6379 |  | 26.5 | ,Table extracted; verify merged cells and revision markings
54,Aviation kerosene,3.13,31,specification,All / see section,"Acidity total max, mg KOH/g",D3242,,0.1,,"Acidity total max, mg KOH/g | D3242 |  | 0.1 | ",Table extracted; verify merged cells and revision markings
54,Aviation kerosene,3.13,31,specification,All / see section,Combustion,,,,,Combustion |  |  |  | ,Table extracted; verify merged cells and revision markings
54,Aviation kerosene,3.13,31,specification,All / see section,Net Heat of combustion BTU/Pound,D3338,"18,400",,,"Net Heat of combustion BTU/Pound | D3338 | 18,400 |  | ",Table extracted; verify merged cells and revision markings
54,Aviation kerosene,3.13,31,specification,All / see section,"Smoke point, mm OR",D1322,25,,,"Smoke point, mm OR | D1322 | 25 |  | ",Table extracted; verify merged cells and revision markings
54,Aviation kerosene,3.13,31,specification,All / see section,"Smoke point, mm and",D1322,18,,,"Smoke point, mm and | D1322 | 18 |  | ",Table extracted; verify merged cells and revision markings
54,Aviation kerosene,3.13,31,specification,All / see section,"Naphthalenes, vol.%",D1840,,3.0,,"Naphthalenes, vol.% | D1840 |  | 3.0 | ",Table extracted; verify merged cells and revision markings
54,Aviation kerosene,3.13,32,context,,,,,,,3.13.2 SPECIFICATIONS FOR FUNGIBLE AVIATION KEROSENE GRADE 54,Source heading
54,Aviation kerosene,3.13,32,specification,All / see section,Stability,,,,,Stability |  |  |  | ,Table extracted; verify merged cells and revision markings
54,Aviation kerosene,3.13,32,specification,All / see section,Thermal Oxidative Stability,D3241,,,,Thermal Oxidative Stability | D3241 |  |  | ,Table extracted; verify merged cells and revision markings
54,Aviation kerosene,3.13,32,specification,All / see section,Test/Control Temperature,,275oC (Origin),,,Test/Control Temperature |  | 275oC (Origin) |  | ,Table extracted; verify merged cells and revision markings
54,Aviation kerosene,3.13,32,specification,All / see section,,,260oC (Delivery),,, |  | 260oC (Delivery) |  | ,Table extracted; verify merged cells and revision markings
54,Aviation kerosene,3.13,32,specification,All / see section,Pres. drop in mm/Hg,,,25,,Pres. drop in mm/Hg |  |  | 25 | ,Table extracted; verify merged cells and revision markings
54,Aviation kerosene,3.13,32,specification,All / see section,Tube rating: one of the following requirement shall be met,,,,,Tube rating: one of the following requirement shall be met |  |  |  | ,Table extracted; verify merged cells and revision markings
54,Aviation kerosene,3.13,32,specification,All / see section,"(1) Annex A1 VTR, VTR color code",,,<3,,"(1) Annex A1 VTR, VTR color code |  |  | <3 | ",Table extracted; verify merged cells and revision markings
54,Aviation kerosene,3.13,32,specification,All / see section,No Peacock or abnormal color deposits,,,,,No Peacock or abnormal color deposits |  |  |  | ,Table extracted; verify merged cells and revision markings
54,Aviation kerosene,3.13,32,specification,All / see section,(2) Annex A2 ITR or Annex 3 ETR nm,,,85,,(2) Annex A2 ITR or Annex 3 ETR nm |  |  | 85 | ,Table extracted; verify merged cells and revision markings
54,Aviation kerosene,3.13,32,specification,All / see section,average over area of 2.5 mm,,,,,average over area of 2.5 mm |  |  |  | ,Table extracted; verify merged cells and revision markings
54,Aviation kerosene,3.13,32,specification,All / see section,Contaminants,,,,,Contaminants |  |  |  | ,Table extracted; verify merged cells and revision markings
54,Aviation kerosene,3.13,32,specification,All / see section,"Existent Gum, mg/100 ml","D381, IP540",,7.0,,"Existent Gum, mg/100 ml | D381, IP540 |  | 7.0 | ",Table extracted; verify merged cells and revision markings
54,Aviation kerosene,3.13,32,specification,All / see section,MSEP: Origin,D3948,85,,,MSEP: Origin | D3948 | 85 |  | ,Table extracted; verify merged cells and revision markings
54,Aviation kerosene,3.13,32,specification,All / see section,MSEP: Delivery,D7224,75,,,MSEP: Delivery | D7224 | 75 |  | ,Table extracted; verify merged cells and revision markings
54,Aviation kerosene,3.13,32,specification,All / see section,Conductivity,,,,,Conductivity |  |  |  | ,Table extracted; verify merged cells and revision markings
54,Aviation kerosene,3.13,32,specification,All / see section,Electrical Conductivity pS/m @ 21°C(70°F),D2624,,Report,,Electrical Conductivity pS/m @ 21°C(70°F) | D2624 |  | Report | ,Table extracted; verify merged cells and revision markings
54,Aviation kerosene,3.13,32,note,,,,,,,1. Product shall be clear and bright and free of suspended matter.,Source note / supporting table
54,Aviation kerosene,3.13,32,note,,,,,,,2. Additive requirements/restrictions - refer to section 3.2.,Source note / supporting table
54,Aviation kerosene,3.13,32,note,,,,,,,"3. At this time, the test limits described in MIL-T-5624P, Appendix A, parts 70.a(1) and 70.b will not be imposed",Source note / supporting table
54,Aviation kerosene,3.13,32,note,,,,,,,4. Mercaptan Sulfur waived if fuel is negative by Doctor test.,Source note / supporting table
54,Aviation kerosene,3.13,32,note,,,,,,,5. Origin laboratory certifying sulfur content can qualify the test method used per EPA performance based testing criteria (See 1090 Subpart D).,Source note / supporting table
54,Aviation kerosene,3.13,32,note,,,,,,,6. Either physical or simulated distillation can be used. [N] Simulated distillation MUST be correlated to D86,Source note / supporting table
54,Aviation kerosene,3.13,32,note,,,,,,,7. Bengal will accept test methods results that are listed in ASTM D1655 for all tests. Test methods listed in the table above are considered referee methods by Bengal Pipeline. Referee methods apply for any disputes.,Source note / supporting table
54,Aviation kerosene,3.13,32,note,,,,,,,1. Product shall be clear and bright and free of suspended matter.,Extracted narrative; verify continuation
54,Aviation kerosene,3.13,32,note,,,,,,,2. Additive requirements/restrictions - refer to section 3.2.,Extracted narrative; verify continuation
54,Aviation kerosene,3.13,32,note,,,,,,,"3. At this time, the test limits described in MIL-T-5624P, Appendix A, parts 70.a(1) and 70.b will not be imposed",Extracted narrative; verify continuation
54,Aviation kerosene,3.13,32,note,,,,,,,4. Mercaptan Sulfur waived if fuel is negative by Doctor test.,Extracted narrative; verify continuation
54,Aviation kerosene,3.13,32,note,,,,,,,5. Origin laboratory certifying sulfur content can qualify the test method used per EPA performance based testing criteria (See,Extracted narrative; verify continuation
54,Aviation kerosene,3.13,32,note,,,,,,,6. Either physical or simulated distillation can be used. [N] Simulated distillation MUST be correlated to D86,Extracted narrative; verify continuation
54,Aviation kerosene,3.13,32,note,,,,,,,7. Bengal will accept test methods results that are listed in ASTM D1655 for all tests. Test methods listed in the table above are,Extracted narrative; verify continuation
55,Aviation kerosene / K-1,3.14,33,context,,,,,,,PRODUCT SPECIFICATIONS 3.14.1 SPECIFICATIONS FOR SEGREGATED AVIATION KEROSENE GRADE 55,Source heading
55,Aviation kerosene / K-1,3.14,33,specification,All / see section,Composition Properties,,,,,Composition Properties |  |  |  | ,Table extracted; verify merged cells and revision markings
55,Aviation kerosene / K-1,3.14,33,specification,All / see section,"Sulfur, ppmwt",D5453,,400,4,"Sulfur, ppmwt | D5453 |  | 400 | 4",Table extracted; verify merged cells and revision markings
55,Aviation kerosene / K-1,3.14,33,specification,All / see section,Doctor Test,D4952,Negative (Sweet),,5,Doctor Test | D4952 | Negative (Sweet) |  | 5,Table extracted; verify merged cells and revision markings
55,Aviation kerosene / K-1,3.14,33,specification,All / see section,"Mercaptan Sulfur, wt.%",D3227,,0.003,,"Mercaptan Sulfur, wt.% | D3227 |  | 0.003 | ",Table extracted; verify merged cells and revision markings
55,Aviation kerosene / K-1,3.14,33,specification,All / see section,"Aromatics, vol.%",D1319,,25,,"Aromatics, vol.% | D1319 |  | 25 | ",Table extracted; verify merged cells and revision markings
55,Aviation kerosene / K-1,3.14,33,specification,All / see section,,D6379,,26.5,, | D6379 |  | 26.5 | ,Table extracted; verify merged cells and revision markings
55,Aviation kerosene / K-1,3.14,33,specification,All / see section,"Acidity total max, mg KOH/g",D3242,,0.1,,"Acidity total max, mg KOH/g | D3242 |  | 0.1 | ",Table extracted; verify merged cells and revision markings
55,Aviation kerosene / K-1,3.14,33,specification,All / see section,Combustion,,,,,Combustion |  |  |  | ,Table extracted; verify merged cells and revision markings
55,Aviation kerosene / K-1,3.14,33,specification,All / see section,Net Heat of combustion BTU/Pound,D3338,"18,400",,,"Net Heat of combustion BTU/Pound | D3338 | 18,400 |  | ",Table extracted; verify merged cells and revision markings
55,Aviation kerosene / K-1,3.14,33,specification,All / see section,"Smoke point, mm OR",D1322,25,,,"Smoke point, mm OR | D1322 | 25 |  | ",Table extracted; verify merged cells and revision markings
55,Aviation kerosene / K-1,3.14,33,specification,All / see section,"Smoke point, mm and",D1322,18,,,"Smoke point, mm and | D1322 | 18 |  | ",Table extracted; verify merged cells and revision markings
55,Aviation kerosene / K-1,3.14,33,specification,All / see section,"Naphthalenes, vol.%",D1840,,3,,"Naphthalenes, vol.% | D1840 |  | 3 | ",Table extracted; verify merged cells and revision markings
55,Aviation kerosene / K-1,3.14,33,specification,All / see section,"Ash, wt%",D482,,0.01,,"Ash, wt% | D482 |  | 0.01 | ",Table extracted; verify merged cells and revision markings
55,Aviation kerosene / K-1,3.14,33,specification,All / see section,Burning Quality,D187,Report,,8,Burning Quality | D187 | Report |  | 8,Table extracted; verify merged cells and revision markings
55,Aviation kerosene / K-1,3.14,34,context,,,,,,,PRODUCT SPECIFICATIONS 3.14.2 SPECIFICATIONS FOR SEGREGATED AVIATION KEROSENE GRADE 55,Source heading
55,Aviation kerosene / K-1,3.14,34,specification,All / see section,Stability,,,,,Stability |  |  |  | ,Table extracted; verify merged cells and revision markings
55,Aviation kerosene / K-1,3.14,34,specification,All / see section,Thermal Oxidative Stability,D3241,,,,Thermal Oxidative Stability | D3241 |  |  | ,Table extracted; verify merged cells and revision markings
55,Aviation kerosene / K-1,3.14,34,specification,All / see section,Test/Control Temperature,,275oC (Origin),,,Test/Control Temperature |  | 275oC (Origin) |  | ,Table extracted; verify merged cells and revision markings
55,Aviation kerosene / K-1,3.14,34,specification,All / see section,,,260oC (Delivery),,, |  | 260oC (Delivery) |  | ,Table extracted; verify merged cells and revision markings
55,Aviation kerosene / K-1,3.14,34,specification,All / see section,Pres. drop in mm/Hg,,,25,,Pres. drop in mm/Hg |  |  | 25 | ,Table extracted; verify merged cells and revision markings
55,Aviation kerosene / K-1,3.14,34,specification,All / see section,Tube rating: one of the following requirement shall be,,,,,Tube rating: one of the following requirement shall be |  |  |  | ,Table extracted; verify merged cells and revision markings
55,Aviation kerosene / K-1,3.14,34,specification,All / see section,"(1) Annex A1 VTR, VTR color code",,,<3,,"(1) Annex A1 VTR, VTR color code |  |  | <3 | ",Table extracted; verify merged cells and revision markings
55,Aviation kerosene / K-1,3.14,34,specification,All / see section,No Peacock or abnormal color deposits,,,,,No Peacock or abnormal color deposits |  |  |  | ,Table extracted; verify merged cells and revision markings
55,Aviation kerosene / K-1,3.14,34,specification,All / see section,(2) Annex A2 ITR or Annex 3 ETR nm,,,85,,(2) Annex A2 ITR or Annex 3 ETR nm |  |  | 85 | ,Table extracted; verify merged cells and revision markings
55,Aviation kerosene / K-1,3.14,34,specification,All / see section,average over area of 2.5 mm,,,,,average over area of 2.5 mm |  |  |  | ,Table extracted; verify merged cells and revision markings
55,Aviation kerosene / K-1,3.14,34,specification,All / see section,Cetane Number,D613,40,6,,Cetane Number | D613 | 40 | 6 | ,Table extracted; verify merged cells and revision markings
55,Aviation kerosene / K-1,3.14,34,specification,All / see section,Contaminants,,,,,Contaminants |  |  |  | ,Table extracted; verify merged cells and revision markings
55,Aviation kerosene / K-1,3.14,34,specification,All / see section,"Existent Gum, mg/100 ml","D381, IP540",,7.0,,"Existent Gum, mg/100 ml | D381, IP540 |  | 7.0 | ",Table extracted; verify merged cells and revision markings
55,Aviation kerosene / K-1,3.14,34,specification,All / see section,MSEP: Origin,D3948,85,,,MSEP: Origin | D3948 | 85 |  | ,Table extracted; verify merged cells and revision markings
55,Aviation kerosene / K-1,3.14,34,specification,All / see section,MSEP: Delivery,D7224,75,,,MSEP: Delivery | D7224 | 75 |  | ,Table extracted; verify merged cells and revision markings
55,Aviation kerosene / K-1,3.14,34,specification,All / see section,Color : Origin,D6045,21,,,Color : Origin | D6045 | 21 |  | ,Table extracted; verify merged cells and revision markings
55,Aviation kerosene / K-1,3.14,34,specification,All / see section,Color :Delivery,D6045,18,,,Color :Delivery | D6045 | 18 |  | ,Table extracted; verify merged cells and revision markings
55,Aviation kerosene / K-1,3.14,34,specification,All / see section,Conductivity,,,,,Conductivity |  |  |  | ,Table extracted; verify merged cells and revision markings
55,Aviation kerosene / K-1,3.14,34,specification,All / see section,Electrical Conductivity pS/m @ 21°C(70°F),D2624,,Report,,Electrical Conductivity pS/m @ 21°C(70°F) | D2624 |  | Report | ,Table extracted; verify merged cells and revision markings
55,Aviation kerosene / K-1,3.14,34,note,,,,,,,1. Product shall be clear and bright and free of suspended matter.,Source note / supporting table
55,Aviation kerosene / K-1,3.14,34,note,,,,,,,2. Additive requirements/restrictions - refer to section 3.2.,Source note / supporting table
55,Aviation kerosene / K-1,3.14,34,note,,,,,,,"3. At this time, the test limits described in MIL-T-5624P, Appendix A, parts 70.a(1) and 70.b will not be imposed",Source note / supporting table
55,Aviation kerosene / K-1,3.14,34,note,,,,,,,4. Origin laboratory certifying sulfur content can qualify the test method used per EPA performance based testing criteria (See 1090 Subpart D).,Source note / supporting table
55,Aviation kerosene / K-1,3.14,34,note,,,,,,,5. Mercaptan Sulfur waived if fuel is negative by Doctor test.,Source note / supporting table
55,Aviation kerosene / K-1,3.14,34,note,,,,,,,6. Typical results pass according to Paragraph 4.2 of ASTM D3699 Standard Specifications for kerosine.,Source note / supporting table
55,Aviation kerosene / K-1,3.14,34,note,,,,,,,7. Either physical or simulated distillation can be used. [N] Simulated distillation MUST be correlated to D86,Source note / supporting table
55,Aviation kerosene / K-1,3.14,34,note,,,,,,,"8. Where cetane number by test method D613 is not available, test method D4737A can be used as an approximation.",Source note / supporting table
55,Aviation kerosene / K-1,3.14,34,note,,,,,,,9. Bengal will accept test methods results that are listed in ASTM D1655 for all tests. Test methods listed in the table above are considered referee methods by Bengal Pipeline. Referee methods apply for any disputes.,Source note / supporting table
55,Aviation kerosene / K-1,3.14,34,note,,,,,,,1. Product shall be clear and bright and free of suspended matter.,Extracted narrative; verify continuation
55,Aviation kerosene / K-1,3.14,34,note,,,,,,,2. Additive requirements/restrictions - refer to section 3.2.,Extracted narrative; verify continuation
55,Aviation kerosene / K-1,3.14,34,note,,,,,,,"3. At this time, the test limits described in MIL-T-5624P, Appendix A, parts 70.a(1) and 70.b will not be imposed",Extracted narrative; verify continuation
55,Aviation kerosene / K-1,3.14,34,note,,,,,,,4. Origin laboratory certifying sulfur content can qualify the test method used per EPA performance based testing criteria (See 1090,Extracted narrative; verify continuation
55,Aviation kerosene / K-1,3.14,34,note,,,,,,,5. Mercaptan Sulfur waived if fuel is negative by Doctor test.,Extracted narrative; verify continuation
55,Aviation kerosene / K-1,3.14,34,note,,,,,,,6. Typical results pass according to Paragraph 4.2 of ASTM D3699 Standard Specifications for kerosine.,Extracted narrative; verify continuation
55,Aviation kerosene / K-1,3.14,34,note,,,,,,,7. Either physical or simulated distillation can be used. [N] Simulated distillation MUST be correlated to D86,Extracted narrative; verify continuation
55,Aviation kerosene / K-1,3.14,34,note,,,,,,,"8. Where cetane number by test method D613 is not available, test method D4737A can be used as an approximation.",Extracted narrative; verify continuation
55,Aviation kerosene / K-1,3.14,34,note,,,,,,,9. Bengal will accept test methods results that are listed in ASTM D1655 for all tests. Test methods listed in the table above are,Extracted narrative; verify continuation
56,Bonded aviation kerosene,3.15,35,context,,,,,,,PRODUCT SPECIFICATIONS 3.15 SPECIFICATIONS FOR BONDED AVIATION KEROSENE GRADE 56,Source heading
56,Bonded aviation kerosene,3.15,35,note,,,,,,,EPA Designation: Jet Fuel,Source text; PDF has no detected specification grid
56,Bonded aviation kerosene,3.15,35,note,,,,,,,Cancels Previous Issues of Grade 56,Source text; PDF has no detected specification grid
56,Bonded aviation kerosene,3.15,35,note,,,,,,,Shipments of Grade 56 must meet specifications for Fungible Aviation Kerosine Grade 54.,Source text; PDF has no detected specification grid
57,Segregated kerosene 500 ppm,3.16,36,context,,,,,,,PRODUCT SPECIFICATIONS 3.16 SPECIFICATIONS FOR SEGREGATED KEROSENE GRADE 57,Source heading
57,Segregated kerosene 500 ppm,3.16,36,specification,All / see section,"Sulfur, ppmwt",D5453,,500,1,"Sulfur, ppmwt | D5453 |  | 500 | 1",Table extracted; verify merged cells and revision markings
57,Segregated kerosene 500 ppm,3.16,36,note,,,,,,,1. Origin laboratory certifying sulfur content can qualify the test method used per EPA performance based testing criteria (See 1090 Subpart D).,Source note / supporting table
57,Segregated kerosene 500 ppm,3.16,36,note,,,,,,,2. Additive requirements/restrictions - refer to section 3.2.,Source note / supporting table
57,Segregated kerosene 500 ppm,3.16,36,note,,,,,,,3. Bengal will accept test methods results that are listed in ASTM D1655 for all tests. Test methods listed in the table above are considered referee methods by Bengal Pipeline. Referee methods,Source note / supporting table
57,Segregated kerosene 500 ppm,3.16,36,note,,,,,,,1. Origin laboratory certifying sulfur content can qualify the test method used per EPA,Extracted narrative; verify continuation
57,Segregated kerosene 500 ppm,3.16,36,note,,,,,,,2. Additive requirements/restrictions - refer to section 3.2.,Extracted narrative; verify continuation
57,Segregated kerosene 500 ppm,3.16,36,note,,,,,,,3. Bengal will accept test methods results that are listed in ASTM D1655 for all tests. Test methods,Extracted narrative; verify continuation
58,Military JP-8,3.17,37,context,,,,,,,PRODUCT SPECIFICATIONS 3.17 SPECIFICATIONS FOR FUNGIBLE MILITARY JP-8,Source heading
58,Military JP-8,3.17,37,note,,,,,,,EPA Designation: Except distillate covered by national security exemption under [w] 80.606 1090.605,Source text; PDF has no detected specification grid
58,Military JP-8,3.17,37,note,,,,,,,Cancels Previous Issues of Grade 58,Source text; PDF has no detected specification grid
58,Military JP-8,3.17,37,note,,,,,,,Shipments of Grade 58 must meet the latest military specifications for JP-8.,Source text; PDF has no detected specification grid
59,Distillate blendstock (kerosene),3.18,38,context,,,,,,,PRODUCT SPECIFICATIONS 3.18 SPECIFICATIONS FOR SEGREGATED DISTILLATE BLENDSTOCK GRADE 59,Source heading
59,Distillate blendstock (kerosene),3.18,38,specification,All / see section,Gravity,D4052,37,51,,Gravity | D4052 | 37 | 51 | ,Table extracted; verify merged cells and revision markings
59,Distillate blendstock (kerosene),3.18,38,specification,All / see section,"Flash Point, oF",D56,100,,,"Flash Point, oF | D56 | 100 |  | ",Table extracted; verify merged cells and revision markings
59,Distillate blendstock (kerosene),3.18,38,specification,All / see section,"Sulfur, ppmwt",D4294,,3000,3,"Sulfur, ppmwt | D4294 |  | 3000 | 3",Table extracted; verify merged cells and revision markings
59,Distillate blendstock (kerosene),3.18,38,specification,All / see section,Nace Corrosion,TM0172,B+ (origin),,,Nace Corrosion | TM0172 | B+ (origin) |  | ,Table extracted; verify merged cells and revision markings
59,Distillate blendstock (kerosene),3.18,38,specification,All / see section,"Electrical Conductivity, pS/m @ 21°C(70°F)",D2624,,Report,,"Electrical Conductivity, pS/m @ 21°C(70°F) | D2624 |  | Report | ",Table extracted; verify merged cells and revision markings
59,Distillate blendstock (kerosene),3.18,38,note,,,,,,,1. Product shall be clear and bright and free of suspended matter.,Source note / supporting table
59,Distillate blendstock (kerosene),3.18,38,note,,,,,,,2. The pre-shipment documentation with the actual results must be received before shipment.,Source note / supporting table
59,Distillate blendstock (kerosene),3.18,38,note,,,,,,,3. Origin laboratory certifying sulfur content can qualify the test method used per EPA performance based testing criteria (See 1090 Subpart D).,Source note / supporting table
59,Distillate blendstock (kerosene),3.18,38,note,,,,,,,4. Additives requirements/restrictions - refer to section 3.2.,Source note / supporting table
59,Distillate blendstock (kerosene),3.18,38,note,,,,,,,5. Bengal will accept test methods results that are listed in ASTM D1655 for all tests. Test methods listed in the table above are considered referee methods by Bengal Pipeline. Referee methods apply for any disputes,Source note / supporting table
59,Distillate blendstock (kerosene),3.18,38,note,,,,,,,1. Product shall be clear and bright and free of suspended matter.,Extracted narrative; verify continuation
59,Distillate blendstock (kerosene),3.18,38,note,,,,,,,2. The pre-shipment documentation with the actual results must be received before shipment.,Extracted narrative; verify continuation
59,Distillate blendstock (kerosene),3.18,38,note,,,,,,,3. Origin laboratory certifying sulfur content can qualify the test method used per EPA performance based,Extracted narrative; verify continuation
59,Distillate blendstock (kerosene),3.18,38,note,,,,,,,4. Additives requirements/restrictions - refer to section 3.2.,Extracted narrative; verify continuation
59,Distillate blendstock (kerosene),3.18,38,note,,,,,,,5. Bengal will accept test methods results that are listed in ASTM D1655 for all tests. Test methods listed in,Extracted narrative; verify continuation
62,Undyed 15 ppm sulfur diesel,3.19,39,context,,,,,,,PRODUCT SPECIFICATIONS 3.19.1 SPECIFICATIONS FOR FUNGIBLE 15 ppm SULFUR DIESEL FUEL GRADE 62,Source heading
62,Undyed 15 ppm sulfur diesel,3.19,39,specification,All / see section,Gravity API,D4052,30,,,Gravity API | D4052 | 30 |  | ,Table extracted; verify merged cells and revision markings
62,Undyed 15 ppm sulfur diesel,3.19,39,specification,All / see section,"Flash Point, oF",D93,130 (Origin),,,"Flash Point, oF | D93 | 130 (Origin) |  | ",Table extracted; verify merged cells and revision markings
62,Undyed 15 ppm sulfur diesel,3.19,39,specification,All / see section,,,125.8 (Delivery),,, |  | 125.8 (Delivery) |  | ,Table extracted; verify merged cells and revision markings
62,Undyed 15 ppm sulfur diesel,3.19,39,specification,All / see section,"Physical Distillation, °C(oF)",D86,,,4,"Physical Distillation, °C(oF) | D86 |  |  | 4",Table extracted; verify merged cells and revision markings
62,Undyed 15 ppm sulfur diesel,3.19,39,specification,All / see section,50%,,,Report,,50% |  |  | Report | ,Table extracted; verify merged cells and revision markings
62,Undyed 15 ppm sulfur diesel,3.19,39,specification,All / see section,90%,,282(540),338(640),,90% |  | 282(540) | 338(640) | ,Table extracted; verify merged cells and revision markings
62,Undyed 15 ppm sulfur diesel,3.19,39,specification,All / see section,End Point o,,,371(700),,End Point o |  |  | 371(700) | ,Table extracted; verify merged cells and revision markings
62,Undyed 15 ppm sulfur diesel,3.19,39,specification,All / see section,"[C] or Simulated Distillation, °C( F)",[C] D2887,,,[C] 4,"[C] or Simulated Distillation, °C( F) | [C] D2887 |  |  | [C] 4",Table extracted; verify merged cells and revision markings
62,Undyed 15 ppm sulfur diesel,3.19,39,specification,All / see section,[C] 50% recovered,,,[C] Report,,[C] 50% recovered |  |  | [C] Report | ,Table extracted; verify merged cells and revision markings
62,Undyed 15 ppm sulfur diesel,3.19,39,specification,All / see section,[C] 90% recovered,,[C] 300(572),[C] 356(673),,[C] 90% recovered |  | [C] 300(572) | [C] 356(673) | ,Table extracted; verify merged cells and revision markings
62,Undyed 15 ppm sulfur diesel,3.19,39,specification,All / see section,[C] End Point,,,[C] 421(790),,[C] End Point |  |  | [C] 421(790) | ,Table extracted; verify merged cells and revision markings
62,Undyed 15 ppm sulfur diesel,3.19,39,specification,All / see section,Color ASTM,D6045,,2.5,,Color ASTM | D6045 |  | 2.5 | ,Table extracted; verify merged cells and revision markings
62,Undyed 15 ppm sulfur diesel,3.19,39,specification,All / see section,Color Visual,,Undyed,,,Color Visual |  | Undyed |  | ,Table extracted; verify merged cells and revision markings
62,Undyed 15 ppm sulfur diesel,3.19,39,specification,All / see section,"Viscosity, cSt @ 40oC (104oF)",D445,1.9,4.1,,"Viscosity, cSt @ 40oC (104oF) | D445 | 1.9 | 4.1 | ",Table extracted; verify merged cells and revision markings
62,Undyed 15 ppm sulfur diesel,3.19,39,specification,All / see section,Pour Point,D97,,,2,Pour Point | D97 |  |  | 2,Table extracted; verify merged cells and revision markings
62,Undyed 15 ppm sulfur diesel,3.19,39,specification,All / see section,Cloud Point,D2500,,,2,Cloud Point | D2500 |  |  | 2,Table extracted; verify merged cells and revision markings
62,Undyed 15 ppm sulfur diesel,3.19,39,specification,All / see section,"Corrosion, 3 hrs. @ 50oC (122oF)",D130,,1,,"Corrosion, 3 hrs. @ 50oC (122oF) | D130 |  | 1 | ",Table extracted; verify merged cells and revision markings
62,Undyed 15 ppm sulfur diesel,3.19,39,specification,All / see section,"Total Sulfur, ppmwt",D5453,,11 (Origin),3,"Total Sulfur, ppmwt | D5453 |  | 11 (Origin) | 3",Table extracted; verify merged cells and revision markings
62,Undyed 15 ppm sulfur diesel,3.19,39,specification,All / see section,,,,14 (Delivery),, |  |  | 14 (Delivery) | ,Table extracted; verify merged cells and revision markings
62,Undyed 15 ppm sulfur diesel,3.19,39,specification,All / see section,Cetane Number,D613,40,,[N] 5,Cetane Number | D613 | 40 |  | [N] 5,Table extracted; verify merged cells and revision markings
62,Undyed 15 ppm sulfur diesel,3.19,39,specification,All / see section,And One of the following condition should be met,,,,,And One of the following condition should be met |  |  |  | ,Table extracted; verify merged cells and revision markings
62,Undyed 15 ppm sulfur diesel,3.19,39,specification,All / see section,"1. Aromatics (Volume %) , OR",D1319,,31.7,,"1. Aromatics (Volume %) , OR | D1319 |  | 31.7 | ",Table extracted; verify merged cells and revision markings
62,Undyed 15 ppm sulfur diesel,3.19,39,specification,All / see section,2. Cetane Index,D976,40,,,2. Cetane Index | D976 | 40 |  | ,Table extracted; verify merged cells and revision markings
62,Undyed 15 ppm sulfur diesel,3.19,39,specification,All / see section,"Ash, wt.%",D482,,0.01,,"Ash, wt.% | D482 |  | 0.01 | ",Table extracted; verify merged cells and revision markings
62,Undyed 15 ppm sulfur diesel,3.19,39,specification,All / see section,Carbon Residue: Ramsbottom on 10% Bottom,D524,,0.35,,Carbon Residue: Ramsbottom on 10% Bottom | D524 |  | 0.35 | ,Table extracted; verify merged cells and revision markings
62,Undyed 15 ppm sulfur diesel,3.19,39,specification,All / see section,"BS&W, vol.%",D2709,,< 0.05,,"BS&W, vol.% | D2709 |  | < 0.05 | ",Table extracted; verify merged cells and revision markings
62,Undyed 15 ppm sulfur diesel,3.19,39,specification,All / see section,,[C] or equivalent,,,, | [C] or equivalent |  |  | ,Table extracted; verify merged cells and revision markings
62,Undyed 15 ppm sulfur diesel,3.19,39,specification,All / see section,"Thermal stability, 90 minutes, 150°C",D6468,,,,"Thermal stability, 90 minutes, 150°C | D6468 |  |  | ",Table extracted; verify merged cells and revision markings
62,Undyed 15 ppm sulfur diesel,3.19,39,specification,All / see section,1. Pad rating (Dupont),,,7,,1. Pad rating (Dupont) |  |  | 7 | ,Table extracted; verify merged cells and revision markings
62,Undyed 15 ppm sulfur diesel,3.19,39,specification,All / see section,2. Reflactance Y/Green,,73%,,,2. Reflactance Y/Green |  | 73% |  | ,Table extracted; verify merged cells and revision markings
62,Undyed 15 ppm sulfur diesel,3.19,39,specification,All / see section,[C] OR,,,,,[C] OR |  |  |  | ,Table extracted; verify merged cells and revision markings
62,Undyed 15 ppm sulfur diesel,3.19,39,specification,All / see section,[C] Thermal stability,[C] D6468,,,,[C] Thermal stability | [C] D6468 |  |  | ,Table extracted; verify merged cells and revision markings
62,Undyed 15 ppm sulfur diesel,3.19,39,specification,All / see section,[C] Y/Green,,[C] 73%,,,[C] Y/Green |  | [C] 73% |  | ,Table extracted; verify merged cells and revision markings
62,Undyed 15 ppm sulfur diesel,3.19,39,specification,All / see section,[C] W Unit,,[C] 65%,,,[C] W Unit |  | [C] 65% |  | ,Table extracted; verify merged cells and revision markings
62,Undyed 15 ppm sulfur diesel,3.19,39,specification,All / see section,OR,,,,,OR |  |  |  | ,Table extracted; verify merged cells and revision markings
62,Undyed 15 ppm sulfur diesel,3.19,39,specification,All / see section,"Oxidation stability, mg/100 ml",D2274,,2.5,,"Oxidation stability, mg/100 ml | D2274 |  | 2.5 | ",Table extracted; verify merged cells and revision markings
62,Undyed 15 ppm sulfur diesel,3.19,39,specification,All / see section,Haze rating @ 25oC (77oF) [W] Procedure 2,D4176,,2,,Haze rating @ 25oC (77oF) [W] Procedure 2 | D4176 |  | 2 | ,Table extracted; verify merged cells and revision markings
62,Undyed 15 ppm sulfur diesel,3.19,39,specification,All / see section,,[W] Procedure 2,,,, | [W] Procedure 2 |  |  | ,Table extracted; verify merged cells and revision markings
62,Undyed 15 ppm sulfur diesel,3.19,39,specification,All / see section,Nace Corrosion,TM0172,B+ (Origin),,,Nace Corrosion | TM0172 | B+ (Origin) |  | ,Table extracted; verify merged cells and revision markings
62,Undyed 15 ppm sulfur diesel,3.19,39,specification,All / see section,"Electrical Conductivity, pS/m @ 21°C(70°F)",D2624,,250,,"Electrical Conductivity, pS/m @ 21°C(70°F) | D2624 |  | 250 | ",Table extracted; verify merged cells and revision markings
62,Undyed 15 ppm sulfur diesel,3.19,40,context,,,,,,,PRODUCT SPECIFICATIONS 3.19.2 SPECIFICATIONS FOR FUNGIBLE 15 ppm SULFUR DIESEL FUEL GRADE 62,Source heading
62,Undyed 15 ppm sulfur diesel,3.19,40,note,,,,,,,1. Additive requirements/restrictions - refer to section 3.2.,Source note / supporting table
62,Undyed 15 ppm sulfur diesel,3.19,40,note,,,,,,,2. This schedule denotes the fluidity of the distillate at the time and place of origin.,Source note / supporting table
62,Undyed 15 ppm sulfur diesel,3.19,40,note,,,,,,,Pour Point –August 1st through March 14th — Maximum: -18oC (-0.4oF).,Source note / supporting table
62,Undyed 15 ppm sulfur diesel,3.19,40,note,,,,,,,Pour Point – March 15th through July 31st — Maximum: -12oC (10.4oF),Source note / supporting table
62,Undyed 15 ppm sulfur diesel,3.19,40,note,,,,,,,Cloud Point – August 1st through March 14th — Maximum: -9oC (15.8oF),Source note / supporting table
62,Undyed 15 ppm sulfur diesel,3.19,40,note,,,,,,,Cloud Point – March 15th through July 31st — Maximum: -7oC (19.4oF),Source note / supporting table
62,Undyed 15 ppm sulfur diesel,3.19,40,note,,,,,,,3. Origin laboratory certifying sulfur content can qualify the test method used per EPA performance based testing criteria (See 1090 Subpart D).,Source note / supporting table
62,Undyed 15 ppm sulfur diesel,3.19,40,note,,,,,,,4. Either physical or simulated distillation can be used. [N] Simulated distillation MUST be correlated to D86,Source note / supporting table
62,Undyed 15 ppm sulfur diesel,3.19,40,note,,,,,,,5. Bengal will accept test methods results that are listed in ASTM D975 for all tests. Test methods listed in the table above are considered referee methods by Bengal Pipeline. Referee methods apply for any disputes.,Source note / supporting table
62,Undyed 15 ppm sulfur diesel,3.19,40,note,,,,,,,Delivery test results may vary by the smaller of ASTM reproducibility for a given test or any test tolerance as allowed by state or EPA regulations at the point of delivery.,Source note / supporting table
62,Undyed 15 ppm sulfur diesel,3.19,40,note,,,,,,,Cancels Previous Issues of Grade 62,Source text; PDF has no detected specification grid
62,Undyed 15 ppm sulfur diesel,3.19,40,note,,,,,,,NOTES:,Source text; PDF has no detected specification grid
62,Undyed 15 ppm sulfur diesel,3.19,40,note,,,,,,,1. Additive requirements/restrictions - refer to section 3.2.,Source text; PDF has no detected specification grid
62,Undyed 15 ppm sulfur diesel,3.19,40,note,,,,,,,2. This schedule denotes the fluidity of the distillate at the time and place of origin.,Source text; PDF has no detected specification grid
62,Undyed 15 ppm sulfur diesel,3.19,40,note,,,,,,,Pour Point –August 1st through March 14th Maximum: -18oC (-0.4oF).,Source text; PDF has no detected specification grid
62,Undyed 15 ppm sulfur diesel,3.19,40,note,,,,,,,Pour Point – March 15th through July 31st Maximum: -12oC (10.4oF),Source text; PDF has no detected specification grid
62,Undyed 15 ppm sulfur diesel,3.19,40,note,,,,,,,Cloud Point – August 1st through March 14th Maximum: -9oC (15.8oF),Source text; PDF has no detected specification grid
62,Undyed 15 ppm sulfur diesel,3.19,40,note,,,,,,,Cloud Point – March 15th through July 31st Maximum: -7oC (19.4oF),Source text; PDF has no detected specification grid
62,Undyed 15 ppm sulfur diesel,3.19,40,note,,,,,,,3. Origin laboratory certifying sulfur content can qualify the test method used per EPA performance based testing criteria,Source text; PDF has no detected specification grid
62,Undyed 15 ppm sulfur diesel,3.19,40,note,,,,,,,(See 1090 Subpart D).,Source text; PDF has no detected specification grid
62,Undyed 15 ppm sulfur diesel,3.19,40,note,,,,,,,4. Either physical or simulated distillation can be used. [N] Simulated distillation MUST be correlated to D86,Source text; PDF has no detected specification grid
62,Undyed 15 ppm sulfur diesel,3.19,40,note,,,,,,,5. Bengal will accept test methods results that are listed in ASTM D975 for all tests. Test methods listed in the table above,Source text; PDF has no detected specification grid
62,Undyed 15 ppm sulfur diesel,3.19,40,note,,,,,,,are considered referee methods by Bengal Pipeline. Referee methods apply for any disputes.,Source text; PDF has no detected specification grid
62,Undyed 15 ppm sulfur diesel,3.19,40,note,,,,,,,Delivery test results may vary by the smaller of ASTM reproducibility for a given test or any test tolerance as allowed by,Source text; PDF has no detected specification grid
62,Undyed 15 ppm sulfur diesel,3.19,40,note,,,,,,,state or EPA regulations at the point of delivery.,Source text; PDF has no detected specification grid
63,15 ppm sulfur diesel (up to 5% renewable),3.20,41,context,,,,,,,PRODUCT SPECIFICATIONS 3.20.1 SPECIFICATIONS FOR FUNGIBLE 15 ppm SULFUR DIESEL FUEL CONTAINING UP,Source heading
63,15 ppm sulfur diesel (up to 5% renewable),3.20,41,specification,All / see section,Renewable Fuel (volume %),[N] D7371,,5,5,Renewable Fuel (volume %) | [N] D7371 |  | 5 | 5,Table extracted; verify merged cells and revision markings
63,15 ppm sulfur diesel (up to 5% renewable),3.20,41,specification,All / see section,Gravity API,D4052,30,,,Gravity API | D4052 | 30 |  | ,Table extracted; verify merged cells and revision markings
63,15 ppm sulfur diesel (up to 5% renewable),3.20,41,specification,All / see section,"Flash Point, oF",D93,130 (Origin),,,"Flash Point, oF | D93 | 130 (Origin) |  | ",Table extracted; verify merged cells and revision markings
63,15 ppm sulfur diesel (up to 5% renewable),3.20,41,specification,All / see section,,,125.8 (Delivery),,, |  | 125.8 (Delivery) |  | ,Table extracted; verify merged cells and revision markings
63,15 ppm sulfur diesel (up to 5% renewable),3.20,41,specification,All / see section,"Physical Distillation, °C(oF)",D86,,,4,"Physical Distillation, °C(oF) | D86 |  |  | 4",Table extracted; verify merged cells and revision markings
63,15 ppm sulfur diesel (up to 5% renewable),3.20,41,specification,All / see section,50%,,,Report,,50% |  |  | Report | ,Table extracted; verify merged cells and revision markings
63,15 ppm sulfur diesel (up to 5% renewable),3.20,41,specification,All / see section,90%,,282(540),338(640),,90% |  | 282(540) | 338(640) | ,Table extracted; verify merged cells and revision markings
63,15 ppm sulfur diesel (up to 5% renewable),3.20,41,specification,All / see section,End Point,,,371(700),,End Point |  |  | 371(700) | ,Table extracted; verify merged cells and revision markings
63,15 ppm sulfur diesel (up to 5% renewable),3.20,41,specification,All / see section,"[C] or Simulated Distillation, °C(oF)",[C] D2887,,,[C] 4,"[C] or Simulated Distillation, °C(oF) | [C] D2887 |  |  | [C] 4",Table extracted; verify merged cells and revision markings
63,15 ppm sulfur diesel (up to 5% renewable),3.20,41,specification,All / see section,[C] 50% recovered,,,[C] Report,,[C] 50% recovered |  |  | [C] Report | ,Table extracted; verify merged cells and revision markings
63,15 ppm sulfur diesel (up to 5% renewable),3.20,41,specification,All / see section,[C] 90% recovered,,[C] 300(572),[C] 356(673),,[C] 90% recovered |  | [C] 300(572) | [C] 356(673) | ,Table extracted; verify merged cells and revision markings
63,15 ppm sulfur diesel (up to 5% renewable),3.20,41,specification,All / see section,[C] End Point,,,[C] 421(790),,[C] End Point |  |  | [C] 421(790) | ,Table extracted; verify merged cells and revision markings
63,15 ppm sulfur diesel (up to 5% renewable),3.20,41,specification,All / see section,Color ASTM,D6045,,2.5,,Color ASTM | D6045 |  | 2.5 | ,Table extracted; verify merged cells and revision markings
63,15 ppm sulfur diesel (up to 5% renewable),3.20,41,specification,All / see section,Color Visual,,Undyed,,,Color Visual |  | Undyed |  | ,Table extracted; verify merged cells and revision markings
63,15 ppm sulfur diesel (up to 5% renewable),3.20,41,specification,All / see section,"Viscosity, cSt @ 40oC (104oF)",D445,1.9,4.1,,"Viscosity, cSt @ 40oC (104oF) | D445 | 1.9 | 4.1 | ",Table extracted; verify merged cells and revision markings
63,15 ppm sulfur diesel (up to 5% renewable),3.20,41,specification,All / see section,Pour Point,D97,,,2,Pour Point | D97 |  |  | 2,Table extracted; verify merged cells and revision markings
63,15 ppm sulfur diesel (up to 5% renewable),3.20,41,specification,All / see section,Cloud Point,D2500,,,2,Cloud Point | D2500 |  |  | 2,Table extracted; verify merged cells and revision markings
63,15 ppm sulfur diesel (up to 5% renewable),3.20,41,specification,All / see section,"Corrosion, 3 hrs. @ 50oC (122oF)",D130,,1,,"Corrosion, 3 hrs. @ 50oC (122oF) | D130 |  | 1 | ",Table extracted; verify merged cells and revision markings
63,15 ppm sulfur diesel (up to 5% renewable),3.20,41,specification,All / see section,"Total Sulfur, ppmwt",D5453,,11 (Origin),3,"Total Sulfur, ppmwt | D5453 |  | 11 (Origin) | 3",Table extracted; verify merged cells and revision markings
63,15 ppm sulfur diesel (up to 5% renewable),3.20,41,specification,All / see section,,,,14 (Delivery),, |  |  | 14 (Delivery) | ,Table extracted; verify merged cells and revision markings
63,15 ppm sulfur diesel (up to 5% renewable),3.20,41,specification,All / see section,Cetane Number,D613,40,,[N] 6,Cetane Number | D613 | 40 |  | [N] 6,Table extracted; verify merged cells and revision markings
63,15 ppm sulfur diesel (up to 5% renewable),3.20,41,specification,All / see section,And One of the following condition should be met,,,,,And One of the following condition should be met |  |  |  | ,Table extracted; verify merged cells and revision markings
63,15 ppm sulfur diesel (up to 5% renewable),3.20,41,specification,All / see section,"1. Aromatics (Volume %) , OR",D1319,,31.7,,"1. Aromatics (Volume %) , OR | D1319 |  | 31.7 | ",Table extracted; verify merged cells and revision markings
63,15 ppm sulfur diesel (up to 5% renewable),3.20,41,specification,All / see section,2. Cetane Index,D976,40,,,2. Cetane Index | D976 | 40 |  | ,Table extracted; verify merged cells and revision markings
63,15 ppm sulfur diesel (up to 5% renewable),3.20,41,specification,All / see section,"Ash, wt.%",D482,,0.01,,"Ash, wt.% | D482 |  | 0.01 | ",Table extracted; verify merged cells and revision markings
63,15 ppm sulfur diesel (up to 5% renewable),3.20,41,specification,All / see section,Carbon Residue: Ramsbottom on 10% Bottom,D524,,0.35,,Carbon Residue: Ramsbottom on 10% Bottom | D524 |  | 0.35 | ,Table extracted; verify merged cells and revision markings
63,15 ppm sulfur diesel (up to 5% renewable),3.20,41,specification,All / see section,"BS&W, vol.%",D2709,,< 0.05,,"BS&W, vol.% | D2709 |  | < 0.05 | ",Table extracted; verify merged cells and revision markings
63,15 ppm sulfur diesel (up to 5% renewable),3.20,41,specification,All / see section,,[C] or equivalent,,,, | [C] or equivalent |  |  | ,Table extracted; verify merged cells and revision markings
63,15 ppm sulfur diesel (up to 5% renewable),3.20,41,specification,All / see section,"Thermal stability, 90 minutes, 150°C",D6468,,,,"Thermal stability, 90 minutes, 150°C | D6468 |  |  | ",Table extracted; verify merged cells and revision markings
63,15 ppm sulfur diesel (up to 5% renewable),3.20,41,specification,All / see section,1. Pad rating (Dupont),,,7,,1. Pad rating (Dupont) |  |  | 7 | ,Table extracted; verify merged cells and revision markings
63,15 ppm sulfur diesel (up to 5% renewable),3.20,41,specification,All / see section,2. Reflactance Y/Green,,73%,,,2. Reflactance Y/Green |  | 73% |  | ,Table extracted; verify merged cells and revision markings
63,15 ppm sulfur diesel (up to 5% renewable),3.20,41,specification,All / see section,[C] OR,,,,,[C] OR |  |  |  | ,Table extracted; verify merged cells and revision markings
63,15 ppm sulfur diesel (up to 5% renewable),3.20,41,specification,All / see section,[C] Thermal stability,[C] D6468,,,,[C] Thermal stability | [C] D6468 |  |  | ,Table extracted; verify merged cells and revision markings
63,15 ppm sulfur diesel (up to 5% renewable),3.20,41,specification,All / see section,[C] Y/Green,,[C] 73%,,,[C] Y/Green |  | [C] 73% |  | ,Table extracted; verify merged cells and revision markings
63,15 ppm sulfur diesel (up to 5% renewable),3.20,41,specification,All / see section,[C] W Unit,,[C] 65%,,,[C] W Unit |  | [C] 65% |  | ,Table extracted; verify merged cells and revision markings
63,15 ppm sulfur diesel (up to 5% renewable),3.20,41,specification,All / see section,OR,,,,,OR |  |  |  | ,Table extracted; verify merged cells and revision markings
63,15 ppm sulfur diesel (up to 5% renewable),3.20,41,specification,All / see section,"Oxidation stability, mg/100 ml",D2274,,2.5,,"Oxidation stability, mg/100 ml | D2274 |  | 2.5 | ",Table extracted; verify merged cells and revision markings
63,15 ppm sulfur diesel (up to 5% renewable),3.20,41,specification,All / see section,Haze rating @ 25oC (77oF) [W] Procedure 2,D4176,,2,,Haze rating @ 25oC (77oF) [W] Procedure 2 | D4176 |  | 2 | ,Table extracted; verify merged cells and revision markings
63,15 ppm sulfur diesel (up to 5% renewable),3.20,41,specification,All / see section,,[W] Procedure 2,,,, | [W] Procedure 2 |  |  | ,Table extracted; verify merged cells and revision markings
63,15 ppm sulfur diesel (up to 5% renewable),3.20,41,specification,All / see section,Nace Corrosion,TM0172,B+ (Origin),,,Nace Corrosion | TM0172 | B+ (Origin) |  | ,Table extracted; verify merged cells and revision markings
63,15 ppm sulfur diesel (up to 5% renewable),3.20,41,specification,All / see section,"Electrical Conductivity, pS/m @ 21°C(70°F)",D2624,,250,,"Electrical Conductivity, pS/m @ 21°C(70°F) | D2624 |  | 250 | ",Table extracted; verify merged cells and revision markings
63,15 ppm sulfur diesel (up to 5% renewable),3.20,42,context,,,,,,,PRODUCT SPECIFICATIONS 3.20.2 SPECIFICATIONS FOR FUNGIBLE 15 ppm SULFUR DIESEL FUEL CONTAINING UP TO,Source heading
63,15 ppm sulfur diesel (up to 5% renewable),3.20,42,note,,,,,,,1. Additive requirements/restrictions - refer to section 3.2.,Source note / supporting table
63,15 ppm sulfur diesel (up to 5% renewable),3.20,42,note,,,,,,,2. This schedule denotes the fluidity of the distillate at the time and place of origin.,Source note / supporting table
63,15 ppm sulfur diesel (up to 5% renewable),3.20,42,note,,,,,,,Pour Point –August 1st through March 14th — Maximum: -18oC (-0.4oF).,Source note / supporting table
63,15 ppm sulfur diesel (up to 5% renewable),3.20,42,note,,,,,,,Pour Point – March 15th through July 31st — Maximum: -12oC (10.4oF),Source note / supporting table
63,15 ppm sulfur diesel (up to 5% renewable),3.20,42,note,,,,,,,Cloud Point – August 1st through March 14th — Maximum: -9oC (15.8oF),Source note / supporting table
63,15 ppm sulfur diesel (up to 5% renewable),3.20,42,note,,,,,,,Cloud Point – March 15th through July 31st — Maximum: -7oC (19.4oF),Source note / supporting table
63,15 ppm sulfur diesel (up to 5% renewable),3.20,42,note,,,,,,,3. Origin laboratory certifying sulfur content can qualify the test method used per EPA performance based testing criteria (See 1090 Subpart D).,Source note / supporting table
63,15 ppm sulfur diesel (up to 5% renewable),3.20,42,note,,,,,,,4.Either physical or simulated distillation can be used. [N] Simulated distillation MUST be correlated to D86,Source note / supporting table
63,15 ppm sulfur diesel (up to 5% renewable),3.20,42,note,,,,,,,5. May contain up to 5% Renewable Diesel as definied in section 3.2.7,Source note / supporting table
63,15 ppm sulfur diesel (up to 5% renewable),3.20,42,note,,,,,,,6. Bengal will accept test methods results that are listed in ASTM D975 for all tests. Test methods listed in the table above are considered referee methods by Bengal Pipeline. Referee methods apply for any disputes.,Source note / supporting table
63,15 ppm sulfur diesel (up to 5% renewable),3.20,42,note,,,,,,,Delivery test results may vary by the smaller of ASTM reproducibility for a given test or any test tolerance as allowed by state or EPA regulations at the point of delivery.,Source note / supporting table
63,15 ppm sulfur diesel (up to 5% renewable),3.20,42,note,,,,,,,5% RENEWABLE HYDROTREATED DIESEL FUEL GRADE 63,Source text; PDF has no detected specification grid
63,15 ppm sulfur diesel (up to 5% renewable),3.20,42,note,,,,,,,Cancels Previous Issues of Grade 63 Test Results,Source text; PDF has no detected specification grid
63,15 ppm sulfur diesel (up to 5% renewable),3.20,42,note,,,,,,,NOTES:,Source text; PDF has no detected specification grid
63,15 ppm sulfur diesel (up to 5% renewable),3.20,42,note,,,,,,,1. Additive requirements/restrictions - refer to section 3.2.,Source text; PDF has no detected specification grid
63,15 ppm sulfur diesel (up to 5% renewable),3.20,42,note,,,,,,,2. This schedule denotes the fluidity of the distillate at the time and place of origin.,Source text; PDF has no detected specification grid
63,15 ppm sulfur diesel (up to 5% renewable),3.20,42,note,,,,,,,Pour Point –August 1st through March 14th Maximum: -18oC (-0.4oF).,Source text; PDF has no detected specification grid
63,15 ppm sulfur diesel (up to 5% renewable),3.20,42,note,,,,,,,Pour Point – March 15th through July 31st Maximum: -12oC (10.4oF),Source text; PDF has no detected specification grid
63,15 ppm sulfur diesel (up to 5% renewable),3.20,42,note,,,,,,,Cloud Point – August 1st through March 14th Maximum: -9oC (15.8oF),Source text; PDF has no detected specification grid
63,15 ppm sulfur diesel (up to 5% renewable),3.20,42,note,,,,,,,Cloud Point – March 15th through July 31st Maximum: -7oC (19.4oF),Source text; PDF has no detected specification grid
63,15 ppm sulfur diesel (up to 5% renewable),3.20,42,note,,,,,,,3. Origin laboratory certifying sulfur content can qualify the test method used per EPA performance based testing criteria,Source text; PDF has no detected specification grid
63,15 ppm sulfur diesel (up to 5% renewable),3.20,42,note,,,,,,,(See 1090 Subpart D).,Source text; PDF has no detected specification grid
63,15 ppm sulfur diesel (up to 5% renewable),3.20,42,note,,,,,,,4.Either physical or simulated distillation can be used. [N] Simulated distillation MUST be correlated to D86,Source text; PDF has no detected specification grid
63,15 ppm sulfur diesel (up to 5% renewable),3.20,42,note,,,,,,,5. May contain up to 5% Renewable Diesel as definied in section 3.2.7,Source text; PDF has no detected specification grid
63,15 ppm sulfur diesel (up to 5% renewable),3.20,42,note,,,,,,,6. Bengal will accept test methods results that are listed in ASTM D975 for all tests. Test methods listed in the table,Source text; PDF has no detected specification grid
63,15 ppm sulfur diesel (up to 5% renewable),3.20,42,note,,,,,,,above are considered referee methods by Bengal Pipeline. Referee methods apply for any disputes.,Source text; PDF has no detected specification grid
63,15 ppm sulfur diesel (up to 5% renewable),3.20,42,note,,,,,,,Delivery test results may vary by the smaller of ASTM reproducibility for a given test or any test tolerance as allowed by,Source text; PDF has no detected specification grid
63,15 ppm sulfur diesel (up to 5% renewable),3.20,42,note,,,,,,,state or EPA regulations at the point of delivery.,Source text; PDF has no detected specification grid
65,Segregated 15 ppm distillate,3.21,43,context,,,,,,,PRODUCT SPECIFICATIONS 3.21 SPECIFICATIONS FOR SEGREGATED 15 ppm SULFUR DISTILLATE GRADE 65,Source heading
65,Segregated 15 ppm distillate,3.21,43,specification,All / see section,Gravity API,D4052,30,,,Gravity API | D4052 | 30 |  | ,Table extracted; verify merged cells and revision markings
65,Segregated 15 ppm distillate,3.21,43,specification,All / see section,"Flash Point, oF",D93,100,,,"Flash Point, oF | D93 | 100 |  | ",Table extracted; verify merged cells and revision markings
65,Segregated 15 ppm distillate,3.21,43,specification,All / see section,Nace Corrosion,TM0172,B+ (origin),,,Nace Corrosion | TM0172 | B+ (origin) |  | ,Table extracted; verify merged cells and revision markings
65,Segregated 15 ppm distillate,3.21,43,specification,All / see section,"Total Sulfur, ppmwt",D5453,,15,1,"Total Sulfur, ppmwt | D5453 |  | 15 | 1",Table extracted; verify merged cells and revision markings
65,Segregated 15 ppm distillate,3.21,43,specification,All / see section,"Electrical Conductivity, pS/m @ 21°C(70°F)",D2624,,250,,"Electrical Conductivity, pS/m @ 21°C(70°F) | D2624 |  | 250 | ",Table extracted; verify merged cells and revision markings
65,Segregated 15 ppm distillate,3.21,43,note,,,,,,,The pre-shipment documentation with the actual results must be received before shipment.,Source note / supporting table
65,Segregated 15 ppm distillate,3.21,43,note,,,,,,,1. Origin laboratory certifying sulfur content can qualify the test method used per EPA performance based testing criteria (See 1090 Subpart D).,Source note / supporting table
65,Segregated 15 ppm distillate,3.21,43,note,,,,,,,2. Additive requirements/restrictions - refer to section 3.2.,Source note / supporting table
65,Segregated 15 ppm distillate,3.21,43,note,,,,,,,3. May contain Renewable Diesel as defined in section 3.2.7,Source note / supporting table
65,Segregated 15 ppm distillate,3.21,43,note,,,,,,,4. Bengal will accept test methods results that are listed in ASTM D975 for all tests. Test methods listed in the table above are considered referee methods by Bengal Pipeline. Referee methods apply for any dispute.,Source note / supporting table
65,Segregated 15 ppm distillate,3.21,43,note,,,,,,,Delivery test results may vary by the smaller of ASTM reproducibility for a given test or any test tolerance as allowed by state or EPA regulations at the point of delivery.,Source note / supporting table
65,Segregated 15 ppm distillate,3.21,43,note,,,,,,,1. Origin laboratory certifying sulfur content can qualify the test method used per EPA performance,Extracted narrative; verify continuation
65,Segregated 15 ppm distillate,3.21,43,note,,,,,,,2. Additive requirements/restrictions - refer to section 3.2.,Extracted narrative; verify continuation
65,Segregated 15 ppm distillate,3.21,43,note,,,,,,,3. May contain Renewable Diesel as defined in section 3.2.7,Extracted narrative; verify continuation
65,Segregated 15 ppm distillate,3.21,43,note,,,,,,,4. Bengal will accept test methods results that are listed in ASTM D975 for all tests. Test methods listed,Extracted narrative; verify continuation
67,Certified NTDF heating oil,3.22,44,context,,,,,,,PRODUCT SPECIFICATIONS 3.22.1 SPECIFICATIONS FOR FUNGIBLE CERTIFIED NON- TRANSPORTATION 15 PPM,Source heading
67,Certified NTDF heating oil,3.22,44,note,,,,,,,3.22.1 — SPECIFICATIONS FOR FUNGIBLE CERTIFIED NON- TRANSPORTATION 15 PPM,Source note / supporting table
67,Certified NTDF heating oil,3.22,44,note,,,,,,,DISTILLATE FUEL (CERTIFIED NTDF) GRADE 67,Source note / supporting table
67,Certified NTDF heating oil,3.22,44,note,,,,,,,EPA Designation: Heating Oil (Certified NTDF),Source note / supporting table
67,Certified NTDF heating oil,3.22,44,specification,All / see section,Gravity API,D4052,30,,,Gravity API | D4052 | 30 |  |  | ,Table extracted; verify merged cells and revision markings
67,Certified NTDF heating oil,3.22,44,specification,All / see section,"Flash Point, oF",D93,130 (Origin),,,"Flash Point, oF | D93 | 130 (Origin) |  |  | ",Table extracted; verify merged cells and revision markings
67,Certified NTDF heating oil,3.22,44,specification,All / see section,,,125.8 (Delivery),,, |  | 125.8 (Delivery) |  |  | ,Table extracted; verify merged cells and revision markings
67,Certified NTDF heating oil,3.22,44,specification,All / see section,"Physical Distillation, °C(oF)",D86,,,4,"Physical Distillation, °C(oF) | D86 |  |  | 4 | ",Table extracted; verify merged cells and revision markings
67,Certified NTDF heating oil,3.22,44,specification,All / see section,50%,,,Report,,50% |  |  | Report |  | ,Table extracted; verify merged cells and revision markings
67,Certified NTDF heating oil,3.22,44,specification,All / see section,90%,,282(540),338(640),,90% |  | 282(540) | 338(640) |  | ,Table extracted; verify merged cells and revision markings
67,Certified NTDF heating oil,3.22,44,specification,All / see section,End Point o,,,371(700),,End Point o |  |  | 371(700) |  | ,Table extracted; verify merged cells and revision markings
67,Certified NTDF heating oil,3.22,44,specification,All / see section,"[C] or Simulated Distillation, °C(F)",[C] D2887,,,[C] 4,"[C] or Simulated Distillation, °C(F) | [C] D2887 |  |  | [C] 4 | ",Table extracted; verify merged cells and revision markings
67,Certified NTDF heating oil,3.22,44,specification,All / see section,[C] 50% recovered,,,[C] Report,,[C] 50% recovered |  |  | [C] Report |  | ,Table extracted; verify merged cells and revision markings
67,Certified NTDF heating oil,3.22,44,specification,All / see section,[C] 90% recovered,,[C] 300(572),[C] 356(673),,[C] 90% recovered |  | [C] 300(572) | [C] 356(673) |  | ,Table extracted; verify merged cells and revision markings
67,Certified NTDF heating oil,3.22,44,specification,All / see section,[C] End Point,,,[C] 421(790),,[C] End Point |  |  | [C] 421(790) |  | ,Table extracted; verify merged cells and revision markings
67,Certified NTDF heating oil,3.22,44,specification,All / see section,Color ASTM,D6045,,2.5,,Color ASTM | D6045 |  | 2.5 |  | ,Table extracted; verify merged cells and revision markings
67,Certified NTDF heating oil,3.22,44,specification,All / see section,Color Visual,,Undyed,,,Color Visual |  | Undyed |  |  | ,Table extracted; verify merged cells and revision markings
67,Certified NTDF heating oil,3.22,44,specification,All / see section,"Viscosity, cSt @ 40oC (104oF)",D445,1.9,4.1,,"Viscosity, cSt @ 40oC (104oF) | D445 | 1.9 | 4.1 |  | ",Table extracted; verify merged cells and revision markings
67,Certified NTDF heating oil,3.22,44,specification,All / see section,Pour Point,D97,,,2,Pour Point | D97 |  |  | 2 | ,Table extracted; verify merged cells and revision markings
67,Certified NTDF heating oil,3.22,44,specification,All / see section,Cloud Point,D2500,,,2,Cloud Point | D2500 |  |  | 2 | ,Table extracted; verify merged cells and revision markings
67,Certified NTDF heating oil,3.22,44,specification,All / see section,"Corrosion, 3 hrs. @ 50oC (122oF)",D130,,1,,"Corrosion, 3 hrs. @ 50oC (122oF) | D130 |  | 1 |  | ",Table extracted; verify merged cells and revision markings
67,Certified NTDF heating oil,3.22,44,specification,All / see section,"Total Sulfur, ppmwt",D5453,,11 (Origin),3,"Total Sulfur, ppmwt | D5453 |  | 11 (Origin) | 3 | ",Table extracted; verify merged cells and revision markings
67,Certified NTDF heating oil,3.22,44,specification,All / see section,,,,14 (Delivery),, |  |  | 14 (Delivery) |  | ,Table extracted; verify merged cells and revision markings
67,Certified NTDF heating oil,3.22,44,specification,All / see section,Cetane Number,D613,40,,[N] 5,Cetane Number | D613 | 40 |  | [N] 5 | ,Table extracted; verify merged cells and revision markings
67,Certified NTDF heating oil,3.22,44,specification,All / see section,And One of the following condition should be met,,,,,And One of the following condition should be met |  |  |  |  | ,Table extracted; verify merged cells and revision markings
67,Certified NTDF heating oil,3.22,44,specification,All / see section,"1. Aromatics (Volume %) , OR",D1319,,31.7,,"1. Aromatics (Volume %) , OR | D1319 |  | 31.7 |  | ",Table extracted; verify merged cells and revision markings
67,Certified NTDF heating oil,3.22,44,specification,All / see section,2. Cetane Index,D976,40,,,2. Cetane Index | D976 | 40 |  |  | ,Table extracted; verify merged cells and revision markings
67,Certified NTDF heating oil,3.22,44,specification,All / see section,"Ash, wt.%",D482,,0.01,,"Ash, wt.% | D482 |  | 0.01 |  | ",Table extracted; verify merged cells and revision markings
67,Certified NTDF heating oil,3.22,44,specification,All / see section,Carbon Residue: Ramsbottom on 10% Bottom,D524,,0.35,,Carbon Residue: Ramsbottom on 10% Bottom | D524 |  | 0.35 |  | ,Table extracted; verify merged cells and revision markings
67,Certified NTDF heating oil,3.22,44,specification,All / see section,"BS&W, vol.%",D2709,,< 0.05,,"BS&W, vol.% | D2709 |  | < 0.05 |  | ",Table extracted; verify merged cells and revision markings
67,Certified NTDF heating oil,3.22,44,specification,All / see section,,[C] or equivalent,,,, | [C] or equivalent |  |  |  | ,Table extracted; verify merged cells and revision markings
67,Certified NTDF heating oil,3.22,44,specification,All / see section,"Thermal stability, 90 minutes, 150°C",D6468,,,,"Thermal stability, 90 minutes, 150°C | D6468 |  |  |  | ",Table extracted; verify merged cells and revision markings
67,Certified NTDF heating oil,3.22,44,specification,All / see section,1. Pad rating (Dupont),,,7,,1. Pad rating (Dupont) |  |  | 7 |  | ,Table extracted; verify merged cells and revision markings
67,Certified NTDF heating oil,3.22,44,specification,All / see section,2. Reflactance Y/Green,,73%,,,2. Reflactance Y/Green |  | 73% |  |  | ,Table extracted; verify merged cells and revision markings
67,Certified NTDF heating oil,3.22,44,specification,All / see section,[C] OR,,,,,[C] OR |  |  |  |  | ,Table extracted; verify merged cells and revision markings
67,Certified NTDF heating oil,3.22,44,specification,All / see section,[C] Thermal stability,[C] D6468,,,,[C] Thermal stability | [C] D6468 |  |  |  | ,Table extracted; verify merged cells and revision markings
67,Certified NTDF heating oil,3.22,44,specification,All / see section,[C] Y/Green,,[C] 73%,,,[C] Y/Green |  | [C] 73% |  |  | ,Table extracted; verify merged cells and revision markings
67,Certified NTDF heating oil,3.22,44,specification,All / see section,[C] W Unit,,[C] 65%,,,[C] W Unit |  | [C] 65% |  |  | ,Table extracted; verify merged cells and revision markings
67,Certified NTDF heating oil,3.22,44,specification,All / see section,OR,,,,,OR |  |  |  |  | ,Table extracted; verify merged cells and revision markings
67,Certified NTDF heating oil,3.22,44,specification,All / see section,"Oxidation stability, mg/100 ml",D2274,,2.5,,"Oxidation stability, mg/100 ml | D2274 |  | 2.5 |  | ",Table extracted; verify merged cells and revision markings
67,Certified NTDF heating oil,3.22,44,specification,All / see section,Haze rating @ 25oC (77oF) [W] Procedure 2,D4176,,2,,Haze rating @ 25oC (77oF) [W] Procedure 2 | D4176 |  | 2 |  | ,Table extracted; verify merged cells and revision markings
67,Certified NTDF heating oil,3.22,44,specification,All / see section,,[W] Procedure 2,,,, | [W] Procedure 2 |  |  |  | ,Table extracted; verify merged cells and revision markings
67,Certified NTDF heating oil,3.22,44,specification,All / see section,Nace Corrosion,TM0172,B+ (Origin),,,Nace Corrosion | TM0172 | B+ (Origin) |  |  | ,Table extracted; verify merged cells and revision markings
67,Certified NTDF heating oil,3.22,44,specification,All / see section,"Electrical Conductivity, pS/m @ 21°C(70°F)",D2624,,250,,"Electrical Conductivity, pS/m @ 21°C(70°F) | D2624 |  | 250 |  | ",Table extracted; verify merged cells and revision markings
67,Certified NTDF heating oil,3.22,45,context,,,,,,,PRODUCT SPECIFICATIONS SPECIFICATIONS FOR FUNGIBLE CERTIFIED NON-TRANSPORTATION 15 PPM,Source heading
67,Certified NTDF heating oil,3.22,45,note,,,,,,,3.22.2 — SPECIFICATIONS FOR FUNGIBLE CERTIFIED NON-TRANSPORTATION 15 PPM DISTILLATE FUEL (CERTIFIED NTDF) GRADE 67,Source note / supporting table
67,Certified NTDF heating oil,3.22,45,note,,,,,,,EPA Designation: Heating Oil Certified NTDF,Source note / supporting table
67,Certified NTDF heating oil,3.22,45,note,,,,,,,1. Additive requirements/restrictions - refer to section 3.2.,Source note / supporting table
67,Certified NTDF heating oil,3.22,45,note,,,,,,,2. This schedule denotes the fluidity of the distillate at the time and place of origin.,Source note / supporting table
67,Certified NTDF heating oil,3.22,45,note,,,,,,,Pour Point –August 1st through March 14th — Maximum: -18oC (-0.4oF).,Source note / supporting table
67,Certified NTDF heating oil,3.22,45,note,,,,,,,Pour Point – March 15th through July 31st — Maximum: -12oC (10.4oF),Source note / supporting table
67,Certified NTDF heating oil,3.22,45,note,,,,,,,Cloud Point – August 1st through March 14th — Maximum: -9oC (15.8oF),Source note / supporting table
67,Certified NTDF heating oil,3.22,45,note,,,,,,,Cloud Point – March 15th through July 31st — Maximum: -7oC (19.4oF),Source note / supporting table
67,Certified NTDF heating oil,3.22,45,note,,,,,,,3. Origin laboratory certifying sulfur content can qualify the test method used per EPA performance based testing criteria (See 1090 Subpart D).,Source note / supporting table
67,Certified NTDF heating oil,3.22,45,note,,,,,,,4. Either physical or simulated distillation can be used. [N] Simulated distillation MUST be correlated to D86,Source note / supporting table
67,Certified NTDF heating oil,3.22,45,note,,,,,,,5. Bengal will accept test methods results that are listed in ASTM D975 for all tests. Test methods listed in the table above are considered referee methods by Bengal Pipeline. Referee methods apply for any disputes.,Source note / supporting table
67,Certified NTDF heating oil,3.22,45,note,,,,,,,Delivery test results may vary by the smaller of ASTM reproducibility for a given test or any test tolerance as allowed by state or EPA regulations at the point of delivery.,Source note / supporting table
67,Certified NTDF heating oil,3.22,45,note,,,,,,,SPECIFICATIONS FOR FUNGIBLE CERTIFIED NON-TRANSPORTATION 15 PPM,Source text; PDF has no detected specification grid
67,Certified NTDF heating oil,3.22,45,note,,,,,,,EPA Designation: Heating Oil Certified NTDF,Source text; PDF has no detected specification grid
67,Certified NTDF heating oil,3.22,45,note,,,,,,,Cancels Previous Issues of Grade 67,Source text; PDF has no detected specification grid
67,Certified NTDF heating oil,3.22,45,note,,,,,,,NOTES:,Source text; PDF has no detected specification grid
67,Certified NTDF heating oil,3.22,45,note,,,,,,,1. Additive requirements/restrictions - refer to section 3.2.,Source text; PDF has no detected specification grid
67,Certified NTDF heating oil,3.22,45,note,,,,,,,2. This schedule denotes the fluidity of the distillate at the time and place of origin.,Source text; PDF has no detected specification grid
67,Certified NTDF heating oil,3.22,45,note,,,,,,,Pour Point –August 1st through March 14th Maximum: -18oC (-0.4oF).,Source text; PDF has no detected specification grid
67,Certified NTDF heating oil,3.22,45,note,,,,,,,Pour Point – March 15th through July 31st Maximum: -12oC (10.4oF),Source text; PDF has no detected specification grid
67,Certified NTDF heating oil,3.22,45,note,,,,,,,Cloud Point – August 1st through March 14th Maximum: -9oC (15.8oF),Source text; PDF has no detected specification grid
67,Certified NTDF heating oil,3.22,45,note,,,,,,,Cloud Point – March 15th through July 31st Maximum: -7oC (19.4oF),Source text; PDF has no detected specification grid
67,Certified NTDF heating oil,3.22,45,note,,,,,,,3. Origin laboratory certifying sulfur content can qualify the test method used per EPA performance based testing criteria (See 1090,Source text; PDF has no detected specification grid
67,Certified NTDF heating oil,3.22,45,note,,,,,,,Subpart D).,Source text; PDF has no detected specification grid
67,Certified NTDF heating oil,3.22,45,note,,,,,,,4. Either physical or simulated distillation can be used. [N] Simulated distillation MUST be correlated to D86,Source text; PDF has no detected specification grid
67,Certified NTDF heating oil,3.22,45,note,,,,,,,5. Bengal will accept test methods results that are listed in ASTM D975 for all tests. Test methods listed in the table above are,Source text; PDF has no detected specification grid
67,Certified NTDF heating oil,3.22,45,note,,,,,,,considered referee methods by Bengal Pipeline. Referee methods apply for any disputes.,Source text; PDF has no detected specification grid
67,Certified NTDF heating oil,3.22,45,note,,,,,,,Delivery test results may vary by the smaller of ASTM reproducibility for a given test or any test tolerance as allowed by state or,Source text; PDF has no detected specification grid
67,Certified NTDF heating oil,3.22,45,note,,,,,,,EPA regulations at the point of delivery.,Source text; PDF has no detected specification grid
69,15 ppm distillate blendstock,3.23,46,context,,,,,,,PRODUCT SPECIFICATIONS 3.23 SPECIFICATIONS FOR SEGREGATED 15 ppm SULFUR DISTILLATE BLENDSTOCKS GRADE 69,Source heading
69,15 ppm distillate blendstock,3.23,46,specification,All / see section,Gravity API,D4052,,30,,Gravity API | D4052 |  | 30 | ,Table extracted; verify merged cells and revision markings
69,15 ppm distillate blendstock,3.23,46,specification,All / see section,"Flash Point, oF",D93,,100,,"Flash Point, oF | D93 |  | 100 | ",Table extracted; verify merged cells and revision markings
69,15 ppm distillate blendstock,3.23,46,specification,All / see section,Nace Corrosion,TM0172,,B+ (origin),,Nace Corrosion | TM0172 |  | B+ (origin) | ,Table extracted; verify merged cells and revision markings
69,15 ppm distillate blendstock,3.23,46,specification,All / see section,"Total Sulfur, ppmwt",D5453,,15,1,"Total Sulfur, ppmwt | D5453 |  | 15 | 1",Table extracted; verify merged cells and revision markings
69,15 ppm distillate blendstock,3.23,46,specification,All / see section,"Electrical Conductivity, pS/m @ 21°C(70°F)",D2624,,250,,"Electrical Conductivity, pS/m @ 21°C(70°F) | D2624 |  | 250 | ",Table extracted; verify merged cells and revision markings
69,15 ppm distillate blendstock,3.23,46,note,,,,,,,The pre-shipment documentation with the actual results must be received before shipment.,Source note / supporting table
69,15 ppm distillate blendstock,3.23,46,note,,,,,,,1. Origin laboratory certifying sulfur content can qualify the test method used per EPA performance based testing criteria (See 1090 Subpart D).,Source note / supporting table
69,15 ppm distillate blendstock,3.23,46,note,,,,,,,2. Additive requirements/restrictions - refer to section 3.2.,Source note / supporting table
69,15 ppm distillate blendstock,3.23,46,note,,,,,,,3. May contain Renewable Diesel as defined in section 3.2.7,Source note / supporting table
69,15 ppm distillate blendstock,3.23,46,note,,,,,,,4. Bengal will accept test methods results that are listed in ASTM D975 for all tests. Test methods listed in the table above are considered referee methods by Bengal Pipeline. Referee methods apply for any disputes.,Source note / supporting table
69,15 ppm distillate blendstock,3.23,46,note,,,,,,,Delivery test results may vary by the smaller of ASTM reproducibility for a given test or any test tolerance as allowed by state or EPA regulations at the point of delivery.,Source note / supporting table
69,15 ppm distillate blendstock,3.23,46,note,,,,,,,1. Origin laboratory certifying sulfur content can qualify the test method used per EPA performance based,Extracted narrative; verify continuation
69,15 ppm distillate blendstock,3.23,46,note,,,,,,,2. Additive requirements/restrictions - refer to section 3.2.,Extracted narrative; verify continuation
69,15 ppm distillate blendstock,3.23,46,note,,,,,,,3. May contain Renewable Diesel as defined in section 3.2.7,Extracted narrative; verify continuation
69,15 ppm distillate blendstock,3.23,46,note,,,,,,,4. Bengal will accept test methods results that are listed in ASTM D975 for all tests. Test methods listed in,Extracted narrative; verify continuation
71,High sulfur distillate export,3.24,47,context,,,,,,,PRODUCT SPECIFICATIONS 3.24 SPECIFICATIONS FOR SEGREGATED HIGH SULFUR GRADE 71 DISTILLATE FUEL FOR EXPORT ONLY,Source heading
71,High sulfur distillate export,3.24,47,specification,All / see section,"Total Sulfur, ppmwt",D5453,,2000,1,"Total Sulfur, ppmwt | D5453 |  | 2000 | 1",Table extracted; verify merged cells and revision markings
71,High sulfur distillate export,3.24,47,specification,All / see section,Nace Corrosion,TM0172,,B+ (origin),,Nace Corrosion | TM0172 |  | B+ (origin) | ,Table extracted; verify merged cells and revision markings
71,High sulfur distillate export,3.24,47,specification,All / see section,"Electrical Conductivity, pS/m @ 21°C(70°F)",D2624,,250,,"Electrical Conductivity, pS/m @ 21°C(70°F) | D2624 |  | 250 | ",Table extracted; verify merged cells and revision markings
71,High sulfur distillate export,3.24,47,note,,,,,,,1. Origin laboratory certifying sulfur content can qualify the test method used per EPA performance based testing criteria (See 1090 Subpart D).,Source note / supporting table
71,High sulfur distillate export,3.24,47,note,,,,,,,2. Additive requirements/restrictions - refer to section 3.2.,Source note / supporting table
71,High sulfur distillate export,3.24,47,note,,,,,,,3. Bengal will accept test methods results that are listed in ASTM D396for all tests. Test methods listed in the table above are considered referee methods by Bengal Pipeline. Referee methods apply for any disputes.,Source note / supporting table
71,High sulfur distillate export,3.24,47,note,,,,,,,Delivery test results may vary by the smaller of ASTM reproducibility for a given test or any test tolerance as allowed by state or EPA regulations at the point of delivery.,Source note / supporting table
71,High sulfur distillate export,3.24,47,note,,,,,,,1. Origin laboratory certifying sulfur content can qualify the test method used per EPA performance based testing,Extracted narrative; verify continuation
71,High sulfur distillate export,3.24,47,note,,,,,,,2. Additive requirements/restrictions - refer to section 3.2.,Extracted narrative; verify continuation
71,High sulfur distillate export,3.24,47,note,,,,,,,3. Bengal will accept test methods results that are listed in ASTM D396for all tests. Test methods listed in the,Extracted narrative; verify continuation
72,500 ppm distillate blendstock,3.25,48,context,,,,,,,PRODUCT SPECIFICATIONS 3.25 SPECIFICATIONS FOR SEGREGATED DISTILLATE BLENDSTOCKS GRADE 72,Source heading
72,500 ppm distillate blendstock,3.25,48,specification,All / see section,Gravity API,D4052,25,42,,Gravity API | D4052 | 25 | 42 | ,Table extracted; verify merged cells and revision markings
72,500 ppm distillate blendstock,3.25,48,specification,All / see section,"Flash Point, oF",D93,100,,,"Flash Point, oF | D93 | 100 |  | ",Table extracted; verify merged cells and revision markings
72,500 ppm distillate blendstock,3.25,48,specification,All / see section,Nace Corrosion,TM0172,B+ (origin),,,Nace Corrosion | TM0172 | B+ (origin) |  | ,Table extracted; verify merged cells and revision markings
72,500 ppm distillate blendstock,3.25,48,specification,All / see section,"Total Sulfur, ppmwt",D5453,,500,1,"Total Sulfur, ppmwt | D5453 |  | 500 | 1",Table extracted; verify merged cells and revision markings
72,500 ppm distillate blendstock,3.25,48,specification,All / see section,"Electrical Conductivity, pS/m @ 21°C(70°F)",D2624,,250,,"Electrical Conductivity, pS/m @ 21°C(70°F) | D2624 |  | 250 | ",Table extracted; verify merged cells and revision markings
72,500 ppm distillate blendstock,3.25,48,note,,,,,,,The pre-shipment documentation with the actual results must be received before shipment.,Source note / supporting table
72,500 ppm distillate blendstock,3.25,48,note,,,,,,,1. Origin laboratory certifying sulfur content can qualify the test method used per EPA performance based testing criteria (See 1090 Subpart D).,Source note / supporting table
72,500 ppm distillate blendstock,3.25,48,note,,,,,,,2. Additive requirements/restrictions - refer to section 3.2.,Source note / supporting table
72,500 ppm distillate blendstock,3.25,48,note,,,,,,,3. Bengal will accept test methods results that are listed in ASTM D396for all tests. Test methods listed in the table above are considered referee methods by Bengal Pipeline. Referee methods apply for any disputes.,Source note / supporting table
72,500 ppm distillate blendstock,3.25,48,note,,,,,,,Delivery test results may vary by the smaller of ASTM reproducibility for a given test or any test tolerance as allowed by state or EPA regulations at the point of delivery.,Source note / supporting table
72,500 ppm distillate blendstock,3.25,48,note,,,,,,,1. Origin laboratory certifying sulfur content can qualify the test method used per EPA,Extracted narrative; verify continuation
72,500 ppm distillate blendstock,3.25,48,note,,,,,,,2. Additive requirements/restrictions - refer to section 3.2.,Extracted narrative; verify continuation
72,500 ppm distillate blendstock,3.25,48,note,,,,,,,3. Bengal will accept test methods results that are listed in ASTM D396for all tests. Test methods,Extracted narrative; verify continuation
73,500 ppm locomotive diesel,3.26,49,context,,,,,,,PRODUCT SPECIFICATIONS 3.26 SPECIFICATIONS FOR SEGREGATED 500 ppm LOCOMOTIVE FUEL GRADE 73,Source heading
73,500 ppm locomotive diesel,3.26,49,specification,All / see section,"Sulfur, ppmwt",D5453,,500,1,"Sulfur, ppmwt | D5453 |  | 500 | 1",Table extracted; verify merged cells and revision markings
73,500 ppm locomotive diesel,3.26,49,specification,All / see section,Flash Point oF,D93,140,,,Flash Point oF | D93 | 140 |  | ,Table extracted; verify merged cells and revision markings
73,500 ppm locomotive diesel,3.26,49,specification,All / see section,Nace Corrosion,TM0172,B+ (origin),,,Nace Corrosion | TM0172 | B+ (origin) |  | ,Table extracted; verify merged cells and revision markings
73,500 ppm locomotive diesel,3.26,49,specification,All / see section,"Electrical Conductivity, pS/m @ 21°C(70°F)",D2624,,250,,"Electrical Conductivity, pS/m @ 21°C(70°F) | D2624 |  | 250 | ",Table extracted; verify merged cells and revision markings
73,500 ppm locomotive diesel,3.26,49,note,,,,,,,1. Origin laboratory certifying sulfur content can qualify the test method used per EPA performance based testing criteria (See 1090 Subpart D).,Source note / supporting table
73,500 ppm locomotive diesel,3.26,49,note,,,,,,,2. Additive requirements/restrictions - refer to section 3.2.,Source note / supporting table
73,500 ppm locomotive diesel,3.26,49,note,,,,,,,3. Bengal will accept test methods results that are listed in ASTM D396for all tests. Test methods listed in the table above are considered referee methods by Bengal Pipeline. Referee methods apply for any disputes.,Source note / supporting table
73,500 ppm locomotive diesel,3.26,49,note,,,,,,,Delivery test results may vary by the smaller of ASTM reproducibility for a given test or any test tolerance as allowed by state or EPA regulations at the point of delivery.,Source note / supporting table
73,500 ppm locomotive diesel,3.26,49,note,,,,,,,1. Origin laboratory certifying sulfur content can qualify the test method used per EPA,Extracted narrative; verify continuation
73,500 ppm locomotive diesel,3.26,49,note,,,,,,,2. Additive requirements/restrictions - refer to section 3.2.,Extracted narrative; verify continuation
73,500 ppm locomotive diesel,3.26,49,note,,,,,,,3. Bengal will accept test methods results that are listed in ASTM D396for all tests. Test methods,Extracted narrative; verify continuation
75,Heating oil 500 ppm,3.27,50,context,,,,,,,PRODUCT SPECIFICATIONS SPECIFICATIONS FOR FUNGIBLE 500 ppm SULFUR HEATING OIL GRADE 75,Source heading
75,Heating oil 500 ppm,3.27,50,specification,All / see section,Gravity API,D4052,30,,,Gravity API | D4052 | 30 |  |  | ,Table extracted; verify merged cells and revision markings
75,Heating oil 500 ppm,3.27,50,specification,All / see section,"Flash Point, oF",D93,124 (Origin),,,"Flash Point, oF | D93 | 124 (Origin) |  |  | ",Table extracted; verify merged cells and revision markings
75,Heating oil 500 ppm,3.27,50,specification,All / see section,,,116 (Delivery),,, |  | 116 (Delivery) |  |  | ,Table extracted; verify merged cells and revision markings
75,Heating oil 500 ppm,3.27,50,specification,All / see section,"Physical Distillation, °C(oF)",D86,,,4,"Physical Distillation, °C(oF) | D86 |  |  | 4 | ",Table extracted; verify merged cells and revision markings
75,Heating oil 500 ppm,3.27,50,specification,All / see section,50%,,,Report,,50% |  |  | Report |  | ,Table extracted; verify merged cells and revision markings
75,Heating oil 500 ppm,3.27,50,specification,All / see section,90%,,282(540),338(640),,90% |  | 282(540) | 338(640) |  | ,Table extracted; verify merged cells and revision markings
75,Heating oil 500 ppm,3.27,50,specification,All / see section,End Point o,,,371(700),,End Point o |  |  | 371(700) |  | ,Table extracted; verify merged cells and revision markings
75,Heating oil 500 ppm,3.27,50,specification,All / see section,"[C] or Simulated Distillation, °C(F)",[C] D2887,,,[C] 4,"[C] or Simulated Distillation, °C(F) | [C] D2887 |  |  | [C] 4 | ",Table extracted; verify merged cells and revision markings
75,Heating oil 500 ppm,3.27,50,specification,All / see section,[C] 50% recovered,,,[C] Report,,[C] 50% recovered |  |  | [C] Report |  | ,Table extracted; verify merged cells and revision markings
75,Heating oil 500 ppm,3.27,50,specification,All / see section,[C] 90% recovered,,[C] 300(572),[C] 356(673),,[C] 90% recovered |  | [C] 300(572) | [C] 356(673) |  | ,Table extracted; verify merged cells and revision markings
75,Heating oil 500 ppm,3.27,50,specification,All / see section,[C] End Point,,,[C] 421(790),,[C] End Point |  |  | [C] 421(790) |  | ,Table extracted; verify merged cells and revision markings
75,Heating oil 500 ppm,3.27,50,specification,All / see section,Color ASTM,D6045,,2.5,3,Color ASTM | D6045 |  | 2.5 | 3 | ,Table extracted; verify merged cells and revision markings
75,Heating oil 500 ppm,3.27,50,specification,All / see section,Color Visual,,Undyed,,,Color Visual |  | Undyed |  |  | ,Table extracted; verify merged cells and revision markings
75,Heating oil 500 ppm,3.27,50,specification,All / see section,"Viscosity, cSt @ 40oC (104oF)",D445,1.9,4.1,,"Viscosity, cSt @ 40oC (104oF) | D445 | 1.9 | 4.1 |  | ",Table extracted; verify merged cells and revision markings
75,Heating oil 500 ppm,3.27,50,specification,All / see section,Pour Point,D97,,,2,Pour Point | D97 |  |  | 2 | ,Table extracted; verify merged cells and revision markings
75,Heating oil 500 ppm,3.27,50,specification,All / see section,Cloud Point,D2500,,,2,Cloud Point | D2500 |  |  | 2 | ,Table extracted; verify merged cells and revision markings
75,Heating oil 500 ppm,3.27,50,specification,All / see section,"Corrosion, 3 hrs. @ 50oC (122oF)",D130,,1,,"Corrosion, 3 hrs. @ 50oC (122oF) | D130 |  | 1 |  | ",Table extracted; verify merged cells and revision markings
75,Heating oil 500 ppm,3.27,50,specification,All / see section,"Total Sulfur, ppmwt",D5453,,420 (Origin),5,"Total Sulfur, ppmwt | D5453 |  | 420 (Origin) | 5 | ",Table extracted; verify merged cells and revision markings
75,Heating oil 500 ppm,3.27,50,specification,All / see section,,,,500 (Delivery),, |  |  | 500 (Delivery) |  | ,Table extracted; verify merged cells and revision markings
75,Heating oil 500 ppm,3.27,50,specification,All / see section,Cetane Number,D613,40,,[N] 6,Cetane Number | D613 | 40 |  | [N] 6 | ,Table extracted; verify merged cells and revision markings
75,Heating oil 500 ppm,3.27,50,specification,All / see section,And One of the following condition should be met,,,,,And One of the following condition should be met |  |  |  |  | ,Table extracted; verify merged cells and revision markings
75,Heating oil 500 ppm,3.27,50,specification,All / see section,"1. Aromatics (Volume %) , OR",D1319,,31.7,,"1. Aromatics (Volume %) , OR | D1319 |  | 31.7 |  | ",Table extracted; verify merged cells and revision markings
75,Heating oil 500 ppm,3.27,50,specification,All / see section,2. Cetane Index,D976,40,,,2. Cetane Index | D976 | 40 |  |  | ,Table extracted; verify merged cells and revision markings
75,Heating oil 500 ppm,3.27,50,specification,All / see section,"Ash, wt.%",D482,,0.01,,"Ash, wt.% | D482 |  | 0.01 |  | ",Table extracted; verify merged cells and revision markings
75,Heating oil 500 ppm,3.27,50,specification,All / see section,Carbon Residue: Ramsbottom on 10% Bottom,D524,,0.35,,Carbon Residue: Ramsbottom on 10% Bottom | D524 |  | 0.35 |  | ,Table extracted; verify merged cells and revision markings
75,Heating oil 500 ppm,3.27,50,specification,All / see section,"BS&W, vol.%",D2709,,< 0.05,,"BS&W, vol.% | D2709 |  | < 0.05 |  | ",Table extracted; verify merged cells and revision markings
75,Heating oil 500 ppm,3.27,50,specification,All / see section,,[C] or equivalent,,,, | [C] or equivalent |  |  |  | ,Table extracted; verify merged cells and revision markings
75,Heating oil 500 ppm,3.27,50,specification,All / see section,"Thermal stability, 90 minutes, 150C",D6468,,,,"Thermal stability, 90 minutes, 150C | D6468 |  |  |  | ",Table extracted; verify merged cells and revision markings
75,Heating oil 500 ppm,3.27,50,specification,All / see section,1. Pad rating (Dupont),,,7,,1. Pad rating (Dupont) |  |  | 7 |  | ,Table extracted; verify merged cells and revision markings
75,Heating oil 500 ppm,3.27,50,specification,All / see section,2. Reflactance Y/Green,,73%,,,2. Reflactance Y/Green |  | 73% |  |  | ,Table extracted; verify merged cells and revision markings
75,Heating oil 500 ppm,3.27,50,specification,All / see section,[C] OR,,,,,[C] OR |  |  |  |  | ,Table extracted; verify merged cells and revision markings
75,Heating oil 500 ppm,3.27,50,specification,All / see section,[C] Thermal stability,[C] D6468,,,,[C] Thermal stability | [C] D6468 |  |  |  | ,Table extracted; verify merged cells and revision markings
75,Heating oil 500 ppm,3.27,50,specification,All / see section,[C] Y/Green,,[C] 73%,,,[C] Y/Green |  | [C] 73% |  |  | ,Table extracted; verify merged cells and revision markings
75,Heating oil 500 ppm,3.27,50,specification,All / see section,[C] W Unit,,[C] 65%,,,[C] W Unit |  | [C] 65% |  |  | ,Table extracted; verify merged cells and revision markings
75,Heating oil 500 ppm,3.27,50,specification,All / see section,OR,,,,,OR |  |  |  |  | ,Table extracted; verify merged cells and revision markings
75,Heating oil 500 ppm,3.27,50,specification,All / see section,"Oxidation stability, mg/100 ml",D2274,,2.5,,"Oxidation stability, mg/100 ml | D2274 |  | 2.5 |  | ",Table extracted; verify merged cells and revision markings
75,Heating oil 500 ppm,3.27,50,specification,All / see section,Haze rating @ 25oC (77oF) [W] Procedure 2,D4176,,2,,Haze rating @ 25oC (77oF) [W] Procedure 2 | D4176 |  | 2 |  | ,Table extracted; verify merged cells and revision markings
75,Heating oil 500 ppm,3.27,50,specification,All / see section,,[W] Procedure 2,,,, | [W] Procedure 2 |  |  |  | ,Table extracted; verify merged cells and revision markings
75,Heating oil 500 ppm,3.27,50,specification,All / see section,Nace Corrosion,TM0172,B+ (Origin),,,Nace Corrosion | TM0172 | B+ (Origin) |  |  | ,Table extracted; verify merged cells and revision markings
75,Heating oil 500 ppm,3.27,50,specification,All / see section,"Electrical Conductivity, pS/m @ 21°C(70°F)",D2624,,250,,"Electrical Conductivity, pS/m @ 21°C(70°F) | D2624 |  | 250 |  | ",Table extracted; verify merged cells and revision markings
75,Heating oil 500 ppm,3.27,51,context,,,,,,,PRODUCT SPECIFICATIONS SPECIFICATIONS FOR FUNGIBLE 500 ppm SULFUR HEATING OIL GRADE 75,Source heading
75,Heating oil 500 ppm,3.27,51,note,,,,,,,1. Additive requirements/restrictions - refer to section 3.2.,Source note / supporting table
75,Heating oil 500 ppm,3.27,51,note,,,,,,,2. This schedule denotes the fluidity of the distillate at the time and place of origin.,Source note / supporting table
75,Heating oil 500 ppm,3.27,51,note,,,,,,,Pour Point –August 1st through March 14th — Maximum: -18oC (-0.4oF).,Source note / supporting table
75,Heating oil 500 ppm,3.27,51,note,,,,,,,Pour Point – March 15th through July 31st — Maximum: -12oC (10.4oF),Source note / supporting table
75,Heating oil 500 ppm,3.27,51,note,,,,,,,Cloud Point – August 1st through March 14th — Maximum: -9oC (15.8oF),Source note / supporting table
75,Heating oil 500 ppm,3.27,51,note,,,,,,,Cloud Point – March 15th through July 31st — Maximum: -7oC (19.4oF),Source note / supporting table
75,Heating oil 500 ppm,3.27,51,note,,,,,,,3. ASTM color measurement before addition of dye.,Source note / supporting table
75,Heating oil 500 ppm,3.27,51,note,,,,,,,4. Either physical or simulated distillation can be used. [N] Simulated distillation MUST be correlated to D86,Source note / supporting table
75,Heating oil 500 ppm,3.27,51,note,,,,,,,5. Origin laboratory certifying sulfur content can qualify the test method used per EPA performance based testing criteria (See 1090 Subpart D).,Source note / supporting table
75,Heating oil 500 ppm,3.27,51,note,,,,,,,6. Bengal will accept test methods results that are listed in ASTM [N] D396/D975 for all tests. Test methods listed in the table above are considered referee methods by Bengal Pipeline. Referee methods apply for any disputes,Source note / supporting table
75,Heating oil 500 ppm,3.27,51,note,,,,,,,Delivery test results may vary by the smaller of ASTM reproducibility for a given test or any test tolerance as allowed by state or EPA regulations at the point of delivery,Source note / supporting table
75,Heating oil 500 ppm,3.27,51,note,,,,,,,SPECIFICATIONS FOR FUNGIBLE 500 ppm SULFUR HEATING OIL GRADE 75,Source text; PDF has no detected specification grid
75,Heating oil 500 ppm,3.27,51,note,,,,,,,Cancels Previous Issues of Grade 75,Source text; PDF has no detected specification grid
75,Heating oil 500 ppm,3.27,51,note,,,,,,,NOTES:,Source text; PDF has no detected specification grid
75,Heating oil 500 ppm,3.27,51,note,,,,,,,1. Additive requirements/restrictions - refer to section 3.2.,Source text; PDF has no detected specification grid
75,Heating oil 500 ppm,3.27,51,note,,,,,,,2. This schedule denotes the fluidity of the distillate at the time and place of origin.,Source text; PDF has no detected specification grid
75,Heating oil 500 ppm,3.27,51,note,,,,,,,Pour Point –August 1st through March 14th Maximum: -18oC (-0.4oF).,Source text; PDF has no detected specification grid
75,Heating oil 500 ppm,3.27,51,note,,,,,,,Pour Point – March 15th through July 31st Maximum: -12oC (10.4oF),Source text; PDF has no detected specification grid
75,Heating oil 500 ppm,3.27,51,note,,,,,,,Cloud Point – August 1st through March 14th Maximum: -9oC (15.8oF),Source text; PDF has no detected specification grid
75,Heating oil 500 ppm,3.27,51,note,,,,,,,Cloud Point – March 15th through July 31st Maximum: -7oC (19.4oF),Source text; PDF has no detected specification grid
75,Heating oil 500 ppm,3.27,51,note,,,,,,,3. ASTM color measurement before addition of dye.,Source text; PDF has no detected specification grid
75,Heating oil 500 ppm,3.27,51,note,,,,,,,4. Either physical or simulated distillation can be used. [N] Simulated distillation MUST be correlated to D86,Source text; PDF has no detected specification grid
75,Heating oil 500 ppm,3.27,51,note,,,,,,,5. Origin laboratory certifying sulfur content can qualify the test method used per EPA performance based testing,Source text; PDF has no detected specification grid
75,Heating oil 500 ppm,3.27,51,note,,,,,,,criteria (See 1090 Subpart D).,Source text; PDF has no detected specification grid
75,Heating oil 500 ppm,3.27,51,note,,,,,,,6. Bengal will accept test methods results that are listed in ASTM [N] D396/D975 for all tests. Test methods listed in,Source text; PDF has no detected specification grid
75,Heating oil 500 ppm,3.27,51,note,,,,,,,the table above are considered referee methods by Bengal Pipeline. Referee methods apply for any disputes,Source text; PDF has no detected specification grid
75,Heating oil 500 ppm,3.27,51,note,,,,,,,Delivery test results may vary by the smaller of ASTM reproducibility for a given test or any test tolerance as allowed,Source text; PDF has no detected specification grid
75,Heating oil 500 ppm,3.27,51,note,,,,,,,by state or EPA regulations at the point of delivery,Source text; PDF has no detected specification grid
77,Heating oil 2000 ppm,3.28,52,context,,,,,,,PRODUCT SPECIFICATIONS 3.28.1 SPECIFICATIONS FOR FUNGIBLE HIGH SULFUR UNDYED HEATING OIL GRADE 77,Source heading
77,Heating oil 2000 ppm,3.28,52,specification,All / see section,Gravity API,D4052,30,,,Gravity API | D4052 | 30 |  |  | ,Table extracted; verify merged cells and revision markings
77,Heating oil 2000 ppm,3.28,52,specification,All / see section,"Flash Point, oF",D93,124 (Origin),,,"Flash Point, oF | D93 | 124 (Origin) |  |  | ",Table extracted; verify merged cells and revision markings
77,Heating oil 2000 ppm,3.28,52,specification,All / see section,,,116 (Delivery),,, |  | 116 (Delivery) |  |  | ,Table extracted; verify merged cells and revision markings
77,Heating oil 2000 ppm,3.28,52,specification,All / see section,"Physical Distillation, °C(oF)",D86,,,5,"Physical Distillation, °C(oF) | D86 |  |  | 5 | ",Table extracted; verify merged cells and revision markings
77,Heating oil 2000 ppm,3.28,52,specification,All / see section,50%,,,Report,,50% |  |  | Report |  | ,Table extracted; verify merged cells and revision markings
77,Heating oil 2000 ppm,3.28,52,specification,All / see section,90%,,282(540),338(640),,90% |  | 282(540) | 338(640) |  | ,Table extracted; verify merged cells and revision markings
77,Heating oil 2000 ppm,3.28,52,specification,All / see section,End Point,,,371(700),,End Point |  |  | 371(700) |  | ,Table extracted; verify merged cells and revision markings
77,Heating oil 2000 ppm,3.28,52,specification,All / see section,"[C] or Simulated Distillation, °C(oF)",[C] D2887,,,[C] 5,"[C] or Simulated Distillation, °C(oF) | [C] D2887 |  |  | [C] 5 | ",Table extracted; verify merged cells and revision markings
77,Heating oil 2000 ppm,3.28,52,specification,All / see section,[C] 50% recovered,,,[C] Report,,[C] 50% recovered |  |  | [C] Report |  | ,Table extracted; verify merged cells and revision markings
77,Heating oil 2000 ppm,3.28,52,specification,All / see section,[C] 90% recovered,,[C] 300(572),[C] 356(673),,[C] 90% recovered |  | [C] 300(572) | [C] 356(673) |  | ,Table extracted; verify merged cells and revision markings
77,Heating oil 2000 ppm,3.28,52,specification,All / see section,[C] End Point,,,[C] 421(790),,[C] End Point |  |  | [C] 421(790) |  | ,Table extracted; verify merged cells and revision markings
77,Heating oil 2000 ppm,3.28,52,specification,All / see section,Color ASTM,D6045,,2.5,3,Color ASTM | D6045 |  | 2.5 | 3 | ,Table extracted; verify merged cells and revision markings
77,Heating oil 2000 ppm,3.28,52,specification,All / see section,Color Visual,,Undyed,,,Color Visual |  | Undyed |  |  | ,Table extracted; verify merged cells and revision markings
77,Heating oil 2000 ppm,3.28,52,specification,All / see section,"Viscosity, cSt @ 40oC (104oF)",D445,1.9,4.1,,"Viscosity, cSt @ 40oC (104oF) | D445 | 1.9 | 4.1 |  | ",Table extracted; verify merged cells and revision markings
77,Heating oil 2000 ppm,3.28,52,specification,All / see section,Pour Point,D97,,,2,Pour Point | D97 |  |  | 2 | ,Table extracted; verify merged cells and revision markings
77,Heating oil 2000 ppm,3.28,52,specification,All / see section,Cloud Point,D2500,,,2,Cloud Point | D2500 |  |  | 2 | ,Table extracted; verify merged cells and revision markings
77,Heating oil 2000 ppm,3.28,52,specification,All / see section,"Corrosion, 3 hrs. @ 50oC (122oF)",D130,,1,,"Corrosion, 3 hrs. @ 50oC (122oF) | D130 |  | 1 |  | ",Table extracted; verify merged cells and revision markings
77,Heating oil 2000 ppm,3.28,52,specification,All / see section,"Total Sulfur, ppmwt",D4294,,2000,4,"Total Sulfur, ppmwt | D4294 |  | 2000 | 4 | ",Table extracted; verify merged cells and revision markings
77,Heating oil 2000 ppm,3.28,52,specification,All / see section,Cetane Number,D613,40,,[N] 6,Cetane Number | D613 | 40 |  | [N] 6 | ,Table extracted; verify merged cells and revision markings
77,Heating oil 2000 ppm,3.28,52,specification,All / see section,And One of the following condition should be met,,,,,And One of the following condition should be met |  |  |  |  | ,Table extracted; verify merged cells and revision markings
77,Heating oil 2000 ppm,3.28,52,specification,All / see section,"1. Aromatics (Volume %) , OR",D1319,,31.7,,"1. Aromatics (Volume %) , OR | D1319 |  | 31.7 |  | ",Table extracted; verify merged cells and revision markings
77,Heating oil 2000 ppm,3.28,52,specification,All / see section,2. Cetane Index,D976,40,,,2. Cetane Index | D976 | 40 |  |  | ,Table extracted; verify merged cells and revision markings
77,Heating oil 2000 ppm,3.28,52,specification,All / see section,"Ash, wt.%",D482,,0.01,,"Ash, wt.% | D482 |  | 0.01 |  | ",Table extracted; verify merged cells and revision markings
77,Heating oil 2000 ppm,3.28,52,specification,All / see section,Carbon Residue: Ramsbottom on 10% Bottom,D524,,0.35,,Carbon Residue: Ramsbottom on 10% Bottom | D524 |  | 0.35 |  | ,Table extracted; verify merged cells and revision markings
77,Heating oil 2000 ppm,3.28,52,specification,All / see section,"BS&W, vol.%",D2709,,< 0.05,,"BS&W, vol.% | D2709 |  | < 0.05 |  | ",Table extracted; verify merged cells and revision markings
77,Heating oil 2000 ppm,3.28,52,specification,All / see section,,[C] or equivalent,,,, | [C] or equivalent |  |  |  | ,Table extracted; verify merged cells and revision markings
77,Heating oil 2000 ppm,3.28,52,specification,All / see section,"Thermal stability, 90 minutes, 150C",D6468,,,,"Thermal stability, 90 minutes, 150C | D6468 |  |  |  | ",Table extracted; verify merged cells and revision markings
77,Heating oil 2000 ppm,3.28,52,specification,All / see section,1. Pad rating (Dupont),,,7,,1. Pad rating (Dupont) |  |  | 7 |  | ,Table extracted; verify merged cells and revision markings
77,Heating oil 2000 ppm,3.28,52,specification,All / see section,2. Reflactance Y/Green,,73%,,,2. Reflactance Y/Green |  | 73% |  |  | ,Table extracted; verify merged cells and revision markings
77,Heating oil 2000 ppm,3.28,52,specification,All / see section,[C] OR,,,,,[C] OR |  |  |  |  | ,Table extracted; verify merged cells and revision markings
77,Heating oil 2000 ppm,3.28,52,specification,All / see section,[C] Thermal stability,[C] D6468,,,,[C] Thermal stability | [C] D6468 |  |  |  | ,Table extracted; verify merged cells and revision markings
77,Heating oil 2000 ppm,3.28,52,specification,All / see section,[C] Y/Green,,[C] 73%,,,[C] Y/Green |  | [C] 73% |  |  | ,Table extracted; verify merged cells and revision markings
77,Heating oil 2000 ppm,3.28,52,specification,All / see section,[C] W Unit,,[C] 65%,,,[C] W Unit |  | [C] 65% |  |  | ,Table extracted; verify merged cells and revision markings
77,Heating oil 2000 ppm,3.28,52,specification,All / see section,OR,,,,,OR |  |  |  |  | ,Table extracted; verify merged cells and revision markings
77,Heating oil 2000 ppm,3.28,52,specification,All / see section,"Oxidation stability, mg/100 ml",D2274,,2.5,,"Oxidation stability, mg/100 ml | D2274 |  | 2.5 |  | ",Table extracted; verify merged cells and revision markings
77,Heating oil 2000 ppm,3.28,52,specification,All / see section,Haze rating @ 25oC (77oF) [W] Procedure 2,D4176,,2,,Haze rating @ 25oC (77oF) [W] Procedure 2 | D4176 |  | 2 |  | ,Table extracted; verify merged cells and revision markings
77,Heating oil 2000 ppm,3.28,52,specification,All / see section,,[W] Procedure 2,,,, | [W] Procedure 2 |  |  |  | ,Table extracted; verify merged cells and revision markings
77,Heating oil 2000 ppm,3.28,52,specification,All / see section,Nace Corrosion,TM0172,B+ (Origin),,,Nace Corrosion | TM0172 | B+ (Origin) |  |  | ,Table extracted; verify merged cells and revision markings
77,Heating oil 2000 ppm,3.28,52,specification,All / see section,"Electrical Conductivity, pS/m @ 21°C(70°F)",D2624,,250,,"Electrical Conductivity, pS/m @ 21°C(70°F) | D2624 |  | 250 |  | ",Table extracted; verify merged cells and revision markings
77,Heating oil 2000 ppm,3.28,53,context,,,,,,,PRODUCT SPECIFICATIONS 3.28.2 SPECIFICATIONS FOR FUNGIBLE HIGH SULFUR UNDYED HEATING OIL GRADE 77,Source heading
77,Heating oil 2000 ppm,3.28,53,note,,,,,,,1. Additive requirements/restrictions - refer to section 3.2.,Source note / supporting table
77,Heating oil 2000 ppm,3.28,53,note,,,,,,,2. This schedule denotes the fluidity of the distillate at the time and place of origin.,Source note / supporting table
77,Heating oil 2000 ppm,3.28,53,note,,,,,,,Pour Point –August 1st through March 14th — Maximum: -18oC (-0.4oF).,Source note / supporting table
77,Heating oil 2000 ppm,3.28,53,note,,,,,,,Pour Point – March 15th through July 31st — Maximum: -12oC (10.4oF),Source note / supporting table
77,Heating oil 2000 ppm,3.28,53,note,,,,,,,Cloud Point – August 1st through March 14th — Maximum: -9oC (15.8oF),Source note / supporting table
77,Heating oil 2000 ppm,3.28,53,note,,,,,,,Cloud Point – March 15th through July 31st — M a x i mum: -7oC (19.4oF),Source note / supporting table
77,Heating oil 2000 ppm,3.28,53,note,,,,,,,3. ASTM color measurement before addition of dye,Source note / supporting table
77,Heating oil 2000 ppm,3.28,53,note,,,,,,,4. Origin laboratory certifying sulfur content can qualify the test method used per EPA performance based testing criteria (See 1090 Subpart D).,Source note / supporting table
77,Heating oil 2000 ppm,3.28,53,note,,,,,,,5. Either physical or simulated distillation can be used. [N] Simulated distillation MUST be correlated to D86,Source note / supporting table
77,Heating oil 2000 ppm,3.28,53,note,,,,,,,6. Bengal will accept test methods results that are listed in ASTM D396/[N] 975 for all tests. Test methods listed in the table above are considered referee methods by Bengal Pipeline. Referee methods apply for any disputes,Source note / supporting table
77,Heating oil 2000 ppm,3.28,53,note,,,,,,,Delivery test results may vary by the smaller of ASTM reproducibility for a given test or any test tolerance as allowed by state or EPA regulations at the point of delivery.,Source note / supporting table
77,Heating oil 2000 ppm,3.28,53,note,,,,,,,EPA Designation: Heating Oil,Source text; PDF has no detected specification grid
77,Heating oil 2000 ppm,3.28,53,note,,,,,,,Cancels Previous Issues of Grade 77,Source text; PDF has no detected specification grid
77,Heating oil 2000 ppm,3.28,53,note,,,,,,,NOTES:,Source text; PDF has no detected specification grid
77,Heating oil 2000 ppm,3.28,53,note,,,,,,,1. Additive requirements/restrictions - refer to section 3.2.,Source text; PDF has no detected specification grid
77,Heating oil 2000 ppm,3.28,53,note,,,,,,,2. This schedule denotes the fluidity of the distillate at the time and place of origin.,Source text; PDF has no detected specification grid
77,Heating oil 2000 ppm,3.28,53,note,,,,,,,Pour Point –August 1st through March 14th Maximum: -18oC (-0.4oF).,Source text; PDF has no detected specification grid
77,Heating oil 2000 ppm,3.28,53,note,,,,,,,Pour Point – March 15th through July 31st Maximum: -12oC (10.4oF),Source text; PDF has no detected specification grid
77,Heating oil 2000 ppm,3.28,53,note,,,,,,,Cloud Point – August 1st through March 14th Maximum: -9oC (15.8oF),Source text; PDF has no detected specification grid
77,Heating oil 2000 ppm,3.28,53,note,,,,,,,Cloud Point – March 15th through July 31st M a x i mum: -7oC (19.4oF),Source text; PDF has no detected specification grid
77,Heating oil 2000 ppm,3.28,53,note,,,,,,,3. ASTM color measurement before addition of dye,Source text; PDF has no detected specification grid
77,Heating oil 2000 ppm,3.28,53,note,,,,,,,4. Origin laboratory certifying sulfur content can qualify the test method used per EPA performance based testing,Source text; PDF has no detected specification grid
77,Heating oil 2000 ppm,3.28,53,note,,,,,,,criteria (See 1090 Subpart D).,Source text; PDF has no detected specification grid
77,Heating oil 2000 ppm,3.28,53,note,,,,,,,5. Either physical or simulated distillation can be used. [N] Simulated distillation MUST be correlated to D86,Source text; PDF has no detected specification grid
77,Heating oil 2000 ppm,3.28,53,note,,,,,,,6. Bengal will accept test methods results that are listed in ASTM D396/[N] 975 for all tests. Test methods listed in,Source text; PDF has no detected specification grid
77,Heating oil 2000 ppm,3.28,53,note,,,,,,,the table above are considered referee methods by Bengal Pipeline. Referee methods apply for any disputes,Source text; PDF has no detected specification grid
77,Heating oil 2000 ppm,3.28,53,note,,,,,,,Delivery test results may vary by the smaller of ASTM reproducibility for a given test or any test tolerance as,Source text; PDF has no detected specification grid
77,Heating oil 2000 ppm,3.28,53,note,,,,,,,allowed by state or EPA regulations at the point of delivery.,Source text; PDF has no detected specification grid
78,Military marine diesel,3.29,54,context,,,,,,,PRODUCT SPECIFICATIONS 3.29 SPECIFICATIONS FOR FUNGIBLE MILITARY DIESEL FUEL MARINE GRADE 78,Source heading
78,Military marine diesel,3.29,54,note,,,,,,,EPA Designation: Except distillate covered by national security exemption under [W]80.606 1090.605,Source text; PDF has no detected specification grid
78,Military marine diesel,3.29,54,note,,,,,,,Cancels Previous Issues of Grade 78,Source text; PDF has no detected specification grid
78,Military marine diesel,3.29,54,note,,,,,,,Shipments of Grade 78 must meet the latest military specification for DFM.,Source text; PDF has no detected specification grid
79,Distillate blendstock,3.30,55,context,,,,,,,PRODUCT SPECIFICATIONS 3.30 SPECIFICATIONS FOR SEGREGATED DISTILLATE BLENDSTOCKS GRADE 79,Source heading
79,Distillate blendstock,3.30,55,specification,All / see section,Gravity API,D4052,25,42,,Gravity API | D4052 | 25 | 42 | ,Table extracted; verify merged cells and revision markings
79,Distillate blendstock,3.30,55,specification,All / see section,"Flash Point, oF",D93,100,,,"Flash Point, oF | D93 | 100 |  | ",Table extracted; verify merged cells and revision markings
79,Distillate blendstock,3.30,55,specification,All / see section,Nace Corrosion,TM0172,B+ (origin),,,Nace Corrosion | TM0172 | B+ (origin) |  | ,Table extracted; verify merged cells and revision markings
79,Distillate blendstock,3.30,55,specification,All / see section,"Total Sulfur, ppmwt",D7039,,10000,1,"Total Sulfur, ppmwt | D7039 |  | 10000 | 1",Table extracted; verify merged cells and revision markings
79,Distillate blendstock,3.30,55,specification,All / see section,"Electrical Conductivity, pS/m @ 21°C(70°F)",D2624,,250,,"Electrical Conductivity, pS/m @ 21°C(70°F) | D2624 |  | 250 | ",Table extracted; verify merged cells and revision markings
79,Distillate blendstock,3.30,55,note,,,,,,,The pre-shipment documentation with the actual results must be received before shipment.,Source note / supporting table
79,Distillate blendstock,3.30,55,note,,,,,,,1. Origin laboratory certifying sulfur content can qualify the test method used per EPA performance based testing criteria (See 1090 Subpart D).,Source note / supporting table
79,Distillate blendstock,3.30,55,note,,,,,,,2. Additive requirements/restrictions - refer to section 3.2.,Source note / supporting table
79,Distillate blendstock,3.30,55,note,,,,,,,3. Bengal will accept test methods results that are listed in ASTM D396 for all tests. Test methods listed in the table above are considered referee methods by Bengal Pipeline. Referee methods apply for any disputes.,Source note / supporting table
79,Distillate blendstock,3.30,55,note,,,,,,,Delivery test results may vary by the smaller of ASTM reproducibility for a given test or any test tolerance as allowed by state or EPA regulations at the point of delivery.,Source note / supporting table
79,Distillate blendstock,3.30,55,note,,,,,,,1. Origin laboratory certifying sulfur content can qualify the test method used per EPA performance based,Extracted narrative; verify continuation
79,Distillate blendstock,3.30,55,note,,,,,,,2. Additive requirements/restrictions - refer to section 3.2.,Extracted narrative; verify continuation
79,Distillate blendstock,3.30,55,note,,,,,,,3. Bengal will accept test methods results that are listed in ASTM D396 for all tests. Test methods listed in,Extracted narrative; verify continuation
80,Dyed 500 ppm locomotive diesel,3.31,56,context,,,,,,,PRODUCT SPECIFICATIONS 3.31.1 SPECIFICATIONS FOR FUNGIBLE 500 ppm SULFUR LOCOMOTIVE,Source heading
80,Dyed 500 ppm locomotive diesel,3.31,56,specification,All / see section,Gravity API,D4052,30,,,Gravity API | D4052 | 30 |  | ,Table extracted; verify merged cells and revision markings
80,Dyed 500 ppm locomotive diesel,3.31,56,specification,All / see section,"Flash Point, oF",D93,130 (Origin),,,"Flash Point, oF | D93 | 130 (Origin) |  | ",Table extracted; verify merged cells and revision markings
80,Dyed 500 ppm locomotive diesel,3.31,56,specification,All / see section,,,125.8 (Delivery),,, |  | 125.8 (Delivery) |  | ,Table extracted; verify merged cells and revision markings
80,Dyed 500 ppm locomotive diesel,3.31,56,specification,All / see section,"Physical Distillation, °C(oF)",D86,,,6,"Physical Distillation, °C(oF) | D86 |  |  | 6",Table extracted; verify merged cells and revision markings
80,Dyed 500 ppm locomotive diesel,3.31,56,specification,All / see section,50%,,,Report,,50% |  |  | Report | ,Table extracted; verify merged cells and revision markings
80,Dyed 500 ppm locomotive diesel,3.31,56,specification,All / see section,90%,,282(540),338(640),,90% |  | 282(540) | 338(640) | ,Table extracted; verify merged cells and revision markings
80,Dyed 500 ppm locomotive diesel,3.31,56,specification,All / see section,End Point o,,,371(700),,End Point o |  |  | 371(700) | ,Table extracted; verify merged cells and revision markings
80,Dyed 500 ppm locomotive diesel,3.31,56,specification,All / see section,"[C] or Simulated Distillation, °C(F)",[C]D2887,,,[C] 6,"[C] or Simulated Distillation, °C(F) | [C]D2887 |  |  | [C] 6",Table extracted; verify merged cells and revision markings
80,Dyed 500 ppm locomotive diesel,3.31,56,specification,All / see section,[C] 50% recovered,,,[C] Report,,[C] 50% recovered |  |  | [C] Report | ,Table extracted; verify merged cells and revision markings
80,Dyed 500 ppm locomotive diesel,3.31,56,specification,All / see section,[C] 90% recovered,,[C]300(572),[C] 356(673),,[C] 90% recovered |  | [C]300(572) | [C] 356(673) | ,Table extracted; verify merged cells and revision markings
80,Dyed 500 ppm locomotive diesel,3.31,56,specification,All / see section,[C] End Point,,,[C] 421(790),,[C] End Point |  |  | [C] 421(790) | ,Table extracted; verify merged cells and revision markings
80,Dyed 500 ppm locomotive diesel,3.31,56,specification,All / see section,Color ASTM,D6045,,2.5,3,Color ASTM | D6045 |  | 2.5 | 3,Table extracted; verify merged cells and revision markings
80,Dyed 500 ppm locomotive diesel,3.31,56,specification,All / see section,Color Visual,,Undyed,,,Color Visual |  | Undyed |  | ,Table extracted; verify merged cells and revision markings
80,Dyed 500 ppm locomotive diesel,3.31,56,specification,All / see section,"Viscosity, cSt @ 40oC (104oF)",D445,1.9,4.1,,"Viscosity, cSt @ 40oC (104oF) | D445 | 1.9 | 4.1 | ",Table extracted; verify merged cells and revision markings
80,Dyed 500 ppm locomotive diesel,3.31,56,specification,All / see section,Pour Point,D97,,,2,Pour Point | D97 |  |  | 2,Table extracted; verify merged cells and revision markings
80,Dyed 500 ppm locomotive diesel,3.31,56,specification,All / see section,Cloud Point,D2500,,,2,Cloud Point | D2500 |  |  | 2,Table extracted; verify merged cells and revision markings
80,Dyed 500 ppm locomotive diesel,3.31,56,specification,All / see section,"Corrosion, 3 hrs. @ 50oC (122oF)",D130,,1,,"Corrosion, 3 hrs. @ 50oC (122oF) | D130 |  | 1 | ",Table extracted; verify merged cells and revision markings
80,Dyed 500 ppm locomotive diesel,3.31,56,specification,All / see section,"Total Sulfur, ppmwt",d5453,,420 (Origin),5,"Total Sulfur, ppmwt | d5453 |  | 420 (Origin) | 5",Table extracted; verify merged cells and revision markings
80,Dyed 500 ppm locomotive diesel,3.31,56,specification,All / see section,,,,500 (Delivery),, |  |  | 500 (Delivery) | ,Table extracted; verify merged cells and revision markings
80,Dyed 500 ppm locomotive diesel,3.31,56,specification,All / see section,Cetane Number,D613,40,,[N] 7,Cetane Number | D613 | 40 |  | [N] 7,Table extracted; verify merged cells and revision markings
80,Dyed 500 ppm locomotive diesel,3.31,56,specification,All / see section,And One of the following condition should be met,,,,,And One of the following condition should be met |  |  |  | ,Table extracted; verify merged cells and revision markings
80,Dyed 500 ppm locomotive diesel,3.31,56,specification,All / see section,"1. Aromatics (Volume %) , OR",D1319,,31.7,,"1. Aromatics (Volume %) , OR | D1319 |  | 31.7 | ",Table extracted; verify merged cells and revision markings
80,Dyed 500 ppm locomotive diesel,3.31,56,specification,All / see section,2. Cetane Index,D976,40,,,2. Cetane Index | D976 | 40 |  | ,Table extracted; verify merged cells and revision markings
80,Dyed 500 ppm locomotive diesel,3.31,56,specification,All / see section,"Ash, wt.%",D482,,0.01,,"Ash, wt.% | D482 |  | 0.01 | ",Table extracted; verify merged cells and revision markings
80,Dyed 500 ppm locomotive diesel,3.31,56,specification,All / see section,Carbon Residue: Ramsbottom on 10% Bottom,D524,,0.35,,Carbon Residue: Ramsbottom on 10% Bottom | D524 |  | 0.35 | ,Table extracted; verify merged cells and revision markings
80,Dyed 500 ppm locomotive diesel,3.31,56,specification,All / see section,"BS&W, vol.%",D2709,,< 0.05,,"BS&W, vol.% | D2709 |  | < 0.05 | ",Table extracted; verify merged cells and revision markings
80,Dyed 500 ppm locomotive diesel,3.31,56,specification,All / see section,,[C] or equivalent,,,, | [C] or equivalent |  |  | ,Table extracted; verify merged cells and revision markings
80,Dyed 500 ppm locomotive diesel,3.31,56,specification,All / see section,"Thermal stability, 90 minutes, 150C",D6468,,,,"Thermal stability, 90 minutes, 150C | D6468 |  |  | ",Table extracted; verify merged cells and revision markings
80,Dyed 500 ppm locomotive diesel,3.31,56,specification,All / see section,1. Pad rating (Dupont),,,7,,1. Pad rating (Dupont) |  |  | 7 | ,Table extracted; verify merged cells and revision markings
80,Dyed 500 ppm locomotive diesel,3.31,56,specification,All / see section,2. Reflactance Y/Green,,73%,,,2. Reflactance Y/Green |  | 73% |  | ,Table extracted; verify merged cells and revision markings
80,Dyed 500 ppm locomotive diesel,3.31,56,specification,All / see section,[C] OR,,,,,[C] OR |  |  |  | ,Table extracted; verify merged cells and revision markings
80,Dyed 500 ppm locomotive diesel,3.31,56,specification,All / see section,[C] Thermal stability,[C] D6468,,,,[C] Thermal stability | [C] D6468 |  |  | ,Table extracted; verify merged cells and revision markings
80,Dyed 500 ppm locomotive diesel,3.31,56,specification,All / see section,[C] Y/Green,,[C] 73%,,,[C] Y/Green |  | [C] 73% |  | ,Table extracted; verify merged cells and revision markings
80,Dyed 500 ppm locomotive diesel,3.31,56,specification,All / see section,[C] W Unit,,[C] 65%,,,[C] W Unit |  | [C] 65% |  | ,Table extracted; verify merged cells and revision markings
80,Dyed 500 ppm locomotive diesel,3.31,56,specification,All / see section,OR,,,,,OR |  |  |  | ,Table extracted; verify merged cells and revision markings
80,Dyed 500 ppm locomotive diesel,3.31,56,specification,All / see section,"Oxidation stability, mg/100 ml",D2274,,2.5,,"Oxidation stability, mg/100 ml | D2274 |  | 2.5 | ",Table extracted; verify merged cells and revision markings
80,Dyed 500 ppm locomotive diesel,3.31,56,specification,All / see section,Haze rating @ 25oC (77oF) [W] Procedure 2,D4176,,2,,Haze rating @ 25oC (77oF) [W] Procedure 2 | D4176 |  | 2 | ,Table extracted; verify merged cells and revision markings
80,Dyed 500 ppm locomotive diesel,3.31,56,specification,All / see section,,[W] Procedure 2,,,, | [W] Procedure 2 |  |  | ,Table extracted; verify merged cells and revision markings
80,Dyed 500 ppm locomotive diesel,3.31,56,specification,All / see section,Nace Corrosion,TM0172,B+ (Origin),,,Nace Corrosion | TM0172 | B+ (Origin) |  | ,Table extracted; verify merged cells and revision markings
80,Dyed 500 ppm locomotive diesel,3.31,56,specification,All / see section,"Electrical Conductivity, pS/m @ 21°C(70°F)",D2624,,250,,"Electrical Conductivity, pS/m @ 21°C(70°F) | D2624 |  | 250 | ",Table extracted; verify merged cells and revision markings
80,Dyed 500 ppm locomotive diesel,3.31,57,context,,,,,,,PRODUCT SPECIFICATIONS 3.31.2 SPECIFICATIONS FOR FUNGIBLE 500 ppm SULFUR LOCOMOTIVE,Source heading
80,Dyed 500 ppm locomotive diesel,3.31,57,note,,,,,,,1. Additive requirements/restrictions - refer to section 3.2.,Source note / supporting table
80,Dyed 500 ppm locomotive diesel,3.31,57,note,,,,,,,2. This schedule denotes the fluidity of the distillate at the time and place of origin.,Source note / supporting table
80,Dyed 500 ppm locomotive diesel,3.31,57,note,,,,,,,Pour Point –August 1st through March 14th — Maximum: -18oC (-0.4oF).,Source note / supporting table
80,Dyed 500 ppm locomotive diesel,3.31,57,note,,,,,,,Pour Point – March 15th through July 31st — Maximum: -12oC (10.4oF),Source note / supporting table
80,Dyed 500 ppm locomotive diesel,3.31,57,note,,,,,,,Cloud Point – August 1st through March 14th — Maximum: -9oC (15.8oF),Source note / supporting table
80,Dyed 500 ppm locomotive diesel,3.31,57,note,,,,,,,Cloud Point – March 15th through July 31st — Maximum: -7oC (19.4oF),Source note / supporting table
80,Dyed 500 ppm locomotive diesel,3.31,57,note,,,,,,,3. Dye Requirement,Source note / supporting table
80,Dyed 500 ppm locomotive diesel,3.31,57,note,,,,,,,"Delivery: — This product will be dyed by CPC to meet a minimum dye concentration, or spectral equivalence, of 3.9 pounds of Solid Red #26 per 1,000 barrels.",Source note / supporting table
80,Dyed 500 ppm locomotive diesel,3.31,57,note,,,,,,,4. ASTM color measurement before addition of dye,Source note / supporting table
80,Dyed 500 ppm locomotive diesel,3.31,57,note,,,,,,,5. Origin laboratory certifying sulfur content can qualify the test method used per EPA performance based testing criteria (See 1090 Subpart D).,Source note / supporting table
80,Dyed 500 ppm locomotive diesel,3.31,57,note,,,,,,,6.Either physical or simulated distillation can be used. [N] Simulated distillation MUST be correlated to D86,Source note / supporting table
80,Dyed 500 ppm locomotive diesel,3.31,57,note,,,,,,,7. Bengal will accept test methods results that are listed in ASTM D975 for all tests. Test methods listed in the table above are considered referee methods by Bengal Pipeline. Referee methods apply for any disputes.,Source note / supporting table
80,Dyed 500 ppm locomotive diesel,3.31,57,note,,,,,,,Delivery test results may vary by the smaller of ASTM reproducibility for a given test or any test tolerance as allowed by state or EPA regulations at the point of delivery.,Source note / supporting table
80,Dyed 500 ppm locomotive diesel,3.31,57,note,,,,,,,MARINE DIESEL FUEL DYED BY CPC GRADE 80,Source text; PDF has no detected specification grid
80,Dyed 500 ppm locomotive diesel,3.31,57,note,,,,,,,Cancels Previous Issues of Grade 80,Source text; PDF has no detected specification grid
80,Dyed 500 ppm locomotive diesel,3.31,57,note,,,,,,,NOTES:,Source text; PDF has no detected specification grid
80,Dyed 500 ppm locomotive diesel,3.31,57,note,,,,,,,1. Additive requirements/restrictions - refer to section 3.2.,Source text; PDF has no detected specification grid
80,Dyed 500 ppm locomotive diesel,3.31,57,note,,,,,,,2. This schedule denotes the fluidity of the distillate at the time and place of origin.,Source text; PDF has no detected specification grid
80,Dyed 500 ppm locomotive diesel,3.31,57,note,,,,,,,Pour Point –August 1st through March 14th Maximum: -18oC (-0.4oF).,Source text; PDF has no detected specification grid
80,Dyed 500 ppm locomotive diesel,3.31,57,note,,,,,,,Pour Point – March 15th through July 31st Maximum: -12oC (10.4oF),Source text; PDF has no detected specification grid
80,Dyed 500 ppm locomotive diesel,3.31,57,note,,,,,,,Cloud Point – August 1st through March 14th Maximum: -9oC (15.8oF),Source text; PDF has no detected specification grid
80,Dyed 500 ppm locomotive diesel,3.31,57,note,,,,,,,Cloud Point – March 15th through July 31st Maximum: -7oC (19.4oF),Source text; PDF has no detected specification grid
80,Dyed 500 ppm locomotive diesel,3.31,57,note,,,,,,,3. Dye Requirement,Source text; PDF has no detected specification grid
80,Dyed 500 ppm locomotive diesel,3.31,57,note,,,,,,,"This product will be dyed by CPC to meet a minimum dye concentration, or spectral",Source text; PDF has no detected specification grid
80,Dyed 500 ppm locomotive diesel,3.31,57,note,,,,,,,Delivery:,Source text; PDF has no detected specification grid
80,Dyed 500 ppm locomotive diesel,3.31,57,note,,,,,,,"equivalence, of 3.9 pounds of Solid Red #26 per 1,000 barrels.",Source text; PDF has no detected specification grid
80,Dyed 500 ppm locomotive diesel,3.31,57,note,,,,,,,4. ASTM color measurement before addition of dye,Source text; PDF has no detected specification grid
80,Dyed 500 ppm locomotive diesel,3.31,57,note,,,,,,,5. Origin laboratory certifying sulfur content can qualify the test method used per EPA performance based,Source text; PDF has no detected specification grid
80,Dyed 500 ppm locomotive diesel,3.31,57,note,,,,,,,testing criteria (See 1090 Subpart D).,Source text; PDF has no detected specification grid
80,Dyed 500 ppm locomotive diesel,3.31,57,note,,,,,,,6.Either physical or simulated distillation can be used. [N] Simulated distillation MUST be correlated to D86,Source text; PDF has no detected specification grid
80,Dyed 500 ppm locomotive diesel,3.31,57,note,,,,,,,7. Bengal will accept test methods results that are listed in ASTM D975 for all tests. Test methods listed in the,Source text; PDF has no detected specification grid
80,Dyed 500 ppm locomotive diesel,3.31,57,note,,,,,,,table above are considered referee methods by Bengal Pipeline. Referee methods apply for any disputes.,Source text; PDF has no detected specification grid
80,Dyed 500 ppm locomotive diesel,3.31,57,note,,,,,,,Delivery test results may vary by the smaller of ASTM reproducibility for a given test or any test tolerance as,Source text; PDF has no detected specification grid
80,Dyed 500 ppm locomotive diesel,3.31,57,note,,,,,,,allowed by state or EPA regulations at the point of delivery.,Source text; PDF has no detected specification grid
83,Dyed 15 ppm diesel,3.32,58,context,,,,,,,3.32.1 SPECIFICATIONS FOR FUNGIBLE 15ppm SULFUR DIESEL FUEL DYED BY CPC CONTAINING UP TO 5%,Source heading
83,Dyed 15 ppm diesel,3.32,58,specification,All / see section,Renewable Fuel (volume %),[N] D7371,,5,5,Renewable Fuel (volume %) | [N] D7371 |  | 5 | 5,Table extracted; verify merged cells and revision markings
83,Dyed 15 ppm diesel,3.32,58,specification,All / see section,Gravity API,D4052,30,,,Gravity API | D4052 | 30 |  | ,Table extracted; verify merged cells and revision markings
83,Dyed 15 ppm diesel,3.32,58,specification,All / see section,"Flash Point, oF",D93,130 (Origin),,,"Flash Point, oF | D93 | 130 (Origin) |  | ",Table extracted; verify merged cells and revision markings
83,Dyed 15 ppm diesel,3.32,58,specification,All / see section,,,125.8 (Delivery),,, |  | 125.8 (Delivery) |  | ,Table extracted; verify merged cells and revision markings
83,Dyed 15 ppm diesel,3.32,58,specification,All / see section,"Physical Distillation, °C(oF)",D86,,,4,"Physical Distillation, °C(oF) | D86 |  |  | 4",Table extracted; verify merged cells and revision markings
83,Dyed 15 ppm diesel,3.32,58,specification,All / see section,50%,,,Report,,50% |  |  | Report | ,Table extracted; verify merged cells and revision markings
83,Dyed 15 ppm diesel,3.32,58,specification,All / see section,90%,,282(540),338(640),,90% |  | 282(540) | 338(640) | ,Table extracted; verify merged cells and revision markings
83,Dyed 15 ppm diesel,3.32,58,specification,All / see section,End Point o,,,371(700),,End Point o |  |  | 371(700) | ,Table extracted; verify merged cells and revision markings
83,Dyed 15 ppm diesel,3.32,58,specification,All / see section,"[C] or Simulated Distillation, °C( F)",[C] D2887,,,[C] 4,"[C] or Simulated Distillation, °C( F) | [C] D2887 |  |  | [C] 4",Table extracted; verify merged cells and revision markings
83,Dyed 15 ppm diesel,3.32,58,specification,All / see section,[C] 50% recovered,,,[C] Report,,[C] 50% recovered |  |  | [C] Report | ,Table extracted; verify merged cells and revision markings
83,Dyed 15 ppm diesel,3.32,58,specification,All / see section,[C] 90% recovered,,[C] 300(572),[C] 356(673),,[C] 90% recovered |  | [C] 300(572) | [C] 356(673) | ,Table extracted; verify merged cells and revision markings
83,Dyed 15 ppm diesel,3.32,58,specification,All / see section,[C] End Point,,,[C] 421(790),,[C] End Point |  |  | [C] 421(790) | ,Table extracted; verify merged cells and revision markings
83,Dyed 15 ppm diesel,3.32,58,specification,All / see section,Color ASTM,D6045,,2.5,,Color ASTM | D6045 |  | 2.5 | ,Table extracted; verify merged cells and revision markings
83,Dyed 15 ppm diesel,3.32,58,specification,All / see section,Color Visual,,Undyed,,,Color Visual |  | Undyed |  | ,Table extracted; verify merged cells and revision markings
83,Dyed 15 ppm diesel,3.32,58,specification,All / see section,"Viscosity, cSt @ 40oC (104oF)",D445,1.9,4.1,,"Viscosity, cSt @ 40oC (104oF) | D445 | 1.9 | 4.1 | ",Table extracted; verify merged cells and revision markings
83,Dyed 15 ppm diesel,3.32,58,specification,All / see section,Pour Point,D97,,,2,Pour Point | D97 |  |  | 2,Table extracted; verify merged cells and revision markings
83,Dyed 15 ppm diesel,3.32,58,specification,All / see section,Cloud Point,D2500,,,2,Cloud Point | D2500 |  |  | 2,Table extracted; verify merged cells and revision markings
83,Dyed 15 ppm diesel,3.32,58,specification,All / see section,"Corrosion, 3 hrs. @ 50oC (122oF)",D130,,1,,"Corrosion, 3 hrs. @ 50oC (122oF) | D130 |  | 1 | ",Table extracted; verify merged cells and revision markings
83,Dyed 15 ppm diesel,3.32,58,specification,All / see section,"Total Sulfur, ppmwt",D5453,,11 (Origin),3,"Total Sulfur, ppmwt | D5453 |  | 11 (Origin) | 3",Table extracted; verify merged cells and revision markings
83,Dyed 15 ppm diesel,3.32,58,specification,All / see section,,,,14 (Delivery),, |  |  | 14 (Delivery) | ,Table extracted; verify merged cells and revision markings
83,Dyed 15 ppm diesel,3.32,58,specification,All / see section,Cetane Number,D613,40,,[N] 6,Cetane Number | D613 | 40 |  | [N] 6,Table extracted; verify merged cells and revision markings
83,Dyed 15 ppm diesel,3.32,58,specification,All / see section,And One of the following condition should be met,,,,,And One of the following condition should be met |  |  |  | ,Table extracted; verify merged cells and revision markings
83,Dyed 15 ppm diesel,3.32,58,specification,All / see section,"1. Aromatics (Volume %) , OR",D1319,,31.7,,"1. Aromatics (Volume %) , OR | D1319 |  | 31.7 | ",Table extracted; verify merged cells and revision markings
83,Dyed 15 ppm diesel,3.32,58,specification,All / see section,2. Cetane Index,D976,40,,,2. Cetane Index | D976 | 40 |  | ,Table extracted; verify merged cells and revision markings
83,Dyed 15 ppm diesel,3.32,58,specification,All / see section,"Ash, wt.%",D482,,0.01,,"Ash, wt.% | D482 |  | 0.01 | ",Table extracted; verify merged cells and revision markings
83,Dyed 15 ppm diesel,3.32,58,specification,All / see section,Carbon Residue: Ramsbottom on 10% Bottom,D524,,0.35,,Carbon Residue: Ramsbottom on 10% Bottom | D524 |  | 0.35 | ,Table extracted; verify merged cells and revision markings
83,Dyed 15 ppm diesel,3.32,58,specification,All / see section,"BS&W, vol.%",D2709,,< 0.05,,"BS&W, vol.% | D2709 |  | < 0.05 | ",Table extracted; verify merged cells and revision markings
83,Dyed 15 ppm diesel,3.32,58,specification,All / see section,,[C] or equivalent,,,, | [C] or equivalent |  |  | ,Table extracted; verify merged cells and revision markings
83,Dyed 15 ppm diesel,3.32,58,specification,All / see section,"Thermal stability, 90 minutes, 150C",D6468,,,,"Thermal stability, 90 minutes, 150C | D6468 |  |  | ",Table extracted; verify merged cells and revision markings
83,Dyed 15 ppm diesel,3.32,58,specification,All / see section,1. Pad rating (Dupont),,,7,,1. Pad rating (Dupont) |  |  | 7 | ,Table extracted; verify merged cells and revision markings
83,Dyed 15 ppm diesel,3.32,58,specification,All / see section,2. Reflactance Y/Green,,73%,,,2. Reflactance Y/Green |  | 73% |  | ,Table extracted; verify merged cells and revision markings
83,Dyed 15 ppm diesel,3.32,58,specification,All / see section,[C] OR,,,,,[C] OR |  |  |  | ,Table extracted; verify merged cells and revision markings
83,Dyed 15 ppm diesel,3.32,58,specification,All / see section,[C] Thermal stability,[C] D6468,,,,[C] Thermal stability | [C] D6468 |  |  | ,Table extracted; verify merged cells and revision markings
83,Dyed 15 ppm diesel,3.32,58,specification,All / see section,[C] Y/Green,,[C] 73%,,,[C] Y/Green |  | [C] 73% |  | ,Table extracted; verify merged cells and revision markings
83,Dyed 15 ppm diesel,3.32,58,specification,All / see section,[C] W Unit,,[C] 65%,,,[C] W Unit |  | [C] 65% |  | ,Table extracted; verify merged cells and revision markings
83,Dyed 15 ppm diesel,3.32,58,specification,All / see section,OR,,,,,OR |  |  |  | ,Table extracted; verify merged cells and revision markings
83,Dyed 15 ppm diesel,3.32,58,specification,All / see section,"Oxidation stability, mg/100 ml",D2274,,2.5,,"Oxidation stability, mg/100 ml | D2274 |  | 2.5 | ",Table extracted; verify merged cells and revision markings
83,Dyed 15 ppm diesel,3.32,58,specification,All / see section,Haze rating @ 25oC (77oF) [W] Procedure 2,D4176,,2,,Haze rating @ 25oC (77oF) [W] Procedure 2 | D4176 |  | 2 | ,Table extracted; verify merged cells and revision markings
83,Dyed 15 ppm diesel,3.32,58,specification,All / see section,,[W] Procedure 2,,,, | [W] Procedure 2 |  |  | ,Table extracted; verify merged cells and revision markings
83,Dyed 15 ppm diesel,3.32,58,specification,All / see section,Nace Corrosion,TM0172,B+ (Origin),,,Nace Corrosion | TM0172 | B+ (Origin) |  | ,Table extracted; verify merged cells and revision markings
83,Dyed 15 ppm diesel,3.32,58,specification,All / see section,"Electrical Conductivity, pS/m @ 21°C(70°F)",D2624,,250,,"Electrical Conductivity, pS/m @ 21°C(70°F) | D2624 |  | 250 | ",Table extracted; verify merged cells and revision markings
83,Dyed 15 ppm diesel,3.32,59,context,,,,,,,PRODUCT SPECIFICATIONS 3.32.2 SPECIFICATIONS FOR FUNGIBLE 15ppm SULFUR DIESEL FUEL DYED BY CPC CONTAINING UP TO 5%,Source heading
83,Dyed 15 ppm diesel,3.32,59,note,,,,,,,1. Additive requirements/restrictions - refer to section 3.2.,Source note / supporting table
83,Dyed 15 ppm diesel,3.32,59,note,,,,,,,2. This schedule denotes the fluidity of the distillate at the time and place of origin.,Source note / supporting table
83,Dyed 15 ppm diesel,3.32,59,note,,,,,,,Pour Point –August 1st through March 14th — Maximum: -18oC (-0.4oF).,Source note / supporting table
83,Dyed 15 ppm diesel,3.32,59,note,,,,,,,Pour Point – March 15th through July 31st — Maximum: -12oC (10.4oF),Source note / supporting table
83,Dyed 15 ppm diesel,3.32,59,note,,,,,,,Cloud Point – August 1st through March 14th — Maximum: -9oC (15.8oF),Source note / supporting table
83,Dyed 15 ppm diesel,3.32,59,note,,,,,,,Cloud Point – March 15th through July 31st — M a x i mum: -7oC (19.4oF),Source note / supporting table
83,Dyed 15 ppm diesel,3.32,59,note,,,,,,,3. Origin laboratory certifying sulfur content must qualify the test method used per EPA performance based testing criteria (see CFR 1090 Subpart D).,Source note / supporting table
83,Dyed 15 ppm diesel,3.32,59,note,,,,,,,4. Either physical or simulated distillation can be used. [N] Simulated distillation MUST be correlated to D86,Source note / supporting table
83,Dyed 15 ppm diesel,3.32,59,note,,,,,,,5. May contain up to 5% Renewable Diesel as defined in section 3.2.7,Source note / supporting table
83,Dyed 15 ppm diesel,3.32,59,note,,,,,,,6. Bengal will accept test methods results that are listed in ASTM D975 for all tests. Test methods listed in the table above are considered referee methods by Bengal Pipeline. Referee methods apply for any disputes.,Source note / supporting table
83,Dyed 15 ppm diesel,3.32,59,note,,,,,,,Delivery test results may vary by the smaller of ASTM reproducibility for a given test or any test tolerance as allowed by state or EPA regulations at the point of delivery.,Source note / supporting table
83,Dyed 15 ppm diesel,3.32,59,note,,,,,,,RENEWABLE HYDROTREATED DIESEL FUEL NONROAD GRADE 83,Source text; PDF has no detected specification grid
83,Dyed 15 ppm diesel,3.32,59,note,,,,,,,Cancels Previous Issues of Grade 83,Source text; PDF has no detected specification grid
83,Dyed 15 ppm diesel,3.32,59,note,,,,,,,NOTES:,Source text; PDF has no detected specification grid
83,Dyed 15 ppm diesel,3.32,59,note,,,,,,,This product will be dyed by CPC to meet a minimum dye concentration or spectral,Source text; PDF has no detected specification grid
83,Dyed 15 ppm diesel,3.32,59,note,,,,,,,Delivery:,Source text; PDF has no detected specification grid
83,Dyed 15 ppm diesel,3.32,59,note,,,,,,,"equivalence of 3.9 pounds of Solid Red #26 per 1,000 barrels.",Source text; PDF has no detected specification grid
83,Dyed 15 ppm diesel,3.32,59,note,,,,,,,1. Additive requirements/restrictions - refer to section 3.2.,Source text; PDF has no detected specification grid
83,Dyed 15 ppm diesel,3.32,59,note,,,,,,,2. This schedule denotes the fluidity of the distillate at the time and place of origin.,Source text; PDF has no detected specification grid
83,Dyed 15 ppm diesel,3.32,59,note,,,,,,,Pour Point –August 1st through March 14th Maximum: -18oC (-0.4oF).,Source text; PDF has no detected specification grid
83,Dyed 15 ppm diesel,3.32,59,note,,,,,,,Pour Point – March 15th through July 31st Maximum: -12oC (10.4oF),Source text; PDF has no detected specification grid
83,Dyed 15 ppm diesel,3.32,59,note,,,,,,,Cloud Point – August 1st through March 14th Maximum: -9oC (15.8oF),Source text; PDF has no detected specification grid
83,Dyed 15 ppm diesel,3.32,59,note,,,,,,,Cloud Point – March 15th through July 31st M a x i mum: -7oC (19.4oF),Source text; PDF has no detected specification grid
83,Dyed 15 ppm diesel,3.32,59,note,,,,,,,3. Origin laboratory certifying sulfur content must qualify the test method used per EPA performance based,Source text; PDF has no detected specification grid
83,Dyed 15 ppm diesel,3.32,59,note,,,,,,,testing criteria (see CFR 1090 Subpart D).,Source text; PDF has no detected specification grid
83,Dyed 15 ppm diesel,3.32,59,note,,,,,,,4. Either physical or simulated distillation can be used. [N] Simulated distillation MUST be correlated to D86,Source text; PDF has no detected specification grid
83,Dyed 15 ppm diesel,3.32,59,note,,,,,,,5. May contain up to 5% Renewable Diesel as defined in section 3.2.7,Source text; PDF has no detected specification grid
83,Dyed 15 ppm diesel,3.32,59,note,,,,,,,6. Bengal will accept test methods results that are listed in ASTM D975 for all tests. Test methods listed in the,Source text; PDF has no detected specification grid
83,Dyed 15 ppm diesel,3.32,59,note,,,,,,,table above are considered referee methods by Bengal Pipeline. Referee methods apply for any disputes.,Source text; PDF has no detected specification grid
83,Dyed 15 ppm diesel,3.32,59,note,,,,,,,Delivery test results may vary by the smaller of ASTM reproducibility for a given test or any test tolerance as,Source text; PDF has no detected specification grid
83,Dyed 15 ppm diesel,3.32,59,note,,,,,,,allowed by state or EPA regulations at the point of delivery.,Source text; PDF has no detected specification grid
84,Dyed segregated 500 ppm locomotive diesel,3.33,60,context,,,,,,,PRODUCT SPECIFICATIONS 3.33 SPECIFICATIONS FOR SEGREGATED 500 ppm LOCOMOTIVE FUEL GRADE 84 DYED BY CPC,Source heading
84,Dyed segregated 500 ppm locomotive diesel,3.33,60,specification,All / see section,"Sulfur, ppmwt",D5453,,500,1,"Sulfur, ppmwt | D5453 |  | 500 | 1",Table extracted; verify merged cells and revision markings
84,Dyed segregated 500 ppm locomotive diesel,3.33,60,specification,All / see section,Flash Point oF,D93,140,,,Flash Point oF | D93 | 140 |  | ,Table extracted; verify merged cells and revision markings
84,Dyed segregated 500 ppm locomotive diesel,3.33,60,specification,All / see section,Nace Corrosion,TM0172,B+ (origin),,,Nace Corrosion | TM0172 | B+ (origin) |  | ,Table extracted; verify merged cells and revision markings
84,Dyed segregated 500 ppm locomotive diesel,3.33,60,specification,All / see section,"Electrical Conductivity, pS/m @ 21°C(70°F)",D2624,,250,,"Electrical Conductivity, pS/m @ 21°C(70°F) | D2624 |  | 250 | ",Table extracted; verify merged cells and revision markings
84,Dyed segregated 500 ppm locomotive diesel,3.33,60,specification,All / see section,Color,,,Undyed,,Color |  |  | Undyed | ,Table extracted; verify merged cells and revision markings
84,Dyed segregated 500 ppm locomotive diesel,3.33,60,note,,,,,,,1. Origin laboratory certifying sulfur content can qualify the test method used per EPA performance based testing criteria (See 1090 Subpart D).,Source note / supporting table
84,Dyed segregated 500 ppm locomotive diesel,3.33,60,note,,,,,,,2. Additive requirements/restrictions - refer to section 3.2.,Source note / supporting table
84,Dyed segregated 500 ppm locomotive diesel,3.33,60,note,,,,,,,3. Dye Requirement:,Source note / supporting table
84,Dyed segregated 500 ppm locomotive diesel,3.33,60,note,,,,,,,"Delivery: — This product will be dyed by CPC to meet a minimum dye concentration, or spectral equivalence, of 3.9 pounds of solid Red # 26 per 1,000 bbls",Source note / supporting table
84,Dyed segregated 500 ppm locomotive diesel,3.33,60,note,,,,,,,4. Bengal will accept test methods results that are listed in ASTM D396 for all tests. Test method listed in the table above are considered referee methods by Bengal Pipeline. Referee methods apply for any disputes.,Source note / supporting table
84,Dyed segregated 500 ppm locomotive diesel,3.33,60,note,,,,,,,Delivery test results may vary by the smaller of ASTM reproducibility for a given test or any test tolerance as allowed by state or EPA regulations at the point of delivery.,Source note / supporting table
84,Dyed segregated 500 ppm locomotive diesel,3.33,60,note,,,,,,,1. Origin laboratory certifying sulfur content can qualify the test method used per EPA performance,Extracted narrative; verify continuation
84,Dyed segregated 500 ppm locomotive diesel,3.33,60,note,,,,,,,2. Additive requirements/restrictions - refer to section 3.2.,Extracted narrative; verify continuation
84,Dyed segregated 500 ppm locomotive diesel,3.33,60,note,,,,,,,3. Dye Requirement:,Extracted narrative; verify continuation
84,Dyed segregated 500 ppm locomotive diesel,3.33,60,note,,,,,,,4. Bengal will accept test methods results that are listed in ASTM D396 for all tests. Test method listed,Extracted narrative; verify continuation
85,Dyed heating oil 420 ppm,3.34,61,context,,,,,,,3.34.1 SPECIFICATIONS FOR FUNGIBLE 500 ppm SULFUR HEATING OIL GRADE 85,Source heading
85,Dyed heating oil 420 ppm,3.34,61,specification,All / see section,Gravity API,D4052,30,,,Gravity API | D4052 | 30 |  | ,Table extracted; verify merged cells and revision markings
85,Dyed heating oil 420 ppm,3.34,61,specification,All / see section,"Flash Point, oF",D93,124 (Origin),,,"Flash Point, oF | D93 | 124 (Origin) |  | ",Table extracted; verify merged cells and revision markings
85,Dyed heating oil 420 ppm,3.34,61,specification,All / see section,,,116 (Delivery),,, |  | 116 (Delivery) |  | ,Table extracted; verify merged cells and revision markings
85,Dyed heating oil 420 ppm,3.34,61,specification,All / see section,"Physical Distillation, °C(oF)",D86,,,6,"Physical Distillation, °C(oF) | D86 |  |  | 6",Table extracted; verify merged cells and revision markings
85,Dyed heating oil 420 ppm,3.34,61,specification,All / see section,50%,,,Report,,50% |  |  | Report | ,Table extracted; verify merged cells and revision markings
85,Dyed heating oil 420 ppm,3.34,61,specification,All / see section,90%,,282(540),338(640),,90% |  | 282(540) | 338(640) | ,Table extracted; verify merged cells and revision markings
85,Dyed heating oil 420 ppm,3.34,61,specification,All / see section,End Point,,,371(700),,End Point |  |  | 371(700) | ,Table extracted; verify merged cells and revision markings
85,Dyed heating oil 420 ppm,3.34,61,specification,All / see section,"[C] or Simulated Distillation, °C(oF)",[C] D2887,,,[C] 6,"[C] or Simulated Distillation, °C(oF) | [C] D2887 |  |  | [C] 6",Table extracted; verify merged cells and revision markings
85,Dyed heating oil 420 ppm,3.34,61,specification,All / see section,[C] 50% recovered,,,[C] Report,,[C] 50% recovered |  |  | [C] Report | ,Table extracted; verify merged cells and revision markings
85,Dyed heating oil 420 ppm,3.34,61,specification,All / see section,[C] 90% recovered,,[C] 300(572,[C] 356(673),,[C] 90% recovered |  | [C] 300(572 | [C] 356(673) | ,Table extracted; verify merged cells and revision markings
85,Dyed heating oil 420 ppm,3.34,61,specification,All / see section,[C] End Point,,,[C] 421(790),,[C] End Point |  |  | [C] 421(790) | ,Table extracted; verify merged cells and revision markings
85,Dyed heating oil 420 ppm,3.34,61,specification,All / see section,Color ASTM,D6045,,2.5,5,Color ASTM | D6045 |  | 2.5 | 5,Table extracted; verify merged cells and revision markings
85,Dyed heating oil 420 ppm,3.34,61,specification,All / see section,Color Visual,,Undyed,,3,Color Visual |  | Undyed |  | 3,Table extracted; verify merged cells and revision markings
85,Dyed heating oil 420 ppm,3.34,61,specification,All / see section,"Viscosity, cSt @ 40oC (104oF)",D445,1.9,4.1,,"Viscosity, cSt @ 40oC (104oF) | D445 | 1.9 | 4.1 | ",Table extracted; verify merged cells and revision markings
85,Dyed heating oil 420 ppm,3.34,61,specification,All / see section,Pour Point,D97,,,2,Pour Point | D97 |  |  | 2,Table extracted; verify merged cells and revision markings
85,Dyed heating oil 420 ppm,3.34,61,specification,All / see section,Cloud Point,D2500,,,2,Cloud Point | D2500 |  |  | 2,Table extracted; verify merged cells and revision markings
85,Dyed heating oil 420 ppm,3.34,61,specification,All / see section,"Corrosion, 3 hrs. @ 50oC (122oF)",D130,,1,,"Corrosion, 3 hrs. @ 50oC (122oF) | D130 |  | 1 | ",Table extracted; verify merged cells and revision markings
85,Dyed heating oil 420 ppm,3.34,61,specification,All / see section,"Total Sulfur, ppmwt",D5453,,420 (Origin),4,"Total Sulfur, ppmwt | D5453 |  | 420 (Origin) | 4",Table extracted; verify merged cells and revision markings
85,Dyed heating oil 420 ppm,3.34,61,specification,All / see section,,,,500 (Delivery),, |  |  | 500 (Delivery) | ,Table extracted; verify merged cells and revision markings
85,Dyed heating oil 420 ppm,3.34,61,specification,All / see section,Cetane Number,D613,40,,[N] 7,Cetane Number | D613 | 40 |  | [N] 7,Table extracted; verify merged cells and revision markings
85,Dyed heating oil 420 ppm,3.34,61,specification,All / see section,And One of the following condition should be met,,,,,And One of the following condition should be met |  |  |  | ,Table extracted; verify merged cells and revision markings
85,Dyed heating oil 420 ppm,3.34,61,specification,All / see section,"1. Aromatics (Volume %) , OR",D1319,,31.7,,"1. Aromatics (Volume %) , OR | D1319 |  | 31.7 | ",Table extracted; verify merged cells and revision markings
85,Dyed heating oil 420 ppm,3.34,61,specification,All / see section,2. Cetane Index,D976,40,,,2. Cetane Index | D976 | 40 |  | ,Table extracted; verify merged cells and revision markings
85,Dyed heating oil 420 ppm,3.34,61,specification,All / see section,"Ash, wt.%",D482,,0.01,,"Ash, wt.% | D482 |  | 0.01 | ",Table extracted; verify merged cells and revision markings
85,Dyed heating oil 420 ppm,3.34,61,specification,All / see section,Carbon Residue: Ramsbottom on 10% Bottom,D524,,0.35,,Carbon Residue: Ramsbottom on 10% Bottom | D524 |  | 0.35 | ,Table extracted; verify merged cells and revision markings
85,Dyed heating oil 420 ppm,3.34,61,specification,All / see section,"BS&W, vol.%",D2709,,< 0.05,,"BS&W, vol.% | D2709 |  | < 0.05 | ",Table extracted; verify merged cells and revision markings
85,Dyed heating oil 420 ppm,3.34,61,specification,All / see section,,[C] or equivalent,,,, | [C] or equivalent |  |  | ,Table extracted; verify merged cells and revision markings
85,Dyed heating oil 420 ppm,3.34,61,specification,All / see section,"Thermal stability, 90 minutes, 150°C",D6468,,,,"Thermal stability, 90 minutes, 150°C | D6468 |  |  | ",Table extracted; verify merged cells and revision markings
85,Dyed heating oil 420 ppm,3.34,61,specification,All / see section,1. Pad rating (Dupont),,,7,,1. Pad rating (Dupont) |  |  | 7 | ,Table extracted; verify merged cells and revision markings
85,Dyed heating oil 420 ppm,3.34,61,specification,All / see section,2. Reflactance Y/Green,,73%,,,2. Reflactance Y/Green |  | 73% |  | ,Table extracted; verify merged cells and revision markings
85,Dyed heating oil 420 ppm,3.34,61,specification,All / see section,[C] OR,,,,,[C] OR |  |  |  | ,Table extracted; verify merged cells and revision markings
85,Dyed heating oil 420 ppm,3.34,61,specification,All / see section,[C] Thermal stability,[C] D6468,,,,[C] Thermal stability | [C] D6468 |  |  | ,Table extracted; verify merged cells and revision markings
85,Dyed heating oil 420 ppm,3.34,61,specification,All / see section,[C] Y/Green,,[C] 73%,,,[C] Y/Green |  | [C] 73% |  | ,Table extracted; verify merged cells and revision markings
85,Dyed heating oil 420 ppm,3.34,61,specification,All / see section,[C] W Unit,,[C] 65%,,,[C] W Unit |  | [C] 65% |  | ,Table extracted; verify merged cells and revision markings
85,Dyed heating oil 420 ppm,3.34,61,specification,All / see section,OR,,,,,OR |  |  |  | ,Table extracted; verify merged cells and revision markings
85,Dyed heating oil 420 ppm,3.34,61,specification,All / see section,"Oxidation stability, mg/100 ml",D2274,,2.5,,"Oxidation stability, mg/100 ml | D2274 |  | 2.5 | ",Table extracted; verify merged cells and revision markings
85,Dyed heating oil 420 ppm,3.34,61,specification,All / see section,Haze rating @ 25oC (77oF) [W] Procedure 2,D4176,,2,,Haze rating @ 25oC (77oF) [W] Procedure 2 | D4176 |  | 2 | ,Table extracted; verify merged cells and revision markings
85,Dyed heating oil 420 ppm,3.34,61,specification,All / see section,,[W] Procedure 2,,,, | [W] Procedure 2 |  |  | ,Table extracted; verify merged cells and revision markings
85,Dyed heating oil 420 ppm,3.34,61,specification,All / see section,Nace Corrosion,TM0172,B+ (Origin),,,Nace Corrosion | TM0172 | B+ (Origin) |  | ,Table extracted; verify merged cells and revision markings
85,Dyed heating oil 420 ppm,3.34,61,specification,All / see section,"Electrical Conductivity, pS/m @ 21°C(70°F)",D2624,,250,,"Electrical Conductivity, pS/m @ 21°C(70°F) | D2624 |  | 250 | ",Table extracted; verify merged cells and revision markings
85,Dyed heating oil 420 ppm,3.34,62,context,,,,,,,PRODUCT SPECIFICATIONS 3.34.2 SPECIFICATIONS FOR FUNGIBLE 500 ppm SULFUR HEATING OIL GRADE 85,Source heading
85,Dyed heating oil 420 ppm,3.34,62,note,,,,,,,1. Additive requirements/restrictions - refer to section 3.2.,Source note / supporting table
85,Dyed heating oil 420 ppm,3.34,62,note,,,,,,,2. This schedule denotes the fluidity of the distillate at the time and place of origin.,Source note / supporting table
85,Dyed heating oil 420 ppm,3.34,62,note,,,,,,,Pour Point –August 1st through March 14th — Maximum: -18oC (-0.4oF).,Source note / supporting table
85,Dyed heating oil 420 ppm,3.34,62,note,,,,,,,Pour Point – March 15th through July 31st — Maximum: -12oC (10.4oF),Source note / supporting table
85,Dyed heating oil 420 ppm,3.34,62,note,,,,,,,Cloud Point – August 1st through March 14th — Maximum: -9oC (15.8oF),Source note / supporting table
85,Dyed heating oil 420 ppm,3.34,62,note,,,,,,,Cloud Point – March 15th through July 31st — M a x i m um: -7oC (19.4oF),Source note / supporting table
85,Dyed heating oil 420 ppm,3.34,62,note,,,,,,,3. Dye Requirement,Source note / supporting table
85,Dyed heating oil 420 ppm,3.34,62,note,,,,,,,"Delivery: — This product will be dyed by CPC to meet a minimum dye concentration, or spectral equivalence, of 3.9 pounds of Solid Red #26 per 1,000 barrels.",Source note / supporting table
85,Dyed heating oil 420 ppm,3.34,62,note,,,,,,,4. Certain States and localities North of Virginia have sulfur limits that are less than 0.50%. Origin laboratory certifying sulfur content can qualify the test method used per EPA performance based testing criteria (See 1090 Subpart D).,Source note / supporting table
85,Dyed heating oil 420 ppm,3.34,62,note,,,,,,,5. ASTM color measurement before addition of dye,Source note / supporting table
85,Dyed heating oil 420 ppm,3.34,62,note,,,,,,,6.Either physical or simulated distillation can be used. [N] Simulated distillation MUST be correlated to D86,Source note / supporting table
85,Dyed heating oil 420 ppm,3.34,62,note,,,,,,,7. Bengal will accept test methods results that are listed in ASTM [N] D396/ D975 for all tests. Test methods listed in the table above are considered referee methods by Bengal Pipeline. Referee methods apply for any disputes.,Source note / supporting table
85,Dyed heating oil 420 ppm,3.34,62,note,,,,,,,Delivery test results may vary by the smaller of ASTM reproducibility for a given test or any test tolerance as allowed by state or EPA regulations at the point of delivery.,Source note / supporting table
85,Dyed heating oil 420 ppm,3.34,62,note,,,,,,,DYED BY CPC,Source text; PDF has no detected specification grid
85,Dyed heating oil 420 ppm,3.34,62,note,,,,,,,Cancels Previous Issues of Grade 85,Source text; PDF has no detected specification grid
85,Dyed heating oil 420 ppm,3.34,62,note,,,,,,,NOTES:,Source text; PDF has no detected specification grid
85,Dyed heating oil 420 ppm,3.34,62,note,,,,,,,1. Additive requirements/restrictions - refer to section 3.2.,Source text; PDF has no detected specification grid
85,Dyed heating oil 420 ppm,3.34,62,note,,,,,,,2. This schedule denotes the fluidity of the distillate at the time and place of origin.,Source text; PDF has no detected specification grid
85,Dyed heating oil 420 ppm,3.34,62,note,,,,,,,Pour Point –August 1st through March 14th Maximum: -18oC (-0.4oF).,Source text; PDF has no detected specification grid
85,Dyed heating oil 420 ppm,3.34,62,note,,,,,,,Pour Point – March 15th through July 31st Maximum: -12oC (10.4oF),Source text; PDF has no detected specification grid
85,Dyed heating oil 420 ppm,3.34,62,note,,,,,,,Cloud Point – August 1st through March 14th Maximum: -9oC (15.8oF),Source text; PDF has no detected specification grid
85,Dyed heating oil 420 ppm,3.34,62,note,,,,,,,Cloud Point – March 15th through July 31st M a x i m um: -7oC (19.4oF),Source text; PDF has no detected specification grid
85,Dyed heating oil 420 ppm,3.34,62,note,,,,,,,3. Dye Requirement,Source text; PDF has no detected specification grid
85,Dyed heating oil 420 ppm,3.34,62,note,,,,,,,"This product will be dyed by CPC to meet a minimum dye concentration, or spectral",Source text; PDF has no detected specification grid
85,Dyed heating oil 420 ppm,3.34,62,note,,,,,,,Delivery:,Source text; PDF has no detected specification grid
85,Dyed heating oil 420 ppm,3.34,62,note,,,,,,,"equivalence, of 3.9 pounds of Solid Red #26 per 1,000 barrels.",Source text; PDF has no detected specification grid
85,Dyed heating oil 420 ppm,3.34,62,note,,,,,,,4. Certain States and localities North of Virginia have sulfur limits that are less than 0.50%. Origin laboratory,Source text; PDF has no detected specification grid
85,Dyed heating oil 420 ppm,3.34,62,note,,,,,,,certifying sulfur content can qualify the test method used per EPA performance based testing criteria (See,Source text; PDF has no detected specification grid
85,Dyed heating oil 420 ppm,3.34,62,note,,,,,,,1090 Subpart D).,Source text; PDF has no detected specification grid
85,Dyed heating oil 420 ppm,3.34,62,note,,,,,,,5. ASTM color measurement before addition of dye,Source text; PDF has no detected specification grid
85,Dyed heating oil 420 ppm,3.34,62,note,,,,,,,6.Either physical or simulated distillation can be used. [N] Simulated distillation MUST be correlated to D86,Source text; PDF has no detected specification grid
85,Dyed heating oil 420 ppm,3.34,62,note,,,,,,,7. Bengal will accept test methods results that are listed in ASTM [N] D396/ D975 for all tests. Test methods,Source text; PDF has no detected specification grid
85,Dyed heating oil 420 ppm,3.34,62,note,,,,,,,listed in the table above are considered referee methods by Bengal Pipeline. Referee methods apply for any,Source text; PDF has no detected specification grid
85,Dyed heating oil 420 ppm,3.34,62,note,,,,,,,disputes.,Source text; PDF has no detected specification grid
85,Dyed heating oil 420 ppm,3.34,62,note,,,,,,,Delivery test results may vary by the smaller of ASTM reproducibility for a given test or any test tolerance as,Source text; PDF has no detected specification grid
85,Dyed heating oil 420 ppm,3.34,62,note,,,,,,,allowed by state or EPA regulations at the point of delivery.,Source text; PDF has no detected specification grid
87,Dyed certified NTDF heating oil,3.35,63,context,,,,,,,3.35.1 PRODUCT SPECIFICATIONS SPECIFICATIONS FOR FUNGIBLE CERTIFIED TRANSPORTATION 15 ppm DISTILLATE FUEL (CERTIFIED,Source heading
87,Dyed certified NTDF heating oil,3.35,63,note,,,,,,,EPA Designation: Heating Oil Certified NTDF,Source note / supporting table
87,Dyed certified NTDF heating oil,3.35,63,specification,All / see section,Gravity API,D4052,30,,,Gravity API | D4052 | 30 |  | ,Table extracted; verify merged cells and revision markings
87,Dyed certified NTDF heating oil,3.35,63,specification,All / see section,"Flash Point, oF",D93,130 (Origin),,,"Flash Point, oF | D93 | 130 (Origin) |  | ",Table extracted; verify merged cells and revision markings
87,Dyed certified NTDF heating oil,3.35,63,specification,All / see section,,,125.8 (Delivery),,, |  | 125.8 (Delivery) |  | ,Table extracted; verify merged cells and revision markings
87,Dyed certified NTDF heating oil,3.35,63,specification,All / see section,"Physical Distillation, °C(oF)",D86,,,6,"Physical Distillation, °C(oF) | D86 |  |  | 6",Table extracted; verify merged cells and revision markings
87,Dyed certified NTDF heating oil,3.35,63,specification,All / see section,50%,,,Report,,50% |  |  | Report | ,Table extracted; verify merged cells and revision markings
87,Dyed certified NTDF heating oil,3.35,63,specification,All / see section,90%,,282(540),338(640),,90% |  | 282(540) | 338(640) | ,Table extracted; verify merged cells and revision markings
87,Dyed certified NTDF heating oil,3.35,63,specification,All / see section,End Point o,,,371(700),,End Point o |  |  | 371(700) | ,Table extracted; verify merged cells and revision markings
87,Dyed certified NTDF heating oil,3.35,63,specification,All / see section,"[C] or Simulated Distillation, °C( F)",[C] D2887,,,[C] 6,"[C] or Simulated Distillation, °C( F) | [C] D2887 |  |  | [C] 6",Table extracted; verify merged cells and revision markings
87,Dyed certified NTDF heating oil,3.35,63,specification,All / see section,[C] 50% recovered,,,[C] Report,,[C] 50% recovered |  |  | [C] Report | ,Table extracted; verify merged cells and revision markings
87,Dyed certified NTDF heating oil,3.35,63,specification,All / see section,[C] 90% recovered,,[C] 300(572),[C] 356(673),,[C] 90% recovered |  | [C] 300(572) | [C] 356(673) | ,Table extracted; verify merged cells and revision markings
87,Dyed certified NTDF heating oil,3.35,63,specification,All / see section,[C] End Point,,,[C] 421(790),,[C] End Point |  |  | [C] 421(790) | ,Table extracted; verify merged cells and revision markings
87,Dyed certified NTDF heating oil,3.35,63,specification,All / see section,Color ASTM,D6045,,2.5,4,Color ASTM | D6045 |  | 2.5 | 4,Table extracted; verify merged cells and revision markings
87,Dyed certified NTDF heating oil,3.35,63,specification,All / see section,Color Visual,,Undyed,,3,Color Visual |  | Undyed |  | 3,Table extracted; verify merged cells and revision markings
87,Dyed certified NTDF heating oil,3.35,63,specification,All / see section,"Viscosity, cSt @ 40oC (104oF)",D445,1.9,4.1,,"Viscosity, cSt @ 40oC (104oF) | D445 | 1.9 | 4.1 | ",Table extracted; verify merged cells and revision markings
87,Dyed certified NTDF heating oil,3.35,63,specification,All / see section,Pour Point,D97,,,2,Pour Point | D97 |  |  | 2,Table extracted; verify merged cells and revision markings
87,Dyed certified NTDF heating oil,3.35,63,specification,All / see section,Cloud Point,D2500,,,2,Cloud Point | D2500 |  |  | 2,Table extracted; verify merged cells and revision markings
87,Dyed certified NTDF heating oil,3.35,63,specification,All / see section,"Corrosion, 3 hrs. @ 50oC (122oF)",D130,,1,,"Corrosion, 3 hrs. @ 50oC (122oF) | D130 |  | 1 | ",Table extracted; verify merged cells and revision markings
87,Dyed certified NTDF heating oil,3.35,63,specification,All / see section,"Total Sulfur, ppmwt",D5453,,11 (Origin),5,"Total Sulfur, ppmwt | D5453 |  | 11 (Origin) | 5",Table extracted; verify merged cells and revision markings
87,Dyed certified NTDF heating oil,3.35,63,specification,All / see section,,,,14 (Delivery),, |  |  | 14 (Delivery) | ,Table extracted; verify merged cells and revision markings
87,Dyed certified NTDF heating oil,3.35,63,specification,All / see section,Cetane Number,D613,40,,[N] 7,Cetane Number | D613 | 40 |  | [N] 7,Table extracted; verify merged cells and revision markings
87,Dyed certified NTDF heating oil,3.35,63,specification,All / see section,And One of the following condition should be met,,,,,And One of the following condition should be met |  |  |  | ,Table extracted; verify merged cells and revision markings
87,Dyed certified NTDF heating oil,3.35,63,specification,All / see section,"1. Aromatics (Volume %) , OR",D1319,,31.7,,"1. Aromatics (Volume %) , OR | D1319 |  | 31.7 | ",Table extracted; verify merged cells and revision markings
87,Dyed certified NTDF heating oil,3.35,63,specification,All / see section,2. Cetane Index,D976,40,,,2. Cetane Index | D976 | 40 |  | ,Table extracted; verify merged cells and revision markings
87,Dyed certified NTDF heating oil,3.35,63,specification,All / see section,"Ash, wt.%",D482,,0.01,,"Ash, wt.% | D482 |  | 0.01 | ",Table extracted; verify merged cells and revision markings
87,Dyed certified NTDF heating oil,3.35,63,specification,All / see section,Carbon Residue: Ramsbottom on 10% Bottom,D524,,0.35,,Carbon Residue: Ramsbottom on 10% Bottom | D524 |  | 0.35 | ,Table extracted; verify merged cells and revision markings
87,Dyed certified NTDF heating oil,3.35,63,specification,All / see section,"BS&W, vol.%",D2709,,< 0.05,,"BS&W, vol.% | D2709 |  | < 0.05 | ",Table extracted; verify merged cells and revision markings
87,Dyed certified NTDF heating oil,3.35,63,specification,All / see section,,[C] or equivalent,,,, | [C] or equivalent |  |  | ,Table extracted; verify merged cells and revision markings
87,Dyed certified NTDF heating oil,3.35,63,specification,All / see section,"Thermal stability, 90 minutes, 150°C",D6468,,,,"Thermal stability, 90 minutes, 150°C | D6468 |  |  | ",Table extracted; verify merged cells and revision markings
87,Dyed certified NTDF heating oil,3.35,63,specification,All / see section,1. Pad rating (Dupont),,,7,,1. Pad rating (Dupont) |  |  | 7 | ,Table extracted; verify merged cells and revision markings
87,Dyed certified NTDF heating oil,3.35,63,specification,All / see section,2. Reflactance Y/Green,,73%,,,2. Reflactance Y/Green |  | 73% |  | ,Table extracted; verify merged cells and revision markings
87,Dyed certified NTDF heating oil,3.35,63,specification,All / see section,[C] OR,,,,,[C] OR |  |  |  | ,Table extracted; verify merged cells and revision markings
87,Dyed certified NTDF heating oil,3.35,63,specification,All / see section,[C] Thermal stability,[C] D6468,,,,[C] Thermal stability | [C] D6468 |  |  | ,Table extracted; verify merged cells and revision markings
87,Dyed certified NTDF heating oil,3.35,63,specification,All / see section,[C] Y/Green,,[C] 73%,,,[C] Y/Green |  | [C] 73% |  | ,Table extracted; verify merged cells and revision markings
87,Dyed certified NTDF heating oil,3.35,63,specification,All / see section,[C] W Unit,,[C] 65%,,,[C] W Unit |  | [C] 65% |  | ,Table extracted; verify merged cells and revision markings
87,Dyed certified NTDF heating oil,3.35,63,specification,All / see section,OR,,,,,OR |  |  |  | ,Table extracted; verify merged cells and revision markings
87,Dyed certified NTDF heating oil,3.35,63,specification,All / see section,"Oxidation stability, mg/100 ml",D2274,,2.5,,"Oxidation stability, mg/100 ml | D2274 |  | 2.5 | ",Table extracted; verify merged cells and revision markings
87,Dyed certified NTDF heating oil,3.35,63,specification,All / see section,Haze rating @ 25oC (77oF) [W] Procedure 2,D4176,,2,,Haze rating @ 25oC (77oF) [W] Procedure 2 | D4176 |  | 2 | ,Table extracted; verify merged cells and revision markings
87,Dyed certified NTDF heating oil,3.35,63,specification,All / see section,,[W] Procedure 2,,,, | [W] Procedure 2 |  |  | ,Table extracted; verify merged cells and revision markings
87,Dyed certified NTDF heating oil,3.35,63,specification,All / see section,Nace Corrosion,TM0172,B+ (Origin),,,Nace Corrosion | TM0172 | B+ (Origin) |  | ,Table extracted; verify merged cells and revision markings
87,Dyed certified NTDF heating oil,3.35,63,specification,All / see section,"Electrical Conductivity, pS/m @ 21°C(70°F)",D2624,,250,,"Electrical Conductivity, pS/m @ 21°C(70°F) | D2624 |  | 250 | ",Table extracted; verify merged cells and revision markings
87,Dyed certified NTDF heating oil,3.35,64,context,,,,,,,3.35.2 PRODUCT SPECIFICATIONS SPECIFICATIONS FOR FUNGIBLE Certified non-transportation 15 ppm distillate fuel (certified,Source heading
87,Dyed certified NTDF heating oil,3.35,64,note,,,,,,,1. Additive requirements/restrictions - refer to section 3.2.,Source note / supporting table
87,Dyed certified NTDF heating oil,3.35,64,note,,,,,,,2. This schedule denotes the fluidity of the distillate at the time and place of origin.,Source note / supporting table
87,Dyed certified NTDF heating oil,3.35,64,note,,,,,,,Pour Point –August 1st through March 14th — Maximum: -18oC (-0.4oF).,Source note / supporting table
87,Dyed certified NTDF heating oil,3.35,64,note,,,,,,,Pour Point – March 15th through July 31st — Maximum: -12oC (10.4oF),Source note / supporting table
87,Dyed certified NTDF heating oil,3.35,64,note,,,,,,,Cloud Point – August 1st through March 14th — Maximum: -9oC (15.8oF),Source note / supporting table
87,Dyed certified NTDF heating oil,3.35,64,note,,,,,,,Cloud Point – March 15th through July 31st — M a ximum: -7oC (19.4oF),Source note / supporting table
87,Dyed certified NTDF heating oil,3.35,64,note,,,,,,,3. Dye Requirement,Source note / supporting table
87,Dyed certified NTDF heating oil,3.35,64,note,,,,,,,"Delivery: — This product will be dyed by CPC to meet a minimum dye concentration, or spectral equivalence, of 3.9 pounds of Solid Red #26 per 1,000 barrels.",Source note / supporting table
87,Dyed certified NTDF heating oil,3.35,64,note,,,,,,,4. ASTM color measurement before addition of dye,Source note / supporting table
87,Dyed certified NTDF heating oil,3.35,64,note,,,,,,,5. Origin laboratory certifying sulfur content can qualify the test method used per EPA Performance Based Testing Criteria (see CFR 1090 Subpart D).,Source note / supporting table
87,Dyed certified NTDF heating oil,3.35,64,note,,,,,,,6.Either physical or simulated distillation can be used. [N] Simulated distillation MUST be correlated to D86,Source note / supporting table
87,Dyed certified NTDF heating oil,3.35,64,note,,,,,,,7. Bengal will accept test methods results that are listed in ASTM D975 for all tests. Test method listed in in the table above are considered referee methods by Bengal Pipeline. Referee methods apply for any disputes.,Source note / supporting table
87,Dyed certified NTDF heating oil,3.35,64,note,,,,,,,Delivery test results may vary by the smaller of ASTM reproducibility for a given test or any test tolerance as allowed by state or EPA regulations at the point of delivery.,Source note / supporting table
87,Dyed certified NTDF heating oil,3.35,64,note,,,,,,,SPECIFICATIONS FOR FUNGIBLE Certified non-transportation 15 ppm distillate fuel (certified,Source text; PDF has no detected specification grid
87,Dyed certified NTDF heating oil,3.35,64,note,,,,,,,NTDF) GRADE 87,Source text; PDF has no detected specification grid
87,Dyed certified NTDF heating oil,3.35,64,note,,,,,,,EPA Designation: Heating Oil (Certified NTDF),Source text; PDF has no detected specification grid
87,Dyed certified NTDF heating oil,3.35,64,note,,,,,,,Cancels Previous Issues of Grade 87,Source text; PDF has no detected specification grid
87,Dyed certified NTDF heating oil,3.35,64,note,,,,,,,NOTES:,Source text; PDF has no detected specification grid
87,Dyed certified NTDF heating oil,3.35,64,note,,,,,,,1. Additive requirements/restrictions - refer to section 3.2.,Source text; PDF has no detected specification grid
87,Dyed certified NTDF heating oil,3.35,64,note,,,,,,,2. This schedule denotes the fluidity of the distillate at the time and place of origin.,Source text; PDF has no detected specification grid
87,Dyed certified NTDF heating oil,3.35,64,note,,,,,,,Pour Point –August 1st through March 14th Maximum: -18oC (-0.4oF).,Source text; PDF has no detected specification grid
87,Dyed certified NTDF heating oil,3.35,64,note,,,,,,,Pour Point – March 15th through July 31st Maximum: -12oC (10.4oF),Source text; PDF has no detected specification grid
87,Dyed certified NTDF heating oil,3.35,64,note,,,,,,,Cloud Point – August 1st through March 14th Maximum: -9oC (15.8oF),Source text; PDF has no detected specification grid
87,Dyed certified NTDF heating oil,3.35,64,note,,,,,,,Cloud Point – March 15th through July 31st M a ximum: -7oC (19.4oF),Source text; PDF has no detected specification grid
87,Dyed certified NTDF heating oil,3.35,64,note,,,,,,,3. Dye Requirement,Source text; PDF has no detected specification grid
87,Dyed certified NTDF heating oil,3.35,64,note,,,,,,,"This product will be dyed by CPC to meet a minimum dye concentration, or spectral",Source text; PDF has no detected specification grid
87,Dyed certified NTDF heating oil,3.35,64,note,,,,,,,Delivery:,Source text; PDF has no detected specification grid
87,Dyed certified NTDF heating oil,3.35,64,note,,,,,,,"equivalence, of 3.9 pounds of Solid Red #26 per 1,000 barrels.",Source text; PDF has no detected specification grid
87,Dyed certified NTDF heating oil,3.35,64,note,,,,,,,4. ASTM color measurement before addition of dye,Source text; PDF has no detected specification grid
87,Dyed certified NTDF heating oil,3.35,64,note,,,,,,,5. Origin laboratory certifying sulfur content can qualify the test method used per EPA Performance Based Testing,Source text; PDF has no detected specification grid
87,Dyed certified NTDF heating oil,3.35,64,note,,,,,,,Criteria (see CFR 1090 Subpart D).,Source text; PDF has no detected specification grid
87,Dyed certified NTDF heating oil,3.35,64,note,,,,,,,6.Either physical or simulated distillation can be used. [N] Simulated distillation MUST be correlated to D86,Source text; PDF has no detected specification grid
87,Dyed certified NTDF heating oil,3.35,64,note,,,,,,,7. Bengal will accept test methods results that are listed in ASTM D975 for all tests. Test method listed in in the,Source text; PDF has no detected specification grid
87,Dyed certified NTDF heating oil,3.35,64,note,,,,,,,table above are considered referee methods by Bengal Pipeline. Referee methods apply for any disputes.,Source text; PDF has no detected specification grid
87,Dyed certified NTDF heating oil,3.35,64,note,,,,,,,Delivery test results may vary by the smaller of ASTM reproducibility for a given test or any test tolerance as,Source text; PDF has no detected specification grid
87,Dyed certified NTDF heating oil,3.35,64,note,,,,,,,allowed by state or EPA regulations at the point of delivery.,Source text; PDF has no detected specification grid
88,Dyed heating oil 2000 ppm,3.36,65,context,,,,,,,3.36.1 SPECIFICATIONS FOR FUNGIBLE 2000 ppm SULFUR HEATING OIL GRADE 88 DYED BY CPC,Source heading
88,Dyed heating oil 2000 ppm,3.36,65,specification,All / see section,Gravity API,D4052,30,,,Gravity API | D4052 | 30 |  |  | ,Table extracted; verify merged cells and revision markings
88,Dyed heating oil 2000 ppm,3.36,65,specification,All / see section,"Flash Point, oF",D93,124 (Origin),,,"Flash Point, oF | D93 | 124 (Origin) |  |  | ",Table extracted; verify merged cells and revision markings
88,Dyed heating oil 2000 ppm,3.36,65,specification,All / see section,,,116 (Delivery),,, |  | 116 (Delivery) |  |  | ,Table extracted; verify merged cells and revision markings
88,Dyed heating oil 2000 ppm,3.36,65,specification,All / see section,"Physical Distillation, °C(oF)",D86,,,6,"Physical Distillation, °C(oF) | D86 |  |  | 6 | ",Table extracted; verify merged cells and revision markings
88,Dyed heating oil 2000 ppm,3.36,65,specification,All / see section,50%,,,Report,,50% |  |  | Report |  | ,Table extracted; verify merged cells and revision markings
88,Dyed heating oil 2000 ppm,3.36,65,specification,All / see section,90%,,282(540),338(640),,90% |  | 282(540) | 338(640) |  | ,Table extracted; verify merged cells and revision markings
88,Dyed heating oil 2000 ppm,3.36,65,specification,All / see section,End Point o,,,371(700),,End Point o |  |  | 371(700) |  | ,Table extracted; verify merged cells and revision markings
88,Dyed heating oil 2000 ppm,3.36,65,specification,All / see section,"[C] or Simulated Distillation, °C( F)",[C] D2887,,,[C] 6,"[C] or Simulated Distillation, °C( F) | [C] D2887 |  |  | [C] 6 | ",Table extracted; verify merged cells and revision markings
88,Dyed heating oil 2000 ppm,3.36,65,specification,All / see section,[C] 50% recovered,,,[C] Report,,[C] 50% recovered |  |  | [C] Report |  | ,Table extracted; verify merged cells and revision markings
88,Dyed heating oil 2000 ppm,3.36,65,specification,All / see section,[C] 90% recovered,,[C] 300(572),[C] 356(673),,[C] 90% recovered |  | [C] 300(572) | [C] 356(673) |  | ,Table extracted; verify merged cells and revision markings
88,Dyed heating oil 2000 ppm,3.36,65,specification,All / see section,[C] End Point,,,[C] 421(790),,[C] End Point |  |  | [C] 421(790) |  | ,Table extracted; verify merged cells and revision markings
88,Dyed heating oil 2000 ppm,3.36,65,specification,All / see section,Color ASTM,D6045,,2.5,4,Color ASTM | D6045 |  | 2.5 | 4 | ,Table extracted; verify merged cells and revision markings
88,Dyed heating oil 2000 ppm,3.36,65,specification,All / see section,Color Visual,,Undyed,,3,Color Visual |  | Undyed |  | 3 | ,Table extracted; verify merged cells and revision markings
88,Dyed heating oil 2000 ppm,3.36,65,specification,All / see section,"Viscosity, cSt @ 40oC (104oF)",D445,1.9,4.1,,"Viscosity, cSt @ 40oC (104oF) | D445 | 1.9 | 4.1 |  | ",Table extracted; verify merged cells and revision markings
88,Dyed heating oil 2000 ppm,3.36,65,specification,All / see section,Pour Point,D97,,,2,Pour Point | D97 |  |  | 2 | ,Table extracted; verify merged cells and revision markings
88,Dyed heating oil 2000 ppm,3.36,65,specification,All / see section,Cloud Point,D2500,,,2,Cloud Point | D2500 |  |  | 2 | ,Table extracted; verify merged cells and revision markings
88,Dyed heating oil 2000 ppm,3.36,65,specification,All / see section,"Corrosion, 3 hrs. @ 50oC (122oF)",D130,,1,,"Corrosion, 3 hrs. @ 50oC (122oF) | D130 |  | 1 |  | ",Table extracted; verify merged cells and revision markings
88,Dyed heating oil 2000 ppm,3.36,65,specification,All / see section,"Total Sulfur, ppmwt",D4294,,2000,5,"Total Sulfur, ppmwt | D4294 |  | 2000 | 5 | ",Table extracted; verify merged cells and revision markings
88,Dyed heating oil 2000 ppm,3.36,65,specification,All / see section,Cetane Number,D613,40,,[N] 7,Cetane Number | D613 | 40 |  | [N] 7 | ,Table extracted; verify merged cells and revision markings
88,Dyed heating oil 2000 ppm,3.36,65,specification,All / see section,And One of the following condition should be met,,,,,And One of the following condition should be met |  |  |  |  | ,Table extracted; verify merged cells and revision markings
88,Dyed heating oil 2000 ppm,3.36,65,specification,All / see section,"1. Aromatics (Volume %) , OR",D1319,,31.7,,"1. Aromatics (Volume %) , OR | D1319 |  | 31.7 |  | ",Table extracted; verify merged cells and revision markings
88,Dyed heating oil 2000 ppm,3.36,65,specification,All / see section,2. Cetane Index,D976,40,,,2. Cetane Index | D976 | 40 |  |  | ,Table extracted; verify merged cells and revision markings
88,Dyed heating oil 2000 ppm,3.36,65,specification,All / see section,"Ash, wt.%",D482,,0.01,,"Ash, wt.% | D482 |  | 0.01 |  | ",Table extracted; verify merged cells and revision markings
88,Dyed heating oil 2000 ppm,3.36,65,specification,All / see section,Carbon Residue: Ramsbottom on 10% Bottom,D524,,0.35,,Carbon Residue: Ramsbottom on 10% Bottom | D524 |  | 0.35 |  | ,Table extracted; verify merged cells and revision markings
88,Dyed heating oil 2000 ppm,3.36,65,specification,All / see section,"BS&W, vol.%",D2709,,< 0.05,,"BS&W, vol.% | D2709 |  | < 0.05 |  | ",Table extracted; verify merged cells and revision markings
88,Dyed heating oil 2000 ppm,3.36,65,specification,All / see section,,[C] or equivalent,,,, | [C] or equivalent |  |  |  | ,Table extracted; verify merged cells and revision markings
88,Dyed heating oil 2000 ppm,3.36,65,specification,All / see section,"Thermal stability, 90 minutes, 150C",D6468,,,,"Thermal stability, 90 minutes, 150C | D6468 |  |  |  | ",Table extracted; verify merged cells and revision markings
88,Dyed heating oil 2000 ppm,3.36,65,specification,All / see section,1. Pad rating (Dupont),,,7,,1. Pad rating (Dupont) |  |  | 7 |  | ,Table extracted; verify merged cells and revision markings
88,Dyed heating oil 2000 ppm,3.36,65,specification,All / see section,2. Reflactance Y/Green,,73%,,,2. Reflactance Y/Green |  | 73% |  |  | ,Table extracted; verify merged cells and revision markings
88,Dyed heating oil 2000 ppm,3.36,65,specification,All / see section,[C] OR,,,,,[C] OR |  |  |  |  | ,Table extracted; verify merged cells and revision markings
88,Dyed heating oil 2000 ppm,3.36,65,specification,All / see section,[C] Thermal stability,[C] D6468,,,,[C] Thermal stability | [C] D6468 |  |  |  | ,Table extracted; verify merged cells and revision markings
88,Dyed heating oil 2000 ppm,3.36,65,specification,All / see section,[C] Y/Green,,[C] 73%,,,[C] Y/Green |  | [C] 73% |  |  | ,Table extracted; verify merged cells and revision markings
88,Dyed heating oil 2000 ppm,3.36,65,specification,All / see section,[C] W Unit,,[C] 65%,,,[C] W Unit |  | [C] 65% |  |  | ,Table extracted; verify merged cells and revision markings
88,Dyed heating oil 2000 ppm,3.36,65,specification,All / see section,OR,,,,,OR |  |  |  |  | ,Table extracted; verify merged cells and revision markings
88,Dyed heating oil 2000 ppm,3.36,65,specification,All / see section,"Oxidation stability, mg/100 ml",D2274,,2.5,,"Oxidation stability, mg/100 ml | D2274 |  | 2.5 |  | ",Table extracted; verify merged cells and revision markings
88,Dyed heating oil 2000 ppm,3.36,65,specification,All / see section,Haze rating @ 25oC (77oF) [W] Procedure 2,D4176,,2,,Haze rating @ 25oC (77oF) [W] Procedure 2 | D4176 |  | 2 |  | ,Table extracted; verify merged cells and revision markings
88,Dyed heating oil 2000 ppm,3.36,65,specification,All / see section,,[W] Procedure 2,,,, | [W] Procedure 2 |  |  |  | ,Table extracted; verify merged cells and revision markings
88,Dyed heating oil 2000 ppm,3.36,65,specification,All / see section,Nace Corrosion,TM0172,B+ (Origin),,,Nace Corrosion | TM0172 | B+ (Origin) |  |  | ,Table extracted; verify merged cells and revision markings
88,Dyed heating oil 2000 ppm,3.36,65,specification,All / see section,"Electrical Conductivity, pS/m @ 21°C(70°F)",D2624,,250,,"Electrical Conductivity, pS/m @ 21°C(70°F) | D2624 |  | 250 |  | ",Table extracted; verify merged cells and revision markings
88,Dyed heating oil 2000 ppm,3.36,66,context,,,,,,,PRODUCT SPECIFICATIONS 3.36.2 SPECIFICATIONS FOR FUNGIBLE 2000 ppm SULFUR HEATING OIL GRADE 88 DYED BY CPC,Source heading
88,Dyed heating oil 2000 ppm,3.36,66,note,,,,,,,1. Additive requirements/restrictions - refer to section 3.2.,Source note / supporting table
88,Dyed heating oil 2000 ppm,3.36,66,note,,,,,,,2. This schedule denotes the fluidity of the distillate at the time and place of origin.,Source note / supporting table
88,Dyed heating oil 2000 ppm,3.36,66,note,,,,,,,Pour Point –August 1st through March 14th — Maximum: -18oC (-0.4oF).,Source note / supporting table
88,Dyed heating oil 2000 ppm,3.36,66,note,,,,,,,Pour Point – March 15th through July 31st — Maximum: -12oC (10.4oF),Source note / supporting table
88,Dyed heating oil 2000 ppm,3.36,66,note,,,,,,,Cloud Point – August 1st through March 14th — Maximum: -9oC (15.8oF),Source note / supporting table
88,Dyed heating oil 2000 ppm,3.36,66,note,,,,,,,Cloud Point – March 15th through July 31st — M a ximum: -7oC (19.4oF),Source note / supporting table
88,Dyed heating oil 2000 ppm,3.36,66,note,,,,,,,3. Dye Requirement,Source note / supporting table
88,Dyed heating oil 2000 ppm,3.36,66,note,,,,,,,"Delivery: — This product will be dyed by CPC to meet a minimum dye concentration, or spectral equivalence, of 3.9 pounds of Solid Red #26 per 1,000 barrels.",Source note / supporting table
88,Dyed heating oil 2000 ppm,3.36,66,note,,,,,,,4. ASTM color measurement before addition of dye,Source note / supporting table
88,Dyed heating oil 2000 ppm,3.36,66,note,,,,,,,5. Origin laboratory certifying sulfur content can qualify the test method used per EPA Performance Based Testing Criteria (see CFR 1090 Subpart D).,Source note / supporting table
88,Dyed heating oil 2000 ppm,3.36,66,note,,,,,,,6. Either physical or simulated distillation can be used. [N] Simulated distillation MUST be correlated to D86,Source note / supporting table
88,Dyed heating oil 2000 ppm,3.36,66,note,,,,,,,7. Bengal will accept test methods results that are listed in ASTM [N] D396/D975 for all tests. Test method listed in in the table above are considered referee methods by Bengal Pipeline. Referee methods apply for any disputes.,Source note / supporting table
88,Dyed heating oil 2000 ppm,3.36,66,note,,,,,,,Delivery test results may vary by the smaller of ASTM reproducibility for a given test or any test tolerance as allowed by state or EPA regulations at the point of delivery.,Source note / supporting table
88,Dyed heating oil 2000 ppm,3.36,66,note,,,,,,,Cancels Previous Issues of Grade 88,Source text; PDF has no detected specification grid
88,Dyed heating oil 2000 ppm,3.36,66,note,,,,,,,NOTES:,Source text; PDF has no detected specification grid
88,Dyed heating oil 2000 ppm,3.36,66,note,,,,,,,1. Additive requirements/restrictions - refer to section 3.2.,Source text; PDF has no detected specification grid
88,Dyed heating oil 2000 ppm,3.36,66,note,,,,,,,2. This schedule denotes the fluidity of the distillate at the time and place of origin.,Source text; PDF has no detected specification grid
88,Dyed heating oil 2000 ppm,3.36,66,note,,,,,,,Pour Point –August 1st through March 14th Maximum: -18oC (-0.4oF).,Source text; PDF has no detected specification grid
88,Dyed heating oil 2000 ppm,3.36,66,note,,,,,,,Pour Point – March 15th through July 31st Maximum: -12oC (10.4oF),Source text; PDF has no detected specification grid
88,Dyed heating oil 2000 ppm,3.36,66,note,,,,,,,Cloud Point – August 1st through March 14th Maximum: -9oC (15.8oF),Source text; PDF has no detected specification grid
88,Dyed heating oil 2000 ppm,3.36,66,note,,,,,,,Cloud Point – March 15th through July 31st M a ximum: -7oC (19.4oF),Source text; PDF has no detected specification grid
88,Dyed heating oil 2000 ppm,3.36,66,note,,,,,,,3. Dye Requirement,Source text; PDF has no detected specification grid
88,Dyed heating oil 2000 ppm,3.36,66,note,,,,,,,"This product will be dyed by CPC to meet a minimum dye concentration, or spectral",Source text; PDF has no detected specification grid
88,Dyed heating oil 2000 ppm,3.36,66,note,,,,,,,Delivery:,Source text; PDF has no detected specification grid
88,Dyed heating oil 2000 ppm,3.36,66,note,,,,,,,"equivalence, of 3.9 pounds of Solid Red #26 per 1,000 barrels.",Source text; PDF has no detected specification grid
88,Dyed heating oil 2000 ppm,3.36,66,note,,,,,,,4. ASTM color measurement before addition of dye,Source text; PDF has no detected specification grid
88,Dyed heating oil 2000 ppm,3.36,66,note,,,,,,,5. Origin laboratory certifying sulfur content can qualify the test method used per EPA Performance Based,Source text; PDF has no detected specification grid
88,Dyed heating oil 2000 ppm,3.36,66,note,,,,,,,Testing Criteria (see CFR 1090 Subpart D).,Source text; PDF has no detected specification grid
88,Dyed heating oil 2000 ppm,3.36,66,note,,,,,,,6. Either physical or simulated distillation can be used. [N] Simulated distillation MUST be correlated to D86,Source text; PDF has no detected specification grid
88,Dyed heating oil 2000 ppm,3.36,66,note,,,,,,,7. Bengal will accept test methods results that are listed in ASTM [N] D396/D975 for all tests. Test method listed,Source text; PDF has no detected specification grid
88,Dyed heating oil 2000 ppm,3.36,66,note,,,,,,,in in the table above are considered referee methods by Bengal Pipeline. Referee methods apply for any,Source text; PDF has no detected specification grid
88,Dyed heating oil 2000 ppm,3.36,66,note,,,,,,,disputes.,Source text; PDF has no detected specification grid
88,Dyed heating oil 2000 ppm,3.36,66,note,,,,,,,Delivery test results may vary by the smaller of ASTM reproducibility for a given test or any test tolerance as,Source text; PDF has no detected specification grid
88,Dyed heating oil 2000 ppm,3.36,66,note,,,,,,,allowed by state or EPA regulations at the point of delivery.,Source text; PDF has no detected specification grid
89,Dyed distillate blendstock,3.37,67,context,,,,,,,PRODUCT SPECIFICATIONS 3.37 SPECIFICATIONS FOR SEGREGATED DISTILLATE BLENDSTOCKS GRADE 89 DYED BY CPC,Source heading
89,Dyed distillate blendstock,3.37,67,specification,All / see section,Gravity API,D4052,,25,42,Gravity API | D4052 |  | 25 | 42,Table extracted; verify merged cells and revision markings
89,Dyed distillate blendstock,3.37,67,specification,All / see section,"Flash Point, oF",D93,,100,,"Flash Point, oF | D93 |  | 100 | ",Table extracted; verify merged cells and revision markings
89,Dyed distillate blendstock,3.37,67,specification,All / see section,Nace Corrosion,TM0172,,B+ (origin),,Nace Corrosion | TM0172 |  | B+ (origin) | ,Table extracted; verify merged cells and revision markings
89,Dyed distillate blendstock,3.37,67,specification,All / see section,"Total Sulfur, ppmwt",D4294,,,"10,000","Total Sulfur, ppmwt | D4294 |  |  | 10,000",Table extracted; verify merged cells and revision markings
89,Dyed distillate blendstock,3.37,67,specification,All / see section,"Electrical Conductivity, pS/m @ 21°C(70°F)",D2624,,,250,"Electrical Conductivity, pS/m @ 21°C(70°F) | D2624 |  |  | 250",Table extracted; verify merged cells and revision markings
89,Dyed distillate blendstock,3.37,67,note,,,,,,,1. This schedule denotes the fluidity of the distillate at the time and place of origin.,Source note / supporting table
89,Dyed distillate blendstock,3.37,67,note,,,,,,,Pour Point –August 1st through March 14th — Maximum: -18oC (-0.4oF).,Source note / supporting table
89,Dyed distillate blendstock,3.37,67,note,,,,,,,Pour Point – March 15th through July 31st — Maximum: -12oC (10.4oF),Source note / supporting table
89,Dyed distillate blendstock,3.37,67,note,,,,,,,Cloud Point – August 1st through March 14th — Maximum: -9oC (15.8oF),Source note / supporting table
89,Dyed distillate blendstock,3.37,67,note,,,,,,,Cloud Point – March 15th through July 31st — M a ximum: -7oC (19.4oF),Source note / supporting table
89,Dyed distillate blendstock,3.37,67,note,,,,,,,The pre-shipment documentation with the actual results must be received before shipment.,Source note / supporting table
89,Dyed distillate blendstock,3.37,67,note,,,,,,,2. Origin laboratory certifying sulfur content can qualify the test method used per EPA performance based testing criteria (see CFR 1090 Subpart D).,Source note / supporting table
89,Dyed distillate blendstock,3.37,67,note,,,,,,,3. Additive requirements/restrictions - refer to section 3.2.,Source note / supporting table
89,Dyed distillate blendstock,3.37,67,note,,,,,,,4. Bengal will accept test methods results that are listed in ASTM D396for all tests. Test methods listed in the table above are considered referee methods by Bengal Pipeline. Referee methods apply for any disputes,Source note / supporting table
89,Dyed distillate blendstock,3.37,67,note,,,,,,,Delivery test results may vary by the smaller of ASTM reproducibility for a given test or any test tolerance as allowed by state or EPA regulations at the point of delivery.,Source note / supporting table
89,Dyed distillate blendstock,3.37,67,note,,,,,,,1. This schedule denotes the fluidity of the distillate at the time and place of origin.,Extracted narrative; verify continuation
89,Dyed distillate blendstock,3.37,67,note,,,,,,,2. Origin laboratory certifying sulfur content can qualify the test method used per EPA performance,Extracted narrative; verify continuation
89,Dyed distillate blendstock,3.37,67,note,,,,,,,3. Additive requirements/restrictions - refer to section 3.2.,Extracted narrative; verify continuation
89,Dyed distillate blendstock,3.37,67,note,,,,,,,4. Bengal will accept test methods results that are listed in ASTM D396for all tests. Test methods listed in,Extracted narrative; verify continuation
"90-94,96",Transmix,3.38,68,context,,,,,,,PRODUCT SPECIFICATIONS 3.38 SPECIFICATIONS FOR FUNGIBLE TRANSMIX,Source heading
"90-94,96",Transmix,3.38,68,note,,,,,,,Cancels Previous Issues of Grade 90-94,Source text; PDF has no detected specification grid
"90-94,96",Transmix,3.38,68,note,,,,,,,Each grade can consist of varying concentrations of the following distillate and gasoline:,Source text; PDF has no detected specification grid
"90-94,96",Transmix,3.38,68,note,,,,,,,Grade Distillate Gasoline,Source text; PDF has no detected specification grid
"90-94,96",Transmix,3.38,68,note,,,,,,,90 Distillate Conventional,Source text; PDF has no detected specification grid
"90-94,96",Transmix,3.38,68,note,,,,,,,91 Distillate RFG,Source text; PDF has no detected specification grid
"90-94,96",Transmix,3.38,68,note,,,,,,,92 Distillate RFG,Source text; PDF has no detected specification grid
"90-94,96",Transmix,3.38,68,note,,,,,,,93 Distillate RBOB,Source text; PDF has no detected specification grid
"90-94,96",Transmix,3.38,68,note,,,,,,,94 Distillate RBOB,Source text; PDF has no detected specification grid
"90-94,96",Transmix,3.38,68,note,,,,,,,96 Distillate Distillate,Source text; PDF has no detected specification grid
"90-94,96",Transmix,3.38,68,note,,,,,,,High Sulfur Kerosine Ultra Low Sulfur Diesel (ULSD),Source text; PDF has no detected specification grid
"90-94,96",Transmix,3.38,68,note,,,,,,,Explanation of Reference Marks,Source text; PDF has no detected specification grid
"90-94,96",Transmix,3.38,68,note,,,,,,,[N]………………New,Source text; PDF has no detected specification grid
"90-94,96",Transmix,3.38,68,note,,,,,,,[W]….…...……Change in Wording,Source text; PDF has no detected specification grid
"90-94,96",Transmix,3.38,68,note,,,,,,,[C]……………..Cancels,Source text; PDF has no detected specification grid
