product_code,product_name,section,page,record_type,requirement_scope,property,astm_method,minimum,maximum,note_ref,text,review_status
A,CBOB regular (87 octane),3.3,10,context,All / see section,,,,,,3.3.1,Source text
A,CBOB regular (87 octane),3.3,10,context,All / see section,,,,,,This CBOB may not be combined with any other CBOB except CBOB having the,Source text
A,CBOB regular (87 octane),3.3,10,context,All / see section,,,,,,same requirement for oxygenate type and amount.,Source text
A,CBOB regular (87 octane),3.3,10,context,All / see section,,,,,,All parameters must be met after blending with denatured fuel ethanol unless noted.,Source text
A,CBOB regular (87 octane),3.3,10,context,All / see section,,,,,,ALL A GRADE REQUIREMENTS (SEGREGATED AND FUNGIBLE),Source text
A,CBOB regular (87 octane),3.3,10,context,All / see section,,,,,,ASTM Test Test Results,Source text
A,CBOB regular (87 octane),3.3,10,specification,All / see section,Octane RON,D2699 Report,,,,Octane RON D2699 Report,Positionally extracted; verify complex/overprinted tables
A,CBOB regular (87 octane),3.3,10,specification,All / see section,MON,D2700 82.0,,,,MON D2700 82.0,Positionally extracted; verify complex/overprinted tables
A,CBOB regular (87 octane),3.3,10,specification,All / see section,(R+M)/2,87.0,,,,(R+M)/2 87.0,Positionally extracted; verify complex/overprinted tables
A,CBOB regular (87 octane),3.3,10,specification,All / see section,"Oxygen Content, weight %",D5599,0.1,"1,2,6",,"Oxygen Content, weight % D5599 0.1 1,2,6",Positionally extracted; verify complex/overprinted tables
A,CBOB regular (87 octane),3.3,10,specification,All / see section,RVP (psi),D5191,,3,,RVP (psi) D5191 3,Positionally extracted; verify complex/overprinted tables
A,CBOB regular (87 octane),3.3,10,specification,All / see section,Grades,,,,,Grades,Positionally extracted; verify complex/overprinted tables
A,CBOB regular (87 octane),3.3,10,specification,All / see section,"A2,2A",,10.0,,,"A2,2A 10.0",Positionally extracted; verify complex/overprinted tables
A,CBOB regular (87 octane),3.3,10,specification,All / see section,"A3,3A",,12.5,,,"A3,3A 12.5",Positionally extracted; verify complex/overprinted tables
A,CBOB regular (87 octane),3.3,10,specification,All / see section,"A4,4A",,14.5,,,"A4,4A 14.5",Positionally extracted; verify complex/overprinted tables
A,CBOB regular (87 octane),3.3,10,specification,All / see section,"A5,5A",,15.5,,,"A5,5A 15.5",Positionally extracted; verify complex/overprinted tables
A,CBOB regular (87 octane),3.3,10,specification,All / see section,Gasoline designed for gasoline-ethanol,blends in,accordance with,40 CFR [W] 80.27(d)(2),1090 Subpart N,Gasoline designed for gasoline-ethanol blends in accordance with 40 CFR [W] 80.27(d)(2) 1090 Subpart N,Positionally extracted; verify complex/overprinted tables
A,CBOB regular (87 octane),3.3,10,specification,All / see section,Suitable for the special RVP,provisions for ethanol,blends that,contain 9 and 10 vol % ethanol.,,Suitable for the special RVP provisions for ethanol blends that contain 9 and 10 vol % ethanol.,Positionally extracted; verify complex/overprinted tables
A,CBOB regular (87 octane),3.3,10,specification,All / see section,The use of this gasoline,to manufacture a gasoline-ethanol,blend,containing anything other,than between 9,The use of this gasoline to manufacture a gasoline-ethanol blend containing anything other than between 9,Positionally extracted; verify complex/overprinted tables
A,CBOB regular (87 octane),3.3,10,specification,All / see section,and 10 volume percent ethanol,may cause a summertime,RVP,violation.,,and 10 volume percent ethanol may cause a summertime RVP violation.,Positionally extracted; verify complex/overprinted tables
A,CBOB regular (87 octane),3.3,10,note,All / see section,,,,,,Heavy Metals are not allowed to be present.,Source text
A,CBOB regular (87 octane),3.3,10,note,All / see section,,,,,,Additive requirements/restrictions - refer to section 3.2.,Source text
A,CBOB regular (87 octane),3.3,10,note,All / see section,,,,,,"This is a base gasoline, not for sale to the ultimate consumer.",Source text
A,CBOB regular (87 octane),3.3,10,note,All / see section,,,,,,Any gasoline exhibiting an offensive odor and/or poses a personal health hazard will not be accepted for shipment.,Source text
A,CBOB regular (87 octane),3.3,10,note,All / see section,,,,,,Any gasoline containing more than 0.50 wt. % of dicyclopentadiene will not be accepted for shipment.,Source text
A,CBOB regular (87 octane),3.3,10,note,All / see section,,,,,,The referee method will be based on a gas chromatograph test.,Source text
A,CBOB regular (87 octane),3.3,10,note,All / see section,,,,,,Delivery test results may vary by the smaller of ASTM reproducibility for a given test or any test tolerance as allowed by,Source text
A,CBOB regular (87 octane),3.3,10,note,All / see section,,,,,,state or EPA regulations at the point of delivery.,Source text
A,CBOB regular (87 octane),3.3,11,context,Fungible only,,,,,,3.3.2 CONVENTIONAL REGULAR GASOLINE BLENDSTOCK (CBOB),Source text
A,CBOB regular (87 octane),3.3,11,context,Fungible only,,,,,,FOR BLENDING WITH 10% DENATURED FUEL ETHANOL,Source text
A,CBOB regular (87 octane),3.3,11,context,Fungible only,,,,,,FUNGIBLE ONLY REQUIREMENTS:,Source text
A,CBOB regular (87 octane),3.3,11,context,Fungible only,,,,,,ASTM Test Test Results,Source text
A,CBOB regular (87 octane),3.3,11,specification,Fungible only,Benzene (vol%),D3606,,3.8,,Benzene (vol%) D3606 3.8,Positionally extracted; verify complex/overprinted tables
A,CBOB regular (87 octane),3.3,11,specification,Fungible only,Color,,,Undyed,,Color Undyed,Positionally extracted; verify complex/overprinted tables
A,CBOB regular (87 octane),3.3,11,specification,Fungible only,Corrosion (Cu) 3 hrs @122oF (50oC),D130,,1,,Corrosion (Cu) 3 hrs @122oF (50oC) D130 1,Positionally extracted; verify complex/overprinted tables
A,CBOB regular (87 octane),3.3,11,specification,Fungible only,Corrosion (Ag) 3 hrs @122oF (50oC),D7671,,1,,Corrosion (Ag) 3 hrs @122oF (50oC) D7671 1,Positionally extracted; verify complex/overprinted tables
A,CBOB regular (87 octane),3.3,11,specification,Fungible only,Doctor test,D4952,,Negative (sweet),4,Doctor test D4952 Negative (sweet) 4,Positionally extracted; verify complex/overprinted tables
A,CBOB regular (87 octane),3.3,11,specification,Fungible only,or,,,,,or,Positionally extracted; verify complex/overprinted tables
A,CBOB regular (87 octane),3.3,11,specification,Fungible only,"Mercaptan sulfur, wt.%",D3227,,0.002,,"Mercaptan sulfur, wt.% D3227 0.002",Positionally extracted; verify complex/overprinted tables
A,CBOB regular (87 octane),3.3,11,specification,Fungible only,Solvent Washed Gum mg/100 ml,D381,,4,6,Solvent Washed Gum mg/100 ml D381 4 6,Positionally extracted; verify complex/overprinted tables
A,CBOB regular (87 octane),3.3,11,specification,Fungible only,Gravity oAPI at 60oF,D4052,Report,,,Gravity oAPI at 60oF D4052 Report,Positionally extracted; verify complex/overprinted tables
A,CBOB regular (87 octane),3.3,11,specification,Fungible only,Oxidation stability-minutes,D525,240,,6,Oxidation stability-minutes D525 240 6,Positionally extracted; verify complex/overprinted tables
A,CBOB regular (87 octane),3.3,11,specification,Fungible only,"Phosphorous, gms/gal",D3231,,0.004,,"Phosphorous, gms/gal D3231 0.004",Positionally extracted; verify complex/overprinted tables
A,CBOB regular (87 octane),3.3,11,specification,Fungible only,Sulfur (ppmwt),D2622,,80,"7, 6","Sulfur (ppmwt) D2622 80 7, 6",Positionally extracted; verify complex/overprinted tables
A,CBOB regular (87 octane),3.3,11,specification,Fungible only,,or equivalent,,,,or equivalent,Positionally extracted; verify complex/overprinted tables
A,CBOB regular (87 octane),3.3,11,specification,Fungible only,Nace Corrosion,TM0172,B+ (Origin),,6,Nace Corrosion TM0172 B+ (Origin) 6,Positionally extracted; verify complex/overprinted tables
A,CBOB regular (87 octane),3.3,11,specification,Fungible only,Volatility:,,,,,Volatility:,Positionally extracted; verify complex/overprinted tables
A,CBOB regular (87 octane),3.3,11,specification,Fungible only,Driveability Index,D4814,,See Chart,,Driveability Index D4814 See Chart,Positionally extracted; verify complex/overprinted tables
A,CBOB regular (87 octane),3.3,11,specification,Fungible only,"Distillation, oC (oF) @ %Evap.",D86,,,,"Distillation, oC (oF) @ %Evap. D86",Positionally extracted; verify complex/overprinted tables
A,CBOB regular (87 octane),3.3,11,specification,Fungible only,"Vapor/Liquid Ratio (V/L), oC (oF) @ 20",D5188,,,5,"Vapor/Liquid Ratio (V/L), oC (oF) @ 20 D5188 5",Positionally extracted; verify complex/overprinted tables
A,CBOB regular (87 octane),3.3,11,specification,Fungible only,Driveability 10 vol%,50 vol%,,90 vol% End Pt.,V/L,Driveability 10 vol% 50 vol% 90 vol% End Pt. V/L,Positionally extracted; verify complex/overprinted tables
A,CBOB regular (87 octane),3.3,11,specification,Fungible only,Grades Index Max,Min Max,,Max Max,Min,Grades Index Max Min Max Max Max Min,Positionally extracted; verify complex/overprinted tables
A,CBOB regular (87 octane),3.3,11,specification,Fungible only,A2 1250 70(158),66(150) 121(250),,190(374) 221(430),50 (122),A2 1250 70(158) 66(150) 121(250) 190(374) 221(430) 50 (122),Positionally extracted; verify complex/overprinted tables
A,CBOB regular (87 octane),3.3,11,specification,Fungible only,A3 1230 60(140),66(150) 116(240),,185(365) 221(430),47(116),A3 1230 60(140) 66(150) 116(240) 185(365) 221(430) 47(116),Positionally extracted; verify complex/overprinted tables
A,CBOB regular (87 octane),3.3,11,specification,Fungible only,A4 1220 55(131),66(150) 113(235),,185(365) 221(430),42(107),A4 1220 55(131) 66(150) 113(235) 185(365) 221(430) 42(107),Positionally extracted; verify complex/overprinted tables
A,CBOB regular (87 octane),3.3,11,specification,Fungible only,A5 1200 50(122),66(150) 110(230),,185(365) 221(430),39(102),A5 1200 50(122) 66(150) 110(230) 185(365) 221(430) 39(102),Positionally extracted; verify complex/overprinted tables
A,CBOB regular (87 octane),3.3,11,specification,Fungible only,"1. All A grades may not contain oxygenates,",such as ethers and alcohols.,The use of non-hydrocarbon,,,"1. All A grades may not contain oxygenates, such as ethers and alcohols. The use of non-hydrocarbon",Positionally extracted; verify complex/overprinted tables
A,CBOB regular (87 octane),3.3,11,specification,Fungible only,blending components in these grades is prohibited.,,,,,blending components in these grades is prohibited.,Positionally extracted; verify complex/overprinted tables
A,CBOB regular (87 octane),3.3,11,specification,Fungible only,2. Refer to test methods published in 40 CFR,"[W] Chapter 1, Part 80.46.",1090 Subpart,N. Alternative [C] aromatics,and oxygenates test,"2. Refer to test methods published in 40 CFR [W] Chapter 1, Part 80.46. 1090 Subpart N. Alternative [C] aromatics and oxygenates test",Positionally extracted; verify complex/overprinted tables
A,CBOB regular (87 octane),3.3,11,specification,Fungible only,"methods, [C] ASTM D1319 and ASTM D 4815,",may be used according to,federal and state,regulations.,,"methods, [C] ASTM D1319 and ASTM D 4815, may be used according to federal and state regulations.",Positionally extracted; verify complex/overprinted tables
A,CBOB regular (87 octane),3.3,11,specification,Fungible only,3. For products blended to meet EPA [C]or,state imposed summer VOC,"requirements,",tests must be performed,,"3. For products blended to meet EPA [C]or state imposed summer VOC requirements, tests must be performed",Positionally extracted; verify complex/overprinted tables
A,CBOB regular (87 octane),3.3,11,specification,Fungible only,in accordance with the procedures described,"in 40 CFR,[W] Part 80 1090",Subpart N.,,,"in accordance with the procedures described in 40 CFR,[W] Part 80 1090 Subpart N.",Positionally extracted; verify complex/overprinted tables
A,CBOB regular (87 octane),3.3,11,specification,Fungible only,4. Mercaptan Sulfur waived if fuel is negative,by Doctor test.,,,,4. Mercaptan Sulfur waived if fuel is negative by Doctor test.,Positionally extracted; verify complex/overprinted tables
A,CBOB regular (87 octane),3.3,11,specification,Fungible only,5. Computer and Linear methods may be used,to determine V/L value.,,,,5. Computer and Linear methods may be used to determine V/L value.,Positionally extracted; verify complex/overprinted tables
A,CBOB regular (87 octane),3.3,11,specification,Fungible only,6. Specifications must be met before blending,of denatured fuel ethanol.,,,,6. Specifications must be met before blending of denatured fuel ethanol.,Positionally extracted; verify complex/overprinted tables
A,CBOB regular (87 octane),3.3,11,specification,Fungible only,7. Refer to 40 CFR [W]Part 80.195 (d)(2) 1090,Subpart N. Alternative,"sulfur test methods,","ASTM D 5453 and D 7039,",may be used,"7. Refer to 40 CFR [W]Part 80.195 (d)(2) 1090 Subpart N. Alternative sulfur test methods, ASTM D 5453 and D 7039, may be used",Positionally extracted; verify complex/overprinted tables
A,CBOB regular (87 octane),3.3,11,specification,Fungible only,according to federal and state regulations.,,,,,according to federal and state regulations.,Positionally extracted; verify complex/overprinted tables
A,CBOB regular (87 octane),3.3,11,specification,Fungible only,8. Bengal will accept test methods results that,are listed in ASTM D4814,for all tests.,Test methods listed in the table,above are considered,8. Bengal will accept test methods results that are listed in ASTM D4814 for all tests. Test methods listed in the table above are considered,Positionally extracted; verify complex/overprinted tables
A,CBOB regular (87 octane),3.3,11,specification,Fungible only,referee methods by Bengal Pipeline. Referee,methods apply for any disputes.,,,,referee methods by Bengal Pipeline. Referee methods apply for any disputes.,Positionally extracted; verify complex/overprinted tables
A,CBOB regular (87 octane),3.3,11,specification,Fungible only,9. Use of these grades is controlled by the,RVP calendar.,,,,9. Use of these grades is controlled by the RVP calendar.,Positionally extracted; verify complex/overprinted tables
D,CBOB premium (93 octane),3.4,12,context,All / see section,,,,,,3.4.1 CONVENTIONAL PREMIUM GASOLINE BLENDSTOCK (CBOB),Source text
D,CBOB premium (93 octane),3.4,12,context,All / see section,,,,,,FOR BLENDING WITH 10% DENATURED FUEL ETHANOL,Source text
D,CBOB premium (93 octane),3.4,12,context,All / see section,,,,,,This CBOB may not be combined with any other CBOB except CBOB having the,Source text
D,CBOB premium (93 octane),3.4,12,context,All / see section,,,,,,same requirement for oxygenate type and amount.,Source text
D,CBOB premium (93 octane),3.4,12,context,All / see section,,,,,,All parameters must be met after blending with denatured fuel ethanol unless noted.,Source text
D,CBOB premium (93 octane),3.4,12,context,All / see section,,,,,,ALL D GRADE REQUIREMENTS (SEGREGATED AND FUNGIBLE),Source text
D,CBOB premium (93 octane),3.4,12,context,All / see section,,,,,,ASTM Test Test Results,Source text
D,CBOB premium (93 octane),3.4,12,specification,All / see section,Octane RON D2699,Report,,,,Octane RON D2699 Report,Positionally extracted; verify complex/overprinted tables
D,CBOB premium (93 octane),3.4,12,specification,All / see section,MON D2700,Report,,,,MON D2700 Report,Positionally extracted; verify complex/overprinted tables
D,CBOB premium (93 octane),3.4,12,specification,All / see section,(R+M)/2,93.0,,,,(R+M)/2 93.0,Positionally extracted; verify complex/overprinted tables
D,CBOB premium (93 octane),3.4,12,specification,All / see section,"Oxygen Content, weight % D5599",,0.1,"1,2,6",,"Oxygen Content, weight % D5599 0.1 1,2,6",Positionally extracted; verify complex/overprinted tables
D,CBOB premium (93 octane),3.4,12,specification,All / see section,RVP (psi) D5191,,,3,,RVP (psi) D5191 3,Positionally extracted; verify complex/overprinted tables
D,CBOB premium (93 octane),3.4,12,specification,All / see section,Grades,,,,,Grades,Positionally extracted; verify complex/overprinted tables
D,CBOB premium (93 octane),3.4,12,specification,All / see section,"D2,2D",,10.0,,,"D2,2D 10.0",Positionally extracted; verify complex/overprinted tables
D,CBOB premium (93 octane),3.4,12,specification,All / see section,"D3,3D",,12.5,,,"D3,3D 12.5",Positionally extracted; verify complex/overprinted tables
D,CBOB premium (93 octane),3.4,12,specification,All / see section,"D4,4D",,14.5,,,"D4,4D 14.5",Positionally extracted; verify complex/overprinted tables
D,CBOB premium (93 octane),3.4,12,specification,All / see section,"D5,5D",,15.5,,,"D5,5D 15.5",Positionally extracted; verify complex/overprinted tables
D,CBOB premium (93 octane),3.4,12,specification,All / see section,Gasoline designed for gasoline-ethanol,blends in accordance,with 40,CFR [W] 80.27(d)(2) 1090,Subpart N.,Gasoline designed for gasoline-ethanol blends in accordance with 40 CFR [W] 80.27(d)(2) 1090 Subpart N.,Positionally extracted; verify complex/overprinted tables
D,CBOB premium (93 octane),3.4,12,specification,All / see section,Suitable for the special RVP provisions,for ethanol blends,that contain,9 and 10 vol % ethanol.,,Suitable for the special RVP provisions for ethanol blends that contain 9 and 10 vol % ethanol.,Positionally extracted; verify complex/overprinted tables
D,CBOB premium (93 octane),3.4,12,specification,All / see section,The use of this gasoline to manufacture,a gasoline-ethanol,blend containing,anything other than,between 9,The use of this gasoline to manufacture a gasoline-ethanol blend containing anything other than between 9,Positionally extracted; verify complex/overprinted tables
D,CBOB premium (93 octane),3.4,12,specification,All / see section,and 10 volume percent ethanol,may cause a summertime,RVP violation.,,,and 10 volume percent ethanol may cause a summertime RVP violation.,Positionally extracted; verify complex/overprinted tables
D,CBOB premium (93 octane),3.4,12,note,All / see section,,,,,,Heavy Metals are not allowed to be present.,Source text
D,CBOB premium (93 octane),3.4,12,note,All / see section,,,,,,Additive requirements/restrictions - refer to section 3.2.,Source text
D,CBOB premium (93 octane),3.4,12,note,All / see section,,,,,,"This is a base gasoline, not for sale to the ultimate consumer.",Source text
D,CBOB premium (93 octane),3.4,12,note,All / see section,,,,,,Any gasoline exhibiting an offensive odor and/or poses a personal health hazard will not be accepted for shipment.,Source text
D,CBOB premium (93 octane),3.4,12,note,All / see section,,,,,,Any gasoline containing more than 0.50 wt. % of dicyclopentadiene will not be accepted for shipment.,Source text
D,CBOB premium (93 octane),3.4,12,note,All / see section,,,,,,The referee method will be based on a gas chromatograph test.,Source text
D,CBOB premium (93 octane),3.4,12,note,All / see section,,,,,,Delivery test results may vary by the smaller of ASTM reproducibility for a given test or any test tolerance,Source text
D,CBOB premium (93 octane),3.4,12,note,All / see section,,,,,,as allowed by state or EPA regulations at the point of delivery.,Source text
D,CBOB premium (93 octane),3.4,13,context,Fungible only,,,,,,3.4.2 CONVENTIONAL PREMIUM GASOLINE BLENDSTOCK (CBOB),Source text
D,CBOB premium (93 octane),3.4,13,context,Fungible only,,,,,,FOR BLENDING WITH 10% DENATURED FUEL ETHANOL,Source text
D,CBOB premium (93 octane),3.4,13,context,Fungible only,,,,,,FUNGIBLE ONLY REQUIREMENTS:,Source text
D,CBOB premium (93 octane),3.4,13,context,Fungible only,,,,,,ASTM Test Test Results,Source text
D,CBOB premium (93 octane),3.4,13,specification,Fungible only,Benzene (vol%),D3606,,3.8,,Benzene (vol%) D3606 3.8,Positionally extracted; verify complex/overprinted tables
D,CBOB premium (93 octane),3.4,13,specification,Fungible only,Color,,,Undyed,,Color Undyed,Positionally extracted; verify complex/overprinted tables
D,CBOB premium (93 octane),3.4,13,specification,Fungible only,Corrosion (Cu) 3 hrs @122oF (50oC),D130,,1,,Corrosion (Cu) 3 hrs @122oF (50oC) D130 1,Positionally extracted; verify complex/overprinted tables
D,CBOB premium (93 octane),3.4,13,specification,Fungible only,Corrosion (Ag) 3 hrs @122oF (50oC),D7671,,1,,Corrosion (Ag) 3 hrs @122oF (50oC) D7671 1,Positionally extracted; verify complex/overprinted tables
D,CBOB premium (93 octane),3.4,13,specification,Fungible only,Doctor test,D4952,,Negative (sweet),4,Doctor test D4952 Negative (sweet) 4,Positionally extracted; verify complex/overprinted tables
D,CBOB premium (93 octane),3.4,13,specification,Fungible only,or,,,,,or,Positionally extracted; verify complex/overprinted tables
D,CBOB premium (93 octane),3.4,13,specification,Fungible only,"Mercaptan sulfur, wt.%",D3227,,0.002,,"Mercaptan sulfur, wt.% D3227 0.002",Positionally extracted; verify complex/overprinted tables
D,CBOB premium (93 octane),3.4,13,specification,Fungible only,Solvent Washed Gum mg/100 ml,D381,,4,6,Solvent Washed Gum mg/100 ml D381 4 6,Positionally extracted; verify complex/overprinted tables
D,CBOB premium (93 octane),3.4,13,specification,Fungible only,Gravity oAPI at 60oF,D4052,Report,,,Gravity oAPI at 60oF D4052 Report,Positionally extracted; verify complex/overprinted tables
D,CBOB premium (93 octane),3.4,13,specification,Fungible only,Oxidation stability-minutes,D525,240,,6,Oxidation stability-minutes D525 240 6,Positionally extracted; verify complex/overprinted tables
D,CBOB premium (93 octane),3.4,13,specification,Fungible only,"Phosphorous, gms/gal",D3231,,0.004,,"Phosphorous, gms/gal D3231 0.004",Positionally extracted; verify complex/overprinted tables
D,CBOB premium (93 octane),3.4,13,specification,Fungible only,Sulfur (ppmwt),D2622,,80,"7, 6","Sulfur (ppmwt) D2622 80 7, 6",Positionally extracted; verify complex/overprinted tables
D,CBOB premium (93 octane),3.4,13,specification,Fungible only,,or equivalent,,,,or equivalent,Positionally extracted; verify complex/overprinted tables
D,CBOB premium (93 octane),3.4,13,specification,Fungible only,Nace Corrosion,TM0172,B+ (Origin),,6,Nace Corrosion TM0172 B+ (Origin) 6,Positionally extracted; verify complex/overprinted tables
D,CBOB premium (93 octane),3.4,13,specification,Fungible only,Volatility:,,,,,Volatility:,Positionally extracted; verify complex/overprinted tables
D,CBOB premium (93 octane),3.4,13,specification,Fungible only,Driveability Index,D4814,,See Chart,,Driveability Index D4814 See Chart,Positionally extracted; verify complex/overprinted tables
D,CBOB premium (93 octane),3.4,13,specification,Fungible only,"Distillation, oC (oF) @ %Evap.",D86,,,,"Distillation, oC (oF) @ %Evap. D86",Positionally extracted; verify complex/overprinted tables
D,CBOB premium (93 octane),3.4,13,specification,Fungible only,"Vapor/Liquid Ratio (V/L), oC (oF) @ 20",D5188,,,5,"Vapor/Liquid Ratio (V/L), oC (oF) @ 20 D5188 5",Positionally extracted; verify complex/overprinted tables
D,CBOB premium (93 octane),3.4,13,specification,Fungible only,Driveability 10 vol%,50 vol%,,90 vol% End Pt.,V/L,Driveability 10 vol% 50 vol% 90 vol% End Pt. V/L,Positionally extracted; verify complex/overprinted tables
D,CBOB premium (93 octane),3.4,13,specification,Fungible only,Grades Index Max,Min Max,,Max Max,Min,Grades Index Max Min Max Max Max Min,Positionally extracted; verify complex/overprinted tables
D,CBOB premium (93 octane),3.4,13,specification,Fungible only,D2 1250 70(158),66(150) 121(250),,190(374) 221(430),50(122),D2 1250 70(158) 66(150) 121(250) 190(374) 221(430) 50(122),Positionally extracted; verify complex/overprinted tables
D,CBOB premium (93 octane),3.4,13,specification,Fungible only,D3 1230 60(140),66(150) 116(240),,185(365) 221(430),47(116),D3 1230 60(140) 66(150) 116(240) 185(365) 221(430) 47(116),Positionally extracted; verify complex/overprinted tables
D,CBOB premium (93 octane),3.4,13,specification,Fungible only,D4 1220 55(131),66(150) 113(235),,185(365) 221(430),42(107),D4 1220 55(131) 66(150) 113(235) 185(365) 221(430) 42(107),Positionally extracted; verify complex/overprinted tables
D,CBOB premium (93 octane),3.4,13,specification,Fungible only,D5 1200 50(122),66(150) 110(230),,185(365) 221(430),39(102),D5 1200 50(122) 66(150) 110(230) 185(365) 221(430) 39(102),Positionally extracted; verify complex/overprinted tables
D,CBOB premium (93 octane),3.4,13,specification,Fungible only,"1. All D grades may not contain oxygenates,",such as ethers and,alcohols. The,use of non-hydrocarbon,,"1. All D grades may not contain oxygenates, such as ethers and alcohols. The use of non-hydrocarbon",Positionally extracted; verify complex/overprinted tables
D,CBOB premium (93 octane),3.4,13,specification,Fungible only,blending components in these grades is,prohibited.,,,,blending components in these grades is prohibited.,Positionally extracted; verify complex/overprinted tables
D,CBOB premium (93 octane),3.4,13,specification,Fungible only,2. Refer to test methods published in 40 CFR,"[W] Chapter 1, Part 80.46.",1090 Subpart,N. Alternative [C] aromatics,and oxygenates test,"2. Refer to test methods published in 40 CFR [W] Chapter 1, Part 80.46. 1090 Subpart N. Alternative [C] aromatics and oxygenates test",Positionally extracted; verify complex/overprinted tables
D,CBOB premium (93 octane),3.4,13,specification,Fungible only,"methods, [C] ASTM D1319 and ASTM D 4815,",may be used according,to federal and state,regulations.,,"methods, [C] ASTM D1319 and ASTM D 4815, may be used according to federal and state regulations.",Positionally extracted; verify complex/overprinted tables
D,CBOB premium (93 octane),3.4,13,specification,Fungible only,3. For products blended to meet EPA [C]or,state imposed summer,"VOC requirements,",tests must be performed,,"3. For products blended to meet EPA [C]or state imposed summer VOC requirements, tests must be performed",Positionally extracted; verify complex/overprinted tables
D,CBOB premium (93 octane),3.4,13,specification,Fungible only,in accordance with the procedures described,"in 40 CFR [W] , Part",80. 1090 Subpart,N,,"in accordance with the procedures described in 40 CFR [W] , Part 80. 1090 Subpart N",Positionally extracted; verify complex/overprinted tables
D,CBOB premium (93 octane),3.4,13,specification,Fungible only,4. Mercaptan Sulfur waived if fuel is negative,by Doctor test.,,,,4. Mercaptan Sulfur waived if fuel is negative by Doctor test.,Positionally extracted; verify complex/overprinted tables
D,CBOB premium (93 octane),3.4,13,specification,Fungible only,5. Computer and Linear methods may,be used to determine V/L,value.,,,5. Computer and Linear methods may be used to determine V/L value.,Positionally extracted; verify complex/overprinted tables
D,CBOB premium (93 octane),3.4,13,specification,Fungible only,6. Specifications must be met before blending,of denatured fuel,ethanol.,,,6. Specifications must be met before blending of denatured fuel ethanol.,Positionally extracted; verify complex/overprinted tables
D,CBOB premium (93 octane),3.4,13,specification,Fungible only,7. Refer to 40 CFR [W] Part 80.195 (d)(2).,1090 Subpart N Alternative,sulfur,"test methods, ASTM D 5453","and D 7039, may be","7. Refer to 40 CFR [W] Part 80.195 (d)(2). 1090 Subpart N Alternative sulfur test methods, ASTM D 5453 and D 7039, may be",Positionally extracted; verify complex/overprinted tables
D,CBOB premium (93 octane),3.4,13,specification,Fungible only,used according to federal and state regulations.,,,,,used according to federal and state regulations.,Positionally extracted; verify complex/overprinted tables
D,CBOB premium (93 octane),3.4,13,specification,Fungible only,8. Bengal will accept test methods results,that are listed in ASTM,D4814 for,all tests. Test methods listed,in the table above,8. Bengal will accept test methods results that are listed in ASTM D4814 for all tests. Test methods listed in the table above,Positionally extracted; verify complex/overprinted tables
D,CBOB premium (93 octane),3.4,13,specification,Fungible only,are considered referee methods by Bengal,Pipeline. Referee methods,apply,for any disputes.,,are considered referee methods by Bengal Pipeline. Referee methods apply for any disputes.,Positionally extracted; verify complex/overprinted tables
D,CBOB premium (93 octane),3.4,13,specification,Fungible only,9. Use of these grades is controlled by,the RVP calendar.,,,,9. Use of these grades is controlled by the RVP calendar.,Positionally extracted; verify complex/overprinted tables
F,RBOB regular (87 octane),3.5,14,context,All / see section,,,,,,3.5.1 REFORMULATED REGULAR GASOLINE BLENDSTOCK (RBOB),Source text
F,RBOB regular (87 octane),3.5,14,context,All / see section,,,,,,FOR BLENDING WITH 10% DENATURED FUEL ETHANOL,Source text
F,RBOB regular (87 octane),3.5,14,context,All / see section,,,,,,This RBOB may not be combined with any other RBOB except RBOB having the same requirement for,Source text
F,RBOB regular (87 octane),3.5,14,context,All / see section,,,,,,oxygenate type and amount.,Source text
F,RBOB regular (87 octane),3.5,14,context,All / see section,,,,,,All parameters must be met after blending with denatured fuel ethanol unless noted.,Source text
F,RBOB regular (87 octane),3.5,14,context,All / see section,,,,,,ALL F GRADE REQUIREMENTS (SEGREGATED AND FUNGIBLE),Source text
F,RBOB regular (87 octane),3.5,14,context,All / see section,,,,,,ASTM Test Test Results,Source text
F,RBOB regular (87 octane),3.5,14,specification,All / see section,Octane RON D2699,,Report,,,Octane RON D2699 Report,Positionally extracted; verify complex/overprinted tables
F,RBOB regular (87 octane),3.5,14,specification,All / see section,MON D2700,,82.0,,,MON D2700 82.0,Positionally extracted; verify complex/overprinted tables
F,RBOB regular (87 octane),3.5,14,specification,All / see section,(R+M)/2,,87.0,,,(R+M)/2 87.0,Positionally extracted; verify complex/overprinted tables
F,RBOB regular (87 octane),3.5,14,specification,All / see section,Benzene (vol%) D3606,,,1.30,,Benzene (vol%) D3606 1.30,Positionally extracted; verify complex/overprinted tables
F,RBOB regular (87 octane),3.5,14,specification,All / see section,"Oxygen Content, weight % D5599",(See Note),,,"1,2, [W]7 6, [W]8 7","Oxygen Content, weight % D5599 (See Note) 1,2, [W]7 6, [W]8 7",Positionally extracted; verify complex/overprinted tables
F,RBOB regular (87 octane),3.5,14,specification,All / see section,[C]Aromatics (vol%) D5769,(See Note),,50,2,[C]Aromatics (vol%) D5769 (See Note) 50 2,Positionally extracted; verify complex/overprinted tables
F,RBOB regular (87 octane),3.5,14,specification,All / see section,[C]E200 (vol%) D86,,30,70,,[C]E200 (vol%) D86 30 70,Positionally extracted; verify complex/overprinted tables
F,RBOB regular (87 octane),3.5,14,specification,All / see section,[C]E300 (vol%) D86,,70,100,,[C]E300 (vol%) D86 70 100,Positionally extracted; verify complex/overprinted tables
F,RBOB regular (87 octane),3.5,14,specification,All / see section,[C]Olefins (vol%) D1319,,,25,,[C]Olefins (vol%) D1319 25,Positionally extracted; verify complex/overprinted tables
F,RBOB regular (87 octane),3.5,14,specification,All / see section,Sulfur (ppmwt) D2622,,,80,"[W]9 8, [W]7 6","Sulfur (ppmwt) D2622 80 [W]9 8, [W]7 6",Positionally extracted; verify complex/overprinted tables
F,RBOB regular (87 octane),3.5,14,specification,All / see section,[C] Non-VOC Controlled Requirements,,,,,[C] Non-VOC Controlled Requirements,Positionally extracted; verify complex/overprinted tables
F,RBOB regular (87 octane),3.5,14,specification,All / see section,RVP (psi) D5191,,,,3,RVP (psi) D5191 3,Positionally extracted; verify complex/overprinted tables
F,RBOB regular (87 octane),3.5,14,specification,All / see section,Grades,,,,,Grades,Positionally extracted; verify complex/overprinted tables
F,RBOB regular (87 octane),3.5,14,specification,All / see section,[N]F1/1F,,,[N]7.4,,[N]F1/1F [N]7.4,Positionally extracted; verify complex/overprinted tables
F,RBOB regular (87 octane),3.5,14,specification,All / see section,"F3,3F [C] (Non-VOC Controlled)",,,11.5,,"F3,3F [C] (Non-VOC Controlled) 11.5",Positionally extracted; verify complex/overprinted tables
F,RBOB regular (87 octane),3.5,14,specification,All / see section,"F4,4F [C] (Non-VOC Controlled)",,,13.5,,"F4,4F [C] (Non-VOC Controlled) 13.5",Positionally extracted; verify complex/overprinted tables
F,RBOB regular (87 octane),3.5,14,specification,All / see section,"F5,5F [C] (Non-VOC Controlled)",,,15.0,,"F5,5F [C] (Non-VOC Controlled) 15.0",Positionally extracted; verify complex/overprinted tables
F,RBOB regular (87 octane),3.5,14,specification,All / see section,[C]VOC Controlled Requirements,,,,,[C]VOC Controlled Requirements,Positionally extracted; verify complex/overprinted tables
F,RBOB regular (87 octane),3.5,14,specification,All / see section,"[C] (Grades F1,F2,1F,2F, only)",,,,2,"[C] (Grades F1,F2,1F,2F, only) 2",Positionally extracted; verify complex/overprinted tables
F,RBOB regular (87 octane),3.5,14,specification,All / see section,[C]RVP (psi) D5191,,,Report,3,[C]RVP (psi) D5191 Report 3,Positionally extracted; verify complex/overprinted tables
F,RBOB regular (87 octane),3.5,14,specification,All / see section,[C] Emissions Performance Reductions,(%),,,4,[C] Emissions Performance Reductions (%) 4,Positionally extracted; verify complex/overprinted tables
F,RBOB regular (87 octane),3.5,14,specification,All / see section,"[C]Region 1 (Grades F1,1F)",Origin:,,-28.0%,11,"[C]Region 1 (Grades F1,1F) Origin: -28.0% 11",Positionally extracted; verify complex/overprinted tables
F,RBOB regular (87 octane),3.5,14,specification,All / see section,,,,-27.0%,,-27.0%,Positionally extracted; verify complex/overprinted tables
F,RBOB regular (87 octane),3.5,14,specification,All / see section,,Delivery:,,-25.0%,,Delivery: -25.0%,Positionally extracted; verify complex/overprinted tables
F,RBOB regular (87 octane),3.5,14,specification,All / see section,"[C]Region 2 (Grades F2,2F)",Origin:,,-26.4%,11,"[C]Region 2 (Grades F2,2F) Origin: -26.4% 11",Positionally extracted; verify complex/overprinted tables
F,RBOB regular (87 octane),3.5,14,specification,All / see section,,,,-25.4%,,-25.4%,Positionally extracted; verify complex/overprinted tables
F,RBOB regular (87 octane),3.5,14,specification,All / see section,,Delivery:,,-23.4%,,Delivery: -23.4%,Positionally extracted; verify complex/overprinted tables
F,RBOB regular (87 octane),3.5,15,context,Fungible only,,,,,,3.5.2 REFORMULATED REGULAR GASOLINE BLENDSTOCK (RBOB),Source text
F,RBOB regular (87 octane),3.5,15,context,Fungible only,,,,,,FOR BLENDING WITH 10% DENATURED FUEL ETHANOL,Source text
F,RBOB regular (87 octane),3.5,15,context,Fungible only,,,,,,FUNGIBLE ONLY REQUIREMENTS:,Source text
F,RBOB regular (87 octane),3.5,15,context,Fungible only,,,,,,ASTM Test Test Results,Source text
F,RBOB regular (87 octane),3.5,15,specification,Fungible only,Color,,,Undyed,,Color Undyed,Positionally extracted; verify complex/overprinted tables
F,RBOB regular (87 octane),3.5,15,specification,Fungible only,Corrosion (Cu) 3 hrs @122oF (50oC),D130,,1,,Corrosion (Cu) 3 hrs @122oF (50oC) D130 1,Positionally extracted; verify complex/overprinted tables
F,RBOB regular (87 octane),3.5,15,specification,Fungible only,Corrosion (Ag) 3 hrs @122oF (50oC),D7671,,1,,Corrosion (Ag) 3 hrs @122oF (50oC) D7671 1,Positionally extracted; verify complex/overprinted tables
F,RBOB regular (87 octane),3.5,15,specification,Fungible only,Doctor test,D4952,,Negative (sweet),[W]5 4,Doctor test D4952 Negative (sweet) [W]5 4,Positionally extracted; verify complex/overprinted tables
F,RBOB regular (87 octane),3.5,15,specification,Fungible only,or,,,,,or,Positionally extracted; verify complex/overprinted tables
F,RBOB regular (87 octane),3.5,15,specification,Fungible only,"Mercaptan sulfur, wt.%",D3227,,0.002,,"Mercaptan sulfur, wt.% D3227 0.002",Positionally extracted; verify complex/overprinted tables
F,RBOB regular (87 octane),3.5,15,specification,Fungible only,Solvent Washed Gum mg/100 ml,D381,,4,,Solvent Washed Gum mg/100 ml D381 4,Positionally extracted; verify complex/overprinted tables
F,RBOB regular (87 octane),3.5,15,specification,Fungible only,Gravity oAPI at 60oF,D4052,Report,,[W]7 6,Gravity oAPI at 60oF D4052 Report [W]7 6,Positionally extracted; verify complex/overprinted tables
F,RBOB regular (87 octane),3.5,15,specification,Fungible only,Oxidation stability-minutes,D525,240,,[W]7 6,Oxidation stability-minutes D525 240 [W]7 6,Positionally extracted; verify complex/overprinted tables
F,RBOB regular (87 octane),3.5,15,specification,Fungible only,"Phosphorous, gms/gal",D3231,,0.004,,"Phosphorous, gms/gal D3231 0.004",Positionally extracted; verify complex/overprinted tables
F,RBOB regular (87 octane),3.5,15,specification,Fungible only,Nace Corrosion,TM0172,B+,(Origin),[W]7 6,Nace Corrosion TM0172 B+ (Origin) [W]7 6,Positionally extracted; verify complex/overprinted tables
F,RBOB regular (87 octane),3.5,15,specification,Fungible only,Volatility:,,,,,Volatility:,Positionally extracted; verify complex/overprinted tables
F,RBOB regular (87 octane),3.5,15,specification,Fungible only,Driveability Index,D4814,,See Chart,,Driveability Index D4814 See Chart,Positionally extracted; verify complex/overprinted tables
F,RBOB regular (87 octane),3.5,15,specification,Fungible only,"Distillation, oC (oF) @ %Evap.",D86,,,,"Distillation, oC (oF) @ %Evap. D86",Positionally extracted; verify complex/overprinted tables
F,RBOB regular (87 octane),3.5,15,specification,Fungible only,"Vapor/Liquid Ratio (V/L), oC (oF) @ 20",D5188,,,[W]6 5,"Vapor/Liquid Ratio (V/L), oC (oF) @ 20 D5188 [W]6 5",Positionally extracted; verify complex/overprinted tables
F,RBOB regular (87 octane),3.5,15,specification,Fungible only,Driveability 10 vol%,50,vol%,90 vol%,End Pt. V/L,Driveability 10 vol% 50 vol% 90 vol% End Pt. V/L,Positionally extracted; verify complex/overprinted tables
F,RBOB regular (87 octane),3.5,15,specification,Fungible only,Grades Index Max,Min,Max,Max,Max Min,Grades Index Max Min Max Max Max Min,Positionally extracted; verify complex/overprinted tables
F,RBOB regular (87 octane),3.5,15,specification,Fungible only,"F1 [C],F2 1250 70(158)",66(150),121(250),190(374),221(430) 50(122),"F1 [C],F2 1250 70(158) 66(150) 121(250) 190(374) 221(430) 50(122)",Positionally extracted; verify complex/overprinted tables
F,RBOB regular (87 octane),3.5,15,specification,Fungible only,F3 1230 60(140),66(150),116(240),185(365),221(430) 47(116),F3 1230 60(140) 66(150) 116(240) 185(365) 221(430) 47(116),Positionally extracted; verify complex/overprinted tables
F,RBOB regular (87 octane),3.5,15,specification,Fungible only,F4 1220 55(131),66(150),113(235),185(365),221(430) 42(107),F4 1220 55(131) 66(150) 113(235) 185(365) 221(430) 42(107),Positionally extracted; verify complex/overprinted tables
F,RBOB regular (87 octane),3.5,15,specification,Fungible only,F5 1200 50(122),66(150),110(230),185(365),221(430) 39(102),F5 1200 50(122) 66(150) 110(230) 185(365) 221(430) 39(102),Positionally extracted; verify complex/overprinted tables
F,RBOB regular (87 octane),3.5,15,note,Fungible only,,,,,,Heavy Metals are not allowed to be present.,Source text
F,RBOB regular (87 octane),3.5,15,note,Fungible only,,,,,,Additive requirements/restrictions - refer to section 3.2.,Source text
F,RBOB regular (87 octane),3.5,15,note,Fungible only,,,,,,"This is a base gasoline, not for sale to the ultimate consumer.",Source text
F,RBOB regular (87 octane),3.5,15,note,Fungible only,,,,,,Any gasoline exhibiting an offensive odor and/or poses a personal health hazard will not be accepted for shipment.,Source text
F,RBOB regular (87 octane),3.5,15,note,Fungible only,,,,,,Any gasoline containing more than 0.50 wt. % of dicyclopentadiene will not be accepted for shipment.,Source text
F,RBOB regular (87 octane),3.5,15,note,Fungible only,,,,,,The referee method will be based on a gas chromatograph test.,Source text
F,RBOB regular (87 octane),3.5,15,note,Fungible only,,,,,,"1. All F grades may not contain oxygenates, such as ethers and alcohols. The use of non-hydrocarbon",Source text
F,RBOB regular (87 octane),3.5,15,note,Fungible only,,,,,,blending components in these grades is prohibited.,Source text
F,RBOB regular (87 octane),3.5,15,note,Fungible only,,,,,,"2. Refer to test methods published in 40 CFR [W] Chapter 1, Part 80.46. 1090 Subpart N Alternative [C]aromatics and",Source text
F,RBOB regular (87 octane),3.5,15,note,Fungible only,,,,,,"oxygenates test methods, [C]ASTM D1319 and ASTM D 4815, may be used according to federal and state regulations.",Source text
F,RBOB regular (87 octane),3.5,15,note,Fungible only,,,,,,"3. For products blended to meet EPA [C] or state imposed summer VOC requirements, tests must be performed",Source text
F,RBOB regular (87 octane),3.5,15,note,Fungible only,,,,,,"in accordance with the procedures described in 40 CFR [W], Part 80.1090 Subpart N",Source text
F,RBOB regular (87 octane),3.5,15,note,Fungible only,,,,,,Delivery test results may vary by the smaller of ASTM reproducibility for a given test or any test tolerance as allowed by state,Source text
F,RBOB regular (87 octane),3.5,15,note,Fungible only,,,,,,or EPA regulations at the point of delivery.,Source text
F,RBOB regular (87 octane),3.5,16,context,All / see section,,,,,,3.5.3 REFORMULATED REGULAR GASOLINE BLENDSTOCK (RBOB),Source text
F,RBOB regular (87 octane),3.5,16,context,All / see section,,,,,,FOR BLENDING WITH 10% DENATURED FUEL ETHANOL,Source text
F,RBOB regular (87 octane),3.5,16,context,All / see section,,,,,,(92% PURITY) AS DEFINED IN ASTM D4806,Source text
F,RBOB regular (87 octane),3.5,16,note,All / see section,,,,,,[C]4. [C] Emissions reductions must be calculated using EPA guidelines.,Source text
F,RBOB regular (87 octane),3.5,16,note,All / see section,,,,,,[W]5. 4. Mercaptan Sulfur waived if fuel is negative by Doctor test.,Source text
F,RBOB regular (87 octane),3.5,16,note,All / see section,,,,,,[W]6. 5. Computer and Linear methods may be used to determine V/L value.,Source text
F,RBOB regular (87 octane),3.5,16,note,All / see section,,,,,,[W]7. 6. Specifications must be met before blending of denatured fuel ethanol.,Source text
F,RBOB regular (87 octane),3.5,16,note,All / see section,,,,,,[W]8. 7. Oxygen content must meet a minimum of 1.7 wt.% and a maximum of 4.0 wt.% after blending of,Source text
F,RBOB regular (87 octane),3.5,16,note,All / see section,,,,,,denatured fuel ethanol.,Source text
F,RBOB regular (87 octane),3.5,16,note,All / see section,,,,,,"[W]9. 8. Refer to 40 CFR [W]Part 80.195 (d)(2) 1090 Subpart N. Alternative sulfur test methods, ASTM D",Source text
F,RBOB regular (87 octane),3.5,16,note,All / see section,,,,,,"5453 and D 7039, may be used according to federal and state regulations.",Source text
F,RBOB regular (87 octane),3.5,16,note,All / see section,,,,,,[C] 10. [C]Woodbury and Linden facilities will only allow shipments of region 2 fuels.,Source text
F,RBOB regular (87 octane),3.5,16,note,All / see section,,,,,,Any Region 1 fuels shipped downstream of Aberdeen will be comingled with region 2 fuels,Source text
F,RBOB regular (87 octane),3.5,16,note,All / see section,,,,,,[C]11. [C]Refer to Colonial's current RVP schedule for cycle numbers,Source text
F,RBOB regular (87 octane),3.5,16,note,All / see section,,,,,,[W] 12 9. Colonial will accept test methods results that are listed in ASTM D4814 for all tests. Test,Source text
F,RBOB regular (87 octane),3.5,16,note,All / see section,,,,,,methods listed in the table above are considered referee methods by Colonial Pipeline. Referee methods,Source text
F,RBOB regular (87 octane),3.5,16,note,All / see section,,,,,,apply for any dispute.,Source text
F,RBOB regular (87 octane),3.5,16,note,All / see section,,,,,,[W]13. 10. Use of these grades is controlled by the RVP calendar.,Source text
H,RBOB premium (93 octane),3.6,17,context,All / see section,,,,,,3.6.1 REFORMULATED PREMIUM GASOLINE BLENDSTOCK (RBOB),Source text
H,RBOB premium (93 octane),3.6,17,context,All / see section,,,,,,FOR BLENDING WITH 10% DENATURED FUEL ETHANOL,Source text
H,RBOB premium (93 octane),3.6,17,context,All / see section,,,,,,(92% PURITY) AS DEFINED IN ASTM D4806,Source text
H,RBOB premium (93 octane),3.6,17,context,All / see section,,,,,,This RBOB may not be combined with any other RBOB except RBOB having the,Source text
H,RBOB premium (93 octane),3.6,17,context,All / see section,,,,,,same requirement for oxygenate type and amount.,Source text
H,RBOB premium (93 octane),3.6,17,context,All / see section,,,,,,All parameters must be met after blending with denatured fuel ethanol unless noted.,Source text
H,RBOB premium (93 octane),3.6,17,context,All / see section,,,,,,ALL H GRADE REQUIREMENTS (SEGREGATED AND FUNGIBLE),Source text
H,RBOB premium (93 octane),3.6,17,context,All / see section,,,,,,ASTM Test Test Results,Source text
H,RBOB premium (93 octane),3.6,17,specification,All / see section,Octane RON D2699,,Report,,,Octane RON D2699 Report,Positionally extracted; verify complex/overprinted tables
H,RBOB premium (93 octane),3.6,17,specification,All / see section,MON D2700,,Report,,,MON D2700 Report,Positionally extracted; verify complex/overprinted tables
H,RBOB premium (93 octane),3.6,17,specification,All / see section,(R+M)/2,,93.0,,,(R+M)/2 93.0,Positionally extracted; verify complex/overprinted tables
H,RBOB premium (93 octane),3.6,17,specification,All / see section,Benzene (vol%) D3606,,,1.30,,Benzene (vol%) D3606 1.30,Positionally extracted; verify complex/overprinted tables
H,RBOB premium (93 octane),3.6,17,specification,All / see section,"Oxygen Content, weight % D5599",(See Note),,,"1,2, [W]7 6, [W]8 7","Oxygen Content, weight % D5599 (See Note) 1,2, [W]7 6, [W]8 7",Positionally extracted; verify complex/overprinted tables
H,RBOB premium (93 octane),3.6,17,specification,All / see section,[C]Aromatics (vol%) D5769,(See Note),,50,2,[C]Aromatics (vol%) D5769 (See Note) 50 2,Positionally extracted; verify complex/overprinted tables
H,RBOB premium (93 octane),3.6,17,specification,All / see section,[C]E200 (vol%) D86,,30,70,,[C]E200 (vol%) D86 30 70,Positionally extracted; verify complex/overprinted tables
H,RBOB premium (93 octane),3.6,17,specification,All / see section,[C]E300 (vol%) D86,,70,100,,[C]E300 (vol%) D86 70 100,Positionally extracted; verify complex/overprinted tables
H,RBOB premium (93 octane),3.6,17,specification,All / see section,[C]Olefins (vol%) D1319,,,25,,[C]Olefins (vol%) D1319 25,Positionally extracted; verify complex/overprinted tables
H,RBOB premium (93 octane),3.6,17,specification,All / see section,Sulfur (ppmwt) D2622,,,80,"[W]9 8, [W]7 6","Sulfur (ppmwt) D2622 80 [W]9 8, [W]7 6",Positionally extracted; verify complex/overprinted tables
H,RBOB premium (93 octane),3.6,17,specification,All / see section,[C] Non-VOC Controlled Requirements,,,,,[C] Non-VOC Controlled Requirements,Positionally extracted; verify complex/overprinted tables
H,RBOB premium (93 octane),3.6,17,specification,All / see section,RVP (psi) D5191,,,,3,RVP (psi) D5191 3,Positionally extracted; verify complex/overprinted tables
H,RBOB premium (93 octane),3.6,17,specification,All / see section,Grades,,,,,Grades,Positionally extracted; verify complex/overprinted tables
H,RBOB premium (93 octane),3.6,17,specification,All / see section,[N]H1/1H,,,[N]7.4,,[N]H1/1H [N]7.4,Positionally extracted; verify complex/overprinted tables
H,RBOB premium (93 octane),3.6,17,specification,All / see section,"H3,3H [C] (Non-VOC Controlled)",,,11.5,,"H3,3H [C] (Non-VOC Controlled) 11.5",Positionally extracted; verify complex/overprinted tables
H,RBOB premium (93 octane),3.6,17,specification,All / see section,"H4,4H [C] (Non-VOC Controlled)",,,13.5,,"H4,4H [C] (Non-VOC Controlled) 13.5",Positionally extracted; verify complex/overprinted tables
H,RBOB premium (93 octane),3.6,17,specification,All / see section,"H5,5H [C] (Non-VOC Controlled)",,,15.0,,"H5,5H [C] (Non-VOC Controlled) 15.0",Positionally extracted; verify complex/overprinted tables
H,RBOB premium (93 octane),3.6,17,specification,All / see section,[C]VOC Controlled Requirements,,,,,[C]VOC Controlled Requirements,Positionally extracted; verify complex/overprinted tables
H,RBOB premium (93 octane),3.6,17,specification,All / see section,"[C] (Grades F1,F2,1F,2F, only)",,,,2,"[C] (Grades F1,F2,1F,2F, only) 2",Positionally extracted; verify complex/overprinted tables
H,RBOB premium (93 octane),3.6,17,specification,All / see section,[C]RVP (psi) D5191,,,Report,3,[C]RVP (psi) D5191 Report 3,Positionally extracted; verify complex/overprinted tables
H,RBOB premium (93 octane),3.6,17,specification,All / see section,[C] Emissions Performance Reductions,(%),,,4,[C] Emissions Performance Reductions (%) 4,Positionally extracted; verify complex/overprinted tables
H,RBOB premium (93 octane),3.6,17,specification,All / see section,"[C]Region 1 (Grades H1,1H)",Origin:,,-28.0%,11,"[C]Region 1 (Grades H1,1H) Origin: -28.0% 11",Positionally extracted; verify complex/overprinted tables
H,RBOB premium (93 octane),3.6,17,specification,All / see section,,,,-27.0%,,-27.0%,Positionally extracted; verify complex/overprinted tables
H,RBOB premium (93 octane),3.6,17,specification,All / see section,,Delivery:,,-25.0%,,Delivery: -25.0%,Positionally extracted; verify complex/overprinted tables
H,RBOB premium (93 octane),3.6,17,specification,All / see section,"[C]Region 2 (Grades H2,2H)",Origin:,,-26.4%,11,"[C]Region 2 (Grades H2,2H) Origin: -26.4% 11",Positionally extracted; verify complex/overprinted tables
H,RBOB premium (93 octane),3.6,17,specification,All / see section,,,,-25.4%,,-25.4%,Positionally extracted; verify complex/overprinted tables
H,RBOB premium (93 octane),3.6,17,specification,All / see section,,Delivery:,,-23.4%,,Delivery: -23.4%,Positionally extracted; verify complex/overprinted tables
H,RBOB premium (93 octane),3.6,18,context,Fungible only,,,,,,3.6.2 REFORMULATED PREMIUM GASOLINE BLENDSTOCK (RBOB),Source text
H,RBOB premium (93 octane),3.6,18,context,Fungible only,,,,,,FOR BLENDING WITH 10% DENATURED FUEL ETHANOL,Source text
H,RBOB premium (93 octane),3.6,18,context,Fungible only,,,,,,FUNGIBLE ONLY REQUIREMENTS:,Source text
H,RBOB premium (93 octane),3.6,18,context,Fungible only,,,,,,ASTM Test Test Results,Source text
H,RBOB premium (93 octane),3.6,18,specification,Fungible only,Color,,,Undyed,,Color Undyed,Positionally extracted; verify complex/overprinted tables
H,RBOB premium (93 octane),3.6,18,specification,Fungible only,Corrosion (Cu) 3 hrs @122oF (50oC) D130,,,1,,Corrosion (Cu) 3 hrs @122oF (50oC) D130 1,Positionally extracted; verify complex/overprinted tables
H,RBOB premium (93 octane),3.6,18,specification,Fungible only,Corrosion (Ag) 3 hrs @122oF (50oC) D7671,,,1,,Corrosion (Ag) 3 hrs @122oF (50oC) D7671 1,Positionally extracted; verify complex/overprinted tables
H,RBOB premium (93 octane),3.6,18,specification,Fungible only,Doctor test D4952,,,Negative (sweet),[W]5 4,Doctor test D4952 Negative (sweet) [W]5 4,Positionally extracted; verify complex/overprinted tables
H,RBOB premium (93 octane),3.6,18,specification,Fungible only,or,,,,,or,Positionally extracted; verify complex/overprinted tables
H,RBOB premium (93 octane),3.6,18,specification,Fungible only,"Mercaptan sulfur, wt.% D3227",,,0.002,,"Mercaptan sulfur, wt.% D3227 0.002",Positionally extracted; verify complex/overprinted tables
H,RBOB premium (93 octane),3.6,18,specification,Fungible only,Solvent Washed Gum mg/100 ml D381,,,4,[W]7 6,Solvent Washed Gum mg/100 ml D381 4 [W]7 6,Positionally extracted; verify complex/overprinted tables
H,RBOB premium (93 octane),3.6,18,specification,Fungible only,Gravity oAPI at 60oF D4052,,Report,,,Gravity oAPI at 60oF D4052 Report,Positionally extracted; verify complex/overprinted tables
H,RBOB premium (93 octane),3.6,18,specification,Fungible only,Oxidation stability-minutes D525,,240,,[W]7 6,Oxidation stability-minutes D525 240 [W]7 6,Positionally extracted; verify complex/overprinted tables
H,RBOB premium (93 octane),3.6,18,specification,Fungible only,"Phosphorous, gms/gal D3231",,,0.004,,"Phosphorous, gms/gal D3231 0.004",Positionally extracted; verify complex/overprinted tables
H,RBOB premium (93 octane),3.6,18,specification,Fungible only,Nace Corrosion TM0172,,B+ (Origin),,[W]7 6,Nace Corrosion TM0172 B+ (Origin) [W]7 6,Positionally extracted; verify complex/overprinted tables
H,RBOB premium (93 octane),3.6,18,specification,Fungible only,Volatility:,,,,,Volatility:,Positionally extracted; verify complex/overprinted tables
H,RBOB premium (93 octane),3.6,18,specification,Fungible only,Driveability Index D4814,,,See Chart,,Driveability Index D4814 See Chart,Positionally extracted; verify complex/overprinted tables
H,RBOB premium (93 octane),3.6,18,specification,Fungible only,"Distillation, oC (oF) @ %Evap. D86",,,,,"Distillation, oC (oF) @ %Evap. D86",Positionally extracted; verify complex/overprinted tables
H,RBOB premium (93 octane),3.6,18,specification,Fungible only,"Vapor/Liquid Ratio (V/L), oC (oF) @ 20 D5188",,,,[W]6 5,"Vapor/Liquid Ratio (V/L), oC (oF) @ 20 D5188 [W]6 5",Positionally extracted; verify complex/overprinted tables
H,RBOB premium (93 octane),3.6,18,specification,Fungible only,Driveability 10 vol%,50 vol%,,90 vol% End,Pt. V/L,Driveability 10 vol% 50 vol% 90 vol% End Pt. V/L,Positionally extracted; verify complex/overprinted tables
H,RBOB premium (93 octane),3.6,18,specification,Fungible only,Grades Index Max,Min,Max,Max Max,Min,Grades Index Max Min Max Max Max Min,Positionally extracted; verify complex/overprinted tables
H,RBOB premium (93 octane),3.6,18,specification,Fungible only,"H1 [C],H2 1250 70(158)",66(150) 121(250),,190(374) 221(430),50(122),"H1 [C],H2 1250 70(158) 66(150) 121(250) 190(374) 221(430) 50(122)",Positionally extracted; verify complex/overprinted tables
H,RBOB premium (93 octane),3.6,18,specification,Fungible only,H3 1230 60(140),66(150) 116(240),,185(365) 221(430),47(116),H3 1230 60(140) 66(150) 116(240) 185(365) 221(430) 47(116),Positionally extracted; verify complex/overprinted tables
H,RBOB premium (93 octane),3.6,18,specification,Fungible only,H4 1220 55(131),66(150) 113(235),,185(365) 221(430),42(107),H4 1220 55(131) 66(150) 113(235) 185(365) 221(430) 42(107),Positionally extracted; verify complex/overprinted tables
H,RBOB premium (93 octane),3.6,18,specification,Fungible only,H5 1200 50(122),66(150) 110(230),,185(365) 221(430),39(102),H5 1200 50(122) 66(150) 110(230) 185(365) 221(430) 39(102),Positionally extracted; verify complex/overprinted tables
H,RBOB premium (93 octane),3.6,18,note,Fungible only,,,,,,Heavy Metals are not allowed to be present.,Source text
H,RBOB premium (93 octane),3.6,18,note,Fungible only,,,,,,Additive requirements/restrictions - refer to section 3.2.,Source text
H,RBOB premium (93 octane),3.6,18,note,Fungible only,,,,,,"This is a base gasoline, not for sale to the ultimate consumer.",Source text
H,RBOB premium (93 octane),3.6,18,note,Fungible only,,,,,,Any gasoline exhibiting an offensive odor and/or poses a personal health hazard will not be accepted for shipment.,Source text
H,RBOB premium (93 octane),3.6,18,note,Fungible only,,,,,,Any gasoline containing more than 0.50 wt. % of dicyclopentadiene will not be accepted for shipment.,Source text
H,RBOB premium (93 octane),3.6,18,note,Fungible only,,,,,,The referee method will be based on a gas chromatograph test.,Source text
H,RBOB premium (93 octane),3.6,18,note,Fungible only,,,,,,"1. All H grades may not contain oxygenates, such as ethers and alcohols. The use of non-hydrocarbon",Source text
H,RBOB premium (93 octane),3.6,18,note,Fungible only,,,,,,blending components in these grades is prohibited.,Source text
H,RBOB premium (93 octane),3.6,18,note,Fungible only,,,,,,"2. Refer to test methods published in 40 CFR [W] Chapter 1, Part 80.46. 1090 Subpart N Alternative [C]aromatics and oxygenates",Source text
H,RBOB premium (93 octane),3.6,18,note,Fungible only,,,,,,"test methods, [C]ASTM D1319 and ASTM D 4815, may be used according to federal and state regulations.",Source text
H,RBOB premium (93 octane),3.6,18,note,Fungible only,,,,,,"3. For products blended to meet EPA [C] or state imposed summer VOC requirements, tests must be performed",Source text
H,RBOB premium (93 octane),3.6,18,note,Fungible only,,,,,,"in accordance with the procedures described in 40 CFR [W], Part 80.1090 Subpart N",Source text
H,RBOB premium (93 octane),3.6,18,note,Fungible only,,,,,,Delivery test results may vary by the smaller of ASTM reproducibility for a given test or any test tolerance as allowed by state or EPA,Source text
H,RBOB premium (93 octane),3.6,18,note,Fungible only,,,,,,regulations at the point of delivery.,Source text
H,RBOB premium (93 octane),3.6,19,context,All / see section,,,,,,3.6.3 REFORMULATED PREMIUM GASOLINE BLENDSTOCK (RBOB),Source text
H,RBOB premium (93 octane),3.6,19,context,All / see section,,,,,,FOR BLENDING WITH 10% DENATURED FUEL ETHANOL,Source text
H,RBOB premium (93 octane),3.6,19,context,All / see section,,,,,,(92% PURITY) AS DEFINED IN ASTM D4806,Source text
H,RBOB premium (93 octane),3.6,19,note,All / see section,,,,,,[C]4. [C] Emissions reductions must be calculated using EPA guidelines.,Source text
H,RBOB premium (93 octane),3.6,19,note,All / see section,,,,,,[W]5. 4. Mercaptan Sulfur waived if fuel is negative by Doctor test.,Source text
H,RBOB premium (93 octane),3.6,19,note,All / see section,,,,,,[W]6. 5. Computer and Linear methods may be used to determine V/L value.,Source text
H,RBOB premium (93 octane),3.6,19,note,All / see section,,,,,,[W]7. 6. Specifications must be met before blending of denatured fuel ethanol.,Source text
H,RBOB premium (93 octane),3.6,19,note,All / see section,,,,,,[W]8. 7. Oxygen content must meet a minimum of 1.7 wt.% and a maximum of 4.0 wt.% after blending of,Source text
H,RBOB premium (93 octane),3.6,19,note,All / see section,,,,,,denatured fuel ethanol.,Source text
H,RBOB premium (93 octane),3.6,19,note,All / see section,,,,,,"[W]9. 8. Refer to 40 CFR [W]Part 80.195 (d)(2) 1090 Subpart N. Alternative sulfur test methods, ASTM D",Source text
H,RBOB premium (93 octane),3.6,19,note,All / see section,,,,,,"5453 and D 7039, may be used according to federal and state regulations.",Source text
H,RBOB premium (93 octane),3.6,19,note,All / see section,,,,,,[C] 10. [C]Woodbury and Linden facilities will only allow shipments of region 2 fuels.,Source text
H,RBOB premium (93 octane),3.6,19,note,All / see section,,,,,,Any Region 1 fuels shipped downstream of Aberdeen will be comingled with region 2 fuels,Source text
H,RBOB premium (93 octane),3.6,19,note,All / see section,,,,,,[C]11. [C]Refer to Colonial's current RVP schedule for cycle numbers,Source text
H,RBOB premium (93 octane),3.6,19,note,All / see section,,,,,,[W] 12 9. Colonial will accept test methods results that are listed in ASTM D4814 for all tests. Test,Source text
H,RBOB premium (93 octane),3.6,19,note,All / see section,,,,,,methods listed in the table above are considered referee methods by Colonial Pipeline. Referee methods,Source text
H,RBOB premium (93 octane),3.6,19,note,All / see section,,,,,,apply for any dispute.,Source text
H,RBOB premium (93 octane),3.6,19,note,All / see section,,,,,,[W]13. 10. Use of these grades is controlled by the RVP calendar.,Source text
L,Gasoline blendstocks,3.7,20,context,Segregated only,,,,,,3.7 BLENDSTOCKS,Source text
L,Gasoline blendstocks,3.7,20,context,Segregated only,,,,,,ALL L GRADE REQUIREMENTS (SEGREGATED ONLY),Source text
L,Gasoline blendstocks,3.7,20,context,Segregated only,,,,,,"In order to allow for the proper placement of the batch in our sequence, when nominating the batch, the",Source text
L,Gasoline blendstocks,3.7,20,context,Segregated only,,,,,,shipper must supply to the best of their knowledge the following information:,Source text
L,Gasoline blendstocks,3.7,20,context,Segregated only,,,,,,Octane,Source text
L,Gasoline blendstocks,3.7,20,context,Segregated only,,,,,,"Oxygen Content, weight %",Source text
L,Gasoline blendstocks,3.7,20,context,Segregated only,,,,,,RVP (psi),Source text
L,Gasoline blendstocks,3.7,20,context,Segregated only,,,,,,Any other product property that does not meet Colonial's fungible specification for M grades,Source text
L,Gasoline blendstocks,3.7,20,context,Segregated only,,,,,,The Pre-shipment/Transfer Document must be received before shipment with the actual results.,Source text
L,Gasoline blendstocks,3.7,20,context,Segregated only,,,,,,ASTM Test Test Results,Source text
L,Gasoline blendstocks,3.7,20,specification,Segregated only,Gravity oAPI at 60oF,D4052,48,80,,Gravity oAPI at 60oF D4052 48 80,Positionally extracted; verify complex/overprinted tables
L,Gasoline blendstocks,3.7,20,specification,Segregated only,Benzene (vol%),D3606,,3.8,,Benzene (vol%) D3606 3.8,Positionally extracted; verify complex/overprinted tables
L,Gasoline blendstocks,3.7,20,specification,Segregated only,Nace Corrosion,TM0172,B+ (origin),,,Nace Corrosion TM0172 B+ (origin),Positionally extracted; verify complex/overprinted tables
L,Gasoline blendstocks,3.7,20,specification,Segregated only,"Sulfur, (ppmwt)",D2622,Report,,,"Sulfur, (ppmwt) D2622 Report",Positionally extracted; verify complex/overprinted tables
L,Gasoline blendstocks,3.7,20,specification,Segregated only,,or equivalent,,,,or equivalent,Positionally extracted; verify complex/overprinted tables
L,Gasoline blendstocks,3.7,20,specification,Segregated only,RVP (psi),D5191,4.0,,,RVP (psi) D5191 4.0,Positionally extracted; verify complex/overprinted tables
L,Gasoline blendstocks,3.7,20,specification,Segregated only,Grades,,,,,Grades,Positionally extracted; verify complex/overprinted tables
L,Gasoline blendstocks,3.7,20,specification,Segregated only,1L This product code is intended,for the shipment of,low octane (<83,R+M/2) gasoline blendstocks.,,1L This product code is intended for the shipment of low octane (<83 R+M/2) gasoline blendstocks.,Positionally extracted; verify complex/overprinted tables
L,Gasoline blendstocks,3.7,20,specification,Segregated only,Nomination and shipment,of a buffer batch is required,with the,batch. All interfaces will,be cut into,Nomination and shipment of a buffer batch is required with the batch. All interfaces will be cut into,Positionally extracted; verify complex/overprinted tables
L,Gasoline blendstocks,3.7,20,specification,Segregated only,the 1L product in order to,protect other batches.,The nomination,volumes of the buffer,batch and,the 1L product in order to protect other batches. The nomination volumes of the buffer batch and,Positionally extracted; verify complex/overprinted tables
L,Gasoline blendstocks,3.7,20,specification,Segregated only,1L product will be adjusted,to reflect actual barrels,delivered.,,,1L product will be adjusted to reflect actual barrels delivered.,Positionally extracted; verify complex/overprinted tables
L,Gasoline blendstocks,3.7,20,specification,Segregated only,2L This product code is intended,for the shipment of,>83 and <87,R+M/2,,2L This product code is intended for the shipment of >83 and <87 R+M/2,Positionally extracted; verify complex/overprinted tables
L,Gasoline blendstocks,3.7,20,specification,Segregated only,gasoline blendstocks. This,product does not require,a buffer batch,and will be handled,with,gasoline blendstocks. This product does not require a buffer batch and will be handled with,Positionally extracted; verify complex/overprinted tables
L,Gasoline blendstocks,3.7,20,specification,Segregated only,normal procedures.,,,,,normal procedures.,Positionally extracted; verify complex/overprinted tables
L,Gasoline blendstocks,3.7,20,specification,Segregated only,3L This product code is intended,for the shipment of,>87 and <93,R+M/2,,3L This product code is intended for the shipment of >87 and <93 R+M/2,Positionally extracted; verify complex/overprinted tables
L,Gasoline blendstocks,3.7,20,specification,Segregated only,gasoline blendstocks. This,product does not require,a buffer batch,and will be handled,with,gasoline blendstocks. This product does not require a buffer batch and will be handled with,Positionally extracted; verify complex/overprinted tables
L,Gasoline blendstocks,3.7,20,specification,Segregated only,normal procedures.,,,,,normal procedures.,Positionally extracted; verify complex/overprinted tables
L,Gasoline blendstocks,3.7,20,specification,Segregated only,4L This product code is intended,for the shipment of,>93 R+M/2,,,4L This product code is intended for the shipment of >93 R+M/2,Positionally extracted; verify complex/overprinted tables
L,Gasoline blendstocks,3.7,20,specification,Segregated only,gasoline blendstocks. This,product does not require,a buffer batch,and will be handled,with,gasoline blendstocks. This product does not require a buffer batch and will be handled with,Positionally extracted; verify complex/overprinted tables
L,Gasoline blendstocks,3.7,20,specification,Segregated only,normal procedures.,,,,,normal procedures.,Positionally extracted; verify complex/overprinted tables
L,Gasoline blendstocks,3.7,20,specification,Segregated only,Colonial will accept test methods results,that are listed in ASTM,D4814 for,all tests. Test methods listed,in the,Colonial will accept test methods results that are listed in ASTM D4814 for all tests. Test methods listed in the,Positionally extracted; verify complex/overprinted tables
L,Gasoline blendstocks,3.7,20,specification,Segregated only,the table above are considered referee,methods by Colonial Pipeline.,Referee,methods apply for any,dispute.,the table above are considered referee methods by Colonial Pipeline. Referee methods apply for any dispute.,Positionally extracted; verify complex/overprinted tables
L,Gasoline blendstocks,3.7,20,note,Segregated only,,,,,,Delivery test results may vary by the smaller of ASTM reproducibility for a given test or any test tolerance as,Source text
L,Gasoline blendstocks,3.7,20,note,Segregated only,,,,,,allowed by state or EPA regulations at the point of delivery.,Source text
L,Gasoline blendstocks,3.7,20,note,Segregated only,,,,,,Additive requirements/restrictions - refer to section 3.2.,Source text
L,Gasoline blendstocks,3.7,20,note,Segregated only,,,,,,Use of these grades is controlled by the RVP calendar.,Source text
M,Conventional gasoline (87 octane),3.8,21,context,All / see section,,,,,,3.8.1 SPECIFICATION FOR 87 0CTANE INDEX CONVENTIONAL GASOLINE,Source text
M,Conventional gasoline (87 octane),3.8,21,context,All / see section,,,,,,"This product does not meet requirements for reformulated gasoline, and may not be used in any reformulated",Source text
M,Conventional gasoline (87 octane),3.8,21,context,All / see section,,,,,,gasoline covered area.,Source text
M,Conventional gasoline (87 octane),3.8,21,context,All / see section,,,,,,ALL M GRADE REQUIREMENTS (SEGREGATED AND FUNGIBLE),Source text
M,Conventional gasoline (87 octane),3.8,21,context,All / see section,,,,,,ASTM Test Test Results,Source text
M,Conventional gasoline (87 octane),3.8,21,specification,All / see section,Octane RON D2699,Report,,,,Octane RON D2699 Report,Positionally extracted; verify complex/overprinted tables
M,Conventional gasoline (87 octane),3.8,21,specification,All / see section,MON D2700,82.0,,,,MON D2700 82.0,Positionally extracted; verify complex/overprinted tables
M,Conventional gasoline (87 octane),3.8,21,specification,All / see section,(R+M)/2,87.0,,,,(R+M)/2 87.0,Positionally extracted; verify complex/overprinted tables
M,Conventional gasoline (87 octane),3.8,21,specification,All / see section,"Oxygen Content, weight % D5599",,,0.1 1,,"Oxygen Content, weight % D5599 0.1 1",Positionally extracted; verify complex/overprinted tables
M,Conventional gasoline (87 octane),3.8,21,specification,All / see section,RVP (psi) D5191,,,2,,RVP (psi) D5191 2,Positionally extracted; verify complex/overprinted tables
M,Conventional gasoline (87 octane),3.8,21,specification,All / see section,,,Without,With,,Without With,Positionally extracted; verify complex/overprinted tables
M,Conventional gasoline (87 octane),3.8,21,specification,All / see section,Grades,,,,,Grades,Positionally extracted; verify complex/overprinted tables
M,Conventional gasoline (87 octane),3.8,21,specification,All / see section,,,Ethanol,Ethanol,,Ethanol Ethanol,Positionally extracted; verify complex/overprinted tables
M,Conventional gasoline (87 octane),3.8,21,specification,All / see section,"M2,2M",,9.0,X,,"M2,2M 9.0 X",Positionally extracted; verify complex/overprinted tables
M,Conventional gasoline (87 octane),3.8,21,specification,All / see section,"M3,3M",,11.5,X,,"M3,3M 11.5 X",Positionally extracted; verify complex/overprinted tables
M,Conventional gasoline (87 octane),3.8,21,specification,All / see section,"M4,4M",,13.5,X,,"M4,4M 13.5 X",Positionally extracted; verify complex/overprinted tables
M,Conventional gasoline (87 octane),3.8,21,specification,All / see section,"M5,5M",,15.0,X,,"M5,5M 15.0 X",Positionally extracted; verify complex/overprinted tables
M,Conventional gasoline (87 octane),3.8,21,specification,All / see section,[C] Gasoline designed for gasoline-ethanol,blends in accordance,with,40 CFR 80.27(d)(2),,[C] Gasoline designed for gasoline-ethanol blends in accordance with 40 CFR 80.27(d)(2),Positionally extracted; verify complex/overprinted tables
M,Conventional gasoline (87 octane),3.8,21,specification,All / see section,Suitable for the special RVP provisions,for ethanol blends,that contain,9 and 10 vol % ethanol.,,Suitable for the special RVP provisions for ethanol blends that contain 9 and 10 vol % ethanol.,Positionally extracted; verify complex/overprinted tables
M,Conventional gasoline (87 octane),3.8,21,specification,All / see section,The use of this gasoline to manufacture,a gasoline-ethanol,blend containing,anything other than,between 9 and 10,The use of this gasoline to manufacture a gasoline-ethanol blend containing anything other than between 9 and 10,Positionally extracted; verify complex/overprinted tables
M,Conventional gasoline (87 octane),3.8,21,specification,All / see section,volume percent ethanol may cause,a summertime RVP,violation.,,,volume percent ethanol may cause a summertime RVP violation.,Positionally extracted; verify complex/overprinted tables
M,Conventional gasoline (87 octane),3.8,21,note,All / see section,,,,,,Heavy Metals are not allowed to be present.,Source text
M,Conventional gasoline (87 octane),3.8,21,note,All / see section,,,,,,Additive requirements/restrictions - refer to section 3.2.,Source text
M,Conventional gasoline (87 octane),3.8,21,note,All / see section,,,,,,"This is a base gasoline, not for sale to the ultimate consumer.",Source text
M,Conventional gasoline (87 octane),3.8,21,note,All / see section,,,,,,Any gasoline exhibiting an offensive odor and/or poses a personal health hazard will not be accepted for shipment.,Source text
M,Conventional gasoline (87 octane),3.8,21,note,All / see section,,,,,,Any gasoline containing more than 0.50 wt. % of dicyclopentadiene will not be accepted for shipment.,Source text
M,Conventional gasoline (87 octane),3.8,21,note,All / see section,,,,,,The referee method will be based on a gas chromatograph test.,Source text
M,Conventional gasoline (87 octane),3.8,21,note,All / see section,,,,,,Delivery test results may vary by the smaller of ASTM reproducibility for a given test or any test,Source text
M,Conventional gasoline (87 octane),3.8,21,note,All / see section,,,,,,tolerance as allowed by state or EPA regulations at the point of delivery.,Source text
M,Conventional gasoline (87 octane),3.8,22,context,Fungible only,,,,,,3.8.2 SPECIFICATIONS FOR 87 OCTANE INDEX CONVENTIONAL GASOLINE,Source text
M,Conventional gasoline (87 octane),3.8,22,context,Fungible only,,,,,,FUNGIBLE ONLY REQUIREMENTS:,Source text
M,Conventional gasoline (87 octane),3.8,22,context,Fungible only,,,,,,ASTM Test Test Results,Source text
M,Conventional gasoline (87 octane),3.8,22,specification,Fungible only,"Benzene, vol.%",D3606,,3.8,,"Benzene, vol.% D3606 3.8",Positionally extracted; verify complex/overprinted tables
M,Conventional gasoline (87 octane),3.8,22,specification,Fungible only,Color,,,Undyed,,Color Undyed,Positionally extracted; verify complex/overprinted tables
M,Conventional gasoline (87 octane),3.8,22,specification,Fungible only,Corrosion (Cu) 3 hrs @122oF (50oC),D130,,1,,Corrosion (Cu) 3 hrs @122oF (50oC) D130 1,Positionally extracted; verify complex/overprinted tables
M,Conventional gasoline (87 octane),3.8,22,specification,Fungible only,Corrosion (Ag) 3 hrs @122oF (50oC),D7671,,1,,Corrosion (Ag) 3 hrs @122oF (50oC) D7671 1,Positionally extracted; verify complex/overprinted tables
M,Conventional gasoline (87 octane),3.8,22,specification,Fungible only,Doctor test,D4952,,Negative (sweet),3,Doctor test D4952 Negative (sweet) 3,Positionally extracted; verify complex/overprinted tables
M,Conventional gasoline (87 octane),3.8,22,specification,Fungible only,or,,,,,or,Positionally extracted; verify complex/overprinted tables
M,Conventional gasoline (87 octane),3.8,22,specification,Fungible only,"Mercaptan sulfur, wt.%",D3227,,0.002,,"Mercaptan sulfur, wt.% D3227 0.002",Positionally extracted; verify complex/overprinted tables
M,Conventional gasoline (87 octane),3.8,22,specification,Fungible only,Solvent Washed Gum mg/100 ml,D381,,4,,Solvent Washed Gum mg/100 ml D381 4,Positionally extracted; verify complex/overprinted tables
M,Conventional gasoline (87 octane),3.8,22,specification,Fungible only,Gravity oAPI at 60oF,D4052,Report,,,Gravity oAPI at 60oF D4052 Report,Positionally extracted; verify complex/overprinted tables
M,Conventional gasoline (87 octane),3.8,22,specification,Fungible only,Oxidation stability-minutes,D525,240,,,Oxidation stability-minutes D525 240,Positionally extracted; verify complex/overprinted tables
M,Conventional gasoline (87 octane),3.8,22,specification,Fungible only,"Phosphorous, gms/gal",D3231,,0.004,,"Phosphorous, gms/gal D3231 0.004",Positionally extracted; verify complex/overprinted tables
M,Conventional gasoline (87 octane),3.8,22,specification,Fungible only,Sulfur (ppmwt),D2622,,80,5,Sulfur (ppmwt) D2622 80 5,Positionally extracted; verify complex/overprinted tables
M,Conventional gasoline (87 octane),3.8,22,specification,Fungible only,,or equivalent,,,,or equivalent,Positionally extracted; verify complex/overprinted tables
M,Conventional gasoline (87 octane),3.8,22,specification,Fungible only,Nace Corrosion,TM0172,B+,(Origin),,Nace Corrosion TM0172 B+ (Origin),Positionally extracted; verify complex/overprinted tables
M,Conventional gasoline (87 octane),3.8,22,specification,Fungible only,Volatility:,,,,,Volatility:,Positionally extracted; verify complex/overprinted tables
M,Conventional gasoline (87 octane),3.8,22,specification,Fungible only,Driveability Index,D4814,,See Chart,,Driveability Index D4814 See Chart,Positionally extracted; verify complex/overprinted tables
M,Conventional gasoline (87 octane),3.8,22,specification,Fungible only,"Distillation, oC (oF) @ %Evap.",D86,,,,"Distillation, oC (oF) @ %Evap. D86",Positionally extracted; verify complex/overprinted tables
M,Conventional gasoline (87 octane),3.8,22,specification,Fungible only,"Vapor/Liquid Ratio (V/L), oC (oF) @",20 D5188,,,4,"Vapor/Liquid Ratio (V/L), oC (oF) @ 20 D5188 4",Positionally extracted; verify complex/overprinted tables
M,Conventional gasoline (87 octane),3.8,22,specification,Fungible only,Driveability 10,vol% 50 vol%,,90 vol% End,Pt. V/L,Driveability 10 vol% 50 vol% 90 vol% End Pt. V/L,Positionally extracted; verify complex/overprinted tables
M,Conventional gasoline (87 octane),3.8,22,specification,Fungible only,Grades Index,Max Min,Max,Max Max,Min,Grades Index Max Min Max Max Max Min,Positionally extracted; verify complex/overprinted tables
M,Conventional gasoline (87 octane),3.8,22,specification,Fungible only,M2 1250 70(158),77(170) 121(250),,190(374) 221(430),56(133),M2 1250 70(158) 77(170) 121(250) 190(374) 221(430) 56(133),Positionally extracted; verify complex/overprinted tables
M,Conventional gasoline (87 octane),3.8,22,specification,Fungible only,M3 1230 60(140),77(170) 116(240),,185(365) 221(430),51(124),M3 1230 60(140) 77(170) 116(240) 185(365) 221(430) 51(124),Positionally extracted; verify complex/overprinted tables
M,Conventional gasoline (87 octane),3.8,22,specification,Fungible only,M4 1220 55(131),77(170) 113(235),,185(365) 221(430),47(116),M4 1220 55(131) 77(170) 113(235) 185(365) 221(430) 47(116),Positionally extracted; verify complex/overprinted tables
M,Conventional gasoline (87 octane),3.8,22,specification,Fungible only,M5 1200 50(122),77(170) 110(230),,185(365) 221(430),41(105),M5 1200 50(122) 77(170) 110(230) 185(365) 221(430) 41(105),Positionally extracted; verify complex/overprinted tables
M,Conventional gasoline (87 octane),3.8,22,note,Fungible only,,,,,,1. Non-oxygenated is defined as having no more than 0.1 wt.% oxygen. The use of oxygenated,Source text
M,Conventional gasoline (87 octane),3.8,22,note,Fungible only,,,,,,and/or non-hydrocarbon blending components in these grades is prohibited.,Source text
M,Conventional gasoline (87 octane),3.8,22,note,Fungible only,,,,,,"2. For products blended to meet EPA [C]or state imposed summer VOC requirements, tests must be performed",Source text
M,Conventional gasoline (87 octane),3.8,22,note,Fungible only,,,,,,"in accordance with the procedures described in 40 CFR, [W] Part 80 1090 Subpart N.",Source text
M,Conventional gasoline (87 octane),3.8,22,note,Fungible only,,,,,,3. Mercaptan Sulfur waived if fuel is negative by Doctor test.,Source text
M,Conventional gasoline (87 octane),3.8,22,note,Fungible only,,,,,,4. Computer and Linear methods may be used to determine V/L value.,Source text
M,Conventional gasoline (87 octane),3.8,22,note,Fungible only,,,,,,"5. Refer to 40 CFR [W]Part 80.195 (d)(2) 1090 Subpart N. Alternative sulfur test methods, ASTM D 5453 and D",Source text
M,Conventional gasoline (87 octane),3.8,22,note,Fungible only,,,,,,"7039, may be used according to federal and state regulations.",Source text
M,Conventional gasoline (87 octane),3.8,22,note,Fungible only,,,,,,6. Bengal will accept test methods results that are listed in ASTM D4814 for all tests. Test methods listed in the,Source text
M,Conventional gasoline (87 octane),3.8,22,note,Fungible only,,,,,,table above are considered referee methods by Bengal Pipeline. Referee methods apply for any disputes.,Source text
M,Conventional gasoline (87 octane),3.8,22,note,Fungible only,,,,,,7. Use of these grades is controlled by the RVP calendar.,Source text
M,Conventional gasoline (87 octane),3.8,22,note,Fungible only,,,,,,8. Not available for delivery to Belton.,Source text
V,Conventional gasoline (93 octane),3.9,23,context,All / see section,,,,,,3.9.1 SPECIFICATIONS FOR 93 OCTANE INDEX CONVENTIONAL GASOLINE,Source text
V,Conventional gasoline (93 octane),3.9,23,context,All / see section,,,,,,"This product does not meet requirements for reformulated gasoline, and may not be used in any reformulated",Source text
V,Conventional gasoline (93 octane),3.9,23,context,All / see section,,,,,,gasoline covered area.,Source text
V,Conventional gasoline (93 octane),3.9,23,context,All / see section,,,,,,ALL V GRADE REQUIREMENTS (SEGREGATED AND FUNGIBLE),Source text
V,Conventional gasoline (93 octane),3.9,23,context,All / see section,,,,,,ASTM Test Test Results,Source text
V,Conventional gasoline (93 octane),3.9,23,specification,All / see section,Octane RON D2699,Report,,,,Octane RON D2699 Report,Positionally extracted; verify complex/overprinted tables
V,Conventional gasoline (93 octane),3.9,23,specification,All / see section,MON D2700,Report,,,,MON D2700 Report,Positionally extracted; verify complex/overprinted tables
V,Conventional gasoline (93 octane),3.9,23,specification,All / see section,(R+M)/2,93.0,,,,(R+M)/2 93.0,Positionally extracted; verify complex/overprinted tables
V,Conventional gasoline (93 octane),3.9,23,specification,All / see section,"Oxygen Content, weight % D5599",,,0.1 1,,"Oxygen Content, weight % D5599 0.1 1",Positionally extracted; verify complex/overprinted tables
V,Conventional gasoline (93 octane),3.9,23,specification,All / see section,RVP (psi) D5191,,,2,,RVP (psi) D5191 2,Positionally extracted; verify complex/overprinted tables
V,Conventional gasoline (93 octane),3.9,23,specification,All / see section,,,Without,With,,Without With,Positionally extracted; verify complex/overprinted tables
V,Conventional gasoline (93 octane),3.9,23,specification,All / see section,Grades,,,,,Grades,Positionally extracted; verify complex/overprinted tables
V,Conventional gasoline (93 octane),3.9,23,specification,All / see section,,,Ethanol,Ethanol,,Ethanol Ethanol,Positionally extracted; verify complex/overprinted tables
V,Conventional gasoline (93 octane),3.9,23,specification,All / see section,"V2,2V",,9.0,X,,"V2,2V 9.0 X",Positionally extracted; verify complex/overprinted tables
V,Conventional gasoline (93 octane),3.9,23,specification,All / see section,"V3,3V",,11.5,X,,"V3,3V 11.5 X",Positionally extracted; verify complex/overprinted tables
V,Conventional gasoline (93 octane),3.9,23,specification,All / see section,"V4,4V",,13.5,X,,"V4,4V 13.5 X",Positionally extracted; verify complex/overprinted tables
V,Conventional gasoline (93 octane),3.9,23,specification,All / see section,"V5,5V",,15.0,X,,"V5,5V 15.0 X",Positionally extracted; verify complex/overprinted tables
V,Conventional gasoline (93 octane),3.9,23,specification,All / see section,[C]Gasoline designed for gasoline-ethanol,blends in accordance,with,40 CFR 80.27(d)(2),,[C]Gasoline designed for gasoline-ethanol blends in accordance with 40 CFR 80.27(d)(2),Positionally extracted; verify complex/overprinted tables
V,Conventional gasoline (93 octane),3.9,23,specification,All / see section,Suitable for the special RVP provisions,for ethanol blends,that contain,9 and 10 vol % ethanol.,,Suitable for the special RVP provisions for ethanol blends that contain 9 and 10 vol % ethanol.,Positionally extracted; verify complex/overprinted tables
V,Conventional gasoline (93 octane),3.9,23,specification,All / see section,The use of this gasoline to manufacture,a gasoline-ethanol,blend containing,anything other than,between 9 and 10,The use of this gasoline to manufacture a gasoline-ethanol blend containing anything other than between 9 and 10,Positionally extracted; verify complex/overprinted tables
V,Conventional gasoline (93 octane),3.9,23,specification,All / see section,volume percent ethanol may cause,a summertime RVP,violation.,,,volume percent ethanol may cause a summertime RVP violation.,Positionally extracted; verify complex/overprinted tables
V,Conventional gasoline (93 octane),3.9,23,note,All / see section,,,,,,Heavy Metals are not allowed to be present.,Source text
V,Conventional gasoline (93 octane),3.9,23,note,All / see section,,,,,,Additive requirements/restrictions - refer to section 3.2.,Source text
V,Conventional gasoline (93 octane),3.9,23,note,All / see section,,,,,,"This is a base gasoline, not for sale to the ultimate consumer.",Source text
V,Conventional gasoline (93 octane),3.9,23,note,All / see section,,,,,,Any gasoline exhibiting an offensive odor and/or poses a personal health hazard will not be accepted for shipment.,Source text
V,Conventional gasoline (93 octane),3.9,23,note,All / see section,,,,,,Any gasoline containing more than 0.50 wt. % of dicyclopentadiene will not be accepted for shipment.,Source text
V,Conventional gasoline (93 octane),3.9,23,note,All / see section,,,,,,The referee method will be based on a gas chromatograph test.,Source text
V,Conventional gasoline (93 octane),3.9,23,note,All / see section,,,,,,Delivery test results may vary by the smaller of ASTM reproducibility for a given test or any test,Source text
V,Conventional gasoline (93 octane),3.9,23,note,All / see section,,,,,,tolerance as allowed by state or EPA regulations at the point of delivery.,Source text
V,Conventional gasoline (93 octane),3.9,24,context,Fungible only,,,,,,3.9.2 SPECIFICATIONS FOR 93 OCTANE INDEX CONVENTIONAL GASOLINE,Source text
V,Conventional gasoline (93 octane),3.9,24,context,Fungible only,,,,,,FUNGIBLE ONLY REQUIREMENTS:,Source text
V,Conventional gasoline (93 octane),3.9,24,context,Fungible only,,,,,,ASTM Test Test Results,Source text
V,Conventional gasoline (93 octane),3.9,24,specification,Fungible only,"Benzene, vol.%",D3606,,3.8,,"Benzene, vol.% D3606 3.8",Positionally extracted; verify complex/overprinted tables
V,Conventional gasoline (93 octane),3.9,24,specification,Fungible only,Color,,,Undyed,,Color Undyed,Positionally extracted; verify complex/overprinted tables
V,Conventional gasoline (93 octane),3.9,24,specification,Fungible only,Corrosion (Cu) 3 hrs @122oF (50oC),D130,,1,,Corrosion (Cu) 3 hrs @122oF (50oC) D130 1,Positionally extracted; verify complex/overprinted tables
V,Conventional gasoline (93 octane),3.9,24,specification,Fungible only,Corrosion (Ag) 3 hrs @122oF (50oC),D7671,,1,,Corrosion (Ag) 3 hrs @122oF (50oC) D7671 1,Positionally extracted; verify complex/overprinted tables
V,Conventional gasoline (93 octane),3.9,24,specification,Fungible only,Doctor test,D4952,,Negative (sweet),3,Doctor test D4952 Negative (sweet) 3,Positionally extracted; verify complex/overprinted tables
V,Conventional gasoline (93 octane),3.9,24,specification,Fungible only,or,,,,,or,Positionally extracted; verify complex/overprinted tables
V,Conventional gasoline (93 octane),3.9,24,specification,Fungible only,"Mercaptan sulfur, wt.%",D3227,,0.002,,"Mercaptan sulfur, wt.% D3227 0.002",Positionally extracted; verify complex/overprinted tables
V,Conventional gasoline (93 octane),3.9,24,specification,Fungible only,Solvent Washed Gum mg/100 ml,D381,,4,,Solvent Washed Gum mg/100 ml D381 4,Positionally extracted; verify complex/overprinted tables
V,Conventional gasoline (93 octane),3.9,24,specification,Fungible only,Gravity oAPI at 60oF,D4052,Report,,,Gravity oAPI at 60oF D4052 Report,Positionally extracted; verify complex/overprinted tables
V,Conventional gasoline (93 octane),3.9,24,specification,Fungible only,Oxidation stability-minutes,D525,240,,,Oxidation stability-minutes D525 240,Positionally extracted; verify complex/overprinted tables
V,Conventional gasoline (93 octane),3.9,24,specification,Fungible only,"Phosphorous, gms/gal",D3231,,0.004,,"Phosphorous, gms/gal D3231 0.004",Positionally extracted; verify complex/overprinted tables
V,Conventional gasoline (93 octane),3.9,24,specification,Fungible only,Sulfur (ppmwt),D2622,,80,5,Sulfur (ppmwt) D2622 80 5,Positionally extracted; verify complex/overprinted tables
V,Conventional gasoline (93 octane),3.9,24,specification,Fungible only,,or equivalent,,,,or equivalent,Positionally extracted; verify complex/overprinted tables
V,Conventional gasoline (93 octane),3.9,24,specification,Fungible only,Nace Corrosion,TM0172,B+ (Origin),,,Nace Corrosion TM0172 B+ (Origin),Positionally extracted; verify complex/overprinted tables
V,Conventional gasoline (93 octane),3.9,24,specification,Fungible only,Volatility:,,,,,Volatility:,Positionally extracted; verify complex/overprinted tables
V,Conventional gasoline (93 octane),3.9,24,specification,Fungible only,Driveability Index,D4814,,See Chart,,Driveability Index D4814 See Chart,Positionally extracted; verify complex/overprinted tables
V,Conventional gasoline (93 octane),3.9,24,specification,Fungible only,"Distillation, oC (oF) @ %Evap.",D86,,,,"Distillation, oC (oF) @ %Evap. D86",Positionally extracted; verify complex/overprinted tables
V,Conventional gasoline (93 octane),3.9,24,specification,Fungible only,"Vapor/Liquid Ratio (V/L), oC (oF) @ 20",D5188,,,4,"Vapor/Liquid Ratio (V/L), oC (oF) @ 20 D5188 4",Positionally extracted; verify complex/overprinted tables
V,Conventional gasoline (93 octane),3.9,24,specification,Fungible only,Driveability 10 vol%,50 vol%,,90 vol% End Pt.,V/L,Driveability 10 vol% 50 vol% 90 vol% End Pt. V/L,Positionally extracted; verify complex/overprinted tables
V,Conventional gasoline (93 octane),3.9,24,specification,Fungible only,Grades Index Max,Min Max,,Max Max,Min,Grades Index Max Min Max Max Max Min,Positionally extracted; verify complex/overprinted tables
V,Conventional gasoline (93 octane),3.9,24,specification,Fungible only,V2 1250 70(158),77(170) 121(250),,190(374) 221(430),56(133),V2 1250 70(158) 77(170) 121(250) 190(374) 221(430) 56(133),Positionally extracted; verify complex/overprinted tables
V,Conventional gasoline (93 octane),3.9,24,specification,Fungible only,V3 1230 60(140),77(170) 116(240),,185(365) 221(430),51(124),V3 1230 60(140) 77(170) 116(240) 185(365) 221(430) 51(124),Positionally extracted; verify complex/overprinted tables
V,Conventional gasoline (93 octane),3.9,24,specification,Fungible only,V4 1220 55(131),77(170) 113(235),,185(365) 221(430),47(116),V4 1220 55(131) 77(170) 113(235) 185(365) 221(430) 47(116),Positionally extracted; verify complex/overprinted tables
V,Conventional gasoline (93 octane),3.9,24,specification,Fungible only,V5 1200 50(122),77(170) 110(230),,185(365) 221(430),41(105),V5 1200 50(122) 77(170) 110(230) 185(365) 221(430) 41(105),Positionally extracted; verify complex/overprinted tables
V,Conventional gasoline (93 octane),3.9,24,note,Fungible only,,,,,,1. Non-oxygenated is defined as having no more than 0.1 wt.% oxygen. The use of oxygenated,Source text
V,Conventional gasoline (93 octane),3.9,24,note,Fungible only,,,,,,and/or non-hydrocarbon blending components in these grades is prohibited.,Source text
V,Conventional gasoline (93 octane),3.9,24,note,Fungible only,,,,,,"2. For products blended to meet EPA [C]or state imposed summer VOC requirements, tests must be performed",Source text
V,Conventional gasoline (93 octane),3.9,24,note,Fungible only,,,,,,"in accordance with the procedures described in 40 CFR, [W] Part 80 1090 Subpart N.",Source text
V,Conventional gasoline (93 octane),3.9,24,note,Fungible only,,,,,,3. Mercaptan Sulfur waived if fuel is negative by Doctor test.,Source text
V,Conventional gasoline (93 octane),3.9,24,note,Fungible only,,,,,,4. Computer and Linear methods may be used to determine V/L value.,Source text
V,Conventional gasoline (93 octane),3.9,24,note,Fungible only,,,,,,"5. Refer to 40 CFR [W]Part 80.195 (d)(2) 1090 Subpart N. Alternative sulfur test methods, ASTM D 5453 and D",Source text
V,Conventional gasoline (93 octane),3.9,24,note,Fungible only,,,,,,"7039, may be used according to federal and state regulations.",Source text
V,Conventional gasoline (93 octane),3.9,24,note,Fungible only,,,,,,6. Bengal will accept test methods results that are listed in ASTM D4814 for all tests. Test methods listed in the,Source text
V,Conventional gasoline (93 octane),3.9,24,note,Fungible only,,,,,,table above are considered referee methods by Bengal Pipeline. Referee methods apply for any disputes.,Source text
V,Conventional gasoline (93 octane),3.9,24,note,Fungible only,,,,,,7. Use of these grades is controlled by the RVP calendar.,Source text
V,Conventional gasoline (93 octane),3.9,24,note,Fungible only,,,,,,8. Deliveries to Belton will be downgraded to A grade or D grade.,Source text
BU,Butane,3.10,25,context,All / see section,,,,,,3.10.1 Product Specification,Source text
BU,Butane,3.10,25,context,All / see section,,,,,,SPECIFICATION FOR SEGREGATED BUTANE BU,Source text
BU,Butane,3.10,25,context,All / see section,,,,,,This product is available to ship in segregated batches only.,Source text
BU,Butane,3.10,25,note,All / see section,,,,,,Only available for movement on the Baton Rouge Dock Lines.,Source text
48,Renewable diesel,3.11,26,context,All / see section,,,,,,SPECIFICATIONS FOR SEGREGATED R100 RENEWABLE DIESEL 100% Grade 48,Source text
48,Renewable diesel,3.11,26,context,All / see section,,,,,,3.11.1,Source text
48,Renewable diesel,3.11,26,context,All / see section,,,,,,This grade is for billing purposes only and is NOT AVAILABLE FOR SHIPMENT,Source text
48,Renewable diesel,3.11,26,context,All / see section,,,,,,Grade to be used to track renewable diesel injected in connection with renewable services provided by Colonial.,Source text
49,B100 biodiesel,3.12,27,context,All / see section,,,,,,SPECIFICATIONS FOR FUNGIBLE B99/B100 BIO-DIESEL Grade 49,Source text
49,B100 biodiesel,3.12,27,context,All / see section,,,,,,3.12.1,Source text
49,B100 biodiesel,3.12,27,context,All / see section,,,,,,EPA Designation:MVNRLM 15 PPM Sulfur,Source text
49,B100 biodiesel,3.12,27,context,All / see section,,,,,,Test Test Results,Source text
49,B100 biodiesel,3.12,27,context,All / see section,,,,,,PRODUCT PROPERTY Method Minimum Maximum,Source text
49,B100 biodiesel,3.12,27,context,All / see section,,,,,,API Gravity D1298 Report Report,Source text
49,B100 biodiesel,3.12,27,context,All / see section,,,,,,"Flash Point,oC (oF)",Source text
49,B100 biodiesel,3.12,27,context,All / see section,,,,,,Pensky-Martin D93 93 (199.4),Source text
49,B100 biodiesel,3.12,27,context,All / see section,,,,,,Distillation Temp °C @ 90% Rec. D1160,Source text
49,B100 biodiesel,3.12,27,context,All / see section,,,,,,90% 360,Source text
49,B100 biodiesel,3.12,27,context,All / see section,,,,,,Color Visual Undyed,Source text
49,B100 biodiesel,3.12,27,context,All / see section,,,,,,Appearance (HAZE) D4176 2,Source text
49,B100 biodiesel,3.12,27,context,All / see section,,,,,,"Viscosity, cSt @ 40oC (104oF) D445 1.9 6.0",Source text
49,B100 biodiesel,3.12,27,context,All / see section,,,,,,Cloud Point oC (oF) D2500,Source text
49,B100 biodiesel,3.12,27,context,All / see section,,,,,,Summer 10 (50),Source text
49,B100 biodiesel,3.12,27,context,All / see section,,,,,,Winter 2 (35.6),Source text
49,B100 biodiesel,3.12,27,context,All / see section,,,,,,"Corrosion, 3 hrs. @ 50oC (122oF) D130 1B",Source text
49,B100 biodiesel,3.12,27,context,All / see section,,,,,,"Total Sulfur, ppmwt D5453 11",Source text
49,B100 biodiesel,3.12,27,context,All / see section,,,,,,Cetane Number D613 47,Source text
49,B100 biodiesel,3.12,27,context,All / see section,,,,,,"Sulfated Ash, wt.% D874 0.02",Source text
49,B100 biodiesel,3.12,27,context,All / see section,,,,,,"Oxidation stability, (hours) EN14112",Source text
49,B100 biodiesel,3.12,27,context,All / see section,,,,,,3,Source text
49,B100 biodiesel,3.12,27,context,All / see section,,,,,,Methanol Content,Source text
49,B100 biodiesel,3.12,27,context,All / see section,,,,,,Methanol by Flash Point oC (oF) D93 130 (266),Source text
49,B100 biodiesel,3.12,27,context,All / see section,,,,,,Or,Source text
49,B100 biodiesel,3.12,27,context,All / see section,,,,,,Methanol (mass %) EN14110 0.2,Source text
49,B100 biodiesel,3.12,27,context,All / see section,,,,,,Carbon Residue: (% by mass) D4530 0.050,Source text
49,B100 biodiesel,3.12,27,context,All / see section,,,,,,"BS&W, vol.% D2709 0.050",Source text
49,B100 biodiesel,3.12,27,context,All / see section,,,,,,Group I Sodium & Potassium EN14538,Source text
49,B100 biodiesel,3.12,27,context,All / see section,,,,,,Combined (ppm) 5,Source text
49,B100 biodiesel,3.12,27,context,All / see section,,,,,,Group II Calcium & Magnesium EN14538,Source text
49,B100 biodiesel,3.12,27,context,All / see section,,,,,,Combined (ppm) 5,Source text
49,B100 biodiesel,3.12,27,context,All / see section,,,,,,Phosphorous (ppm) D4951 10,Source text
49,B100 biodiesel,3.12,27,context,All / see section,,,,,,Nace Corrosion TM0172 B+,Source text
49,B100 biodiesel,3.12,28,context,All / see section,,,,,,SPECIFICATIONS FOR FUNGIBLE B99/B100 BIO-DIESEL Grade 49,Source text
49,B100 biodiesel,3.12,28,context,All / see section,,,,,,3.12.2,Source text
49,B100 biodiesel,3.12,28,context,All / see section,,,,,,EPA Designation:MVNRLM 15 PPM Sulfur,Source text
49,B100 biodiesel,3.12,28,context,All / see section,,,,,,Test Test Results,Source text
49,B100 biodiesel,3.12,28,context,All / see section,,,,,,PRODUCT PROPERTY Method Minimum Maximum Note,Source text
49,B100 biodiesel,3.12,28,context,All / see section,,,,,,Acid Number (mg KOH/g) D664 0.50,Source text
49,B100 biodiesel,3.12,28,context,All / see section,,,,,,Cold Soak Filterability (seconds) D7501,Source text
49,B100 biodiesel,3.12,28,context,All / see section,,,,,,Summer 360,Source text
49,B100 biodiesel,3.12,28,context,All / see section,,,,,,Winter 200,Source text
49,B100 biodiesel,3.12,28,context,All / see section,,,,,,Free Glycerin (mass%) D6584 0.020,Source text
49,B100 biodiesel,3.12,28,context,All / see section,,,,,,0.24,Source text
49,B100 biodiesel,3.12,28,context,All / see section,,,,,,Total Glycerin (mass%) D6584,Source text
49,B100 biodiesel,3.12,28,context,All / see section,,,,,,Monoglycerides (mass%) D6584 0.40,Source text
49,B100 biodiesel,3.12,28,context,All / see section,,,,,,Summer Report,Source text
49,B100 biodiesel,3.12,28,context,All / see section,,,,,,Winter 0.40,Source text
49,B100 biodiesel,3.12,28,context,All / see section,,,,,,Antioxidants (ppm) 3,Source text
49,B100 biodiesel,3.12,28,note,All / see section,,,,,,"1. Visually free of undissolved water, sediment and suspended water",Source text
49,B100 biodiesel,3.12,28,note,All / see section,,,,,,2. This schedule denotes the fluidity of the distillate at the time and place of origin.,Source text
49,B100 biodiesel,3.12,28,note,All / see section,,,,,,Cloud Point – October 1st through April 30th Maximum: 2oC (35.6oF),Source text
49,B100 biodiesel,3.12,28,note,All / see section,,,,,,Cloud Point – May 1st through September 31st Maximum: 10oC (50oF),Source text
49,B100 biodiesel,3.12,28,note,All / see section,,,,,,3. Antioxidants must be reported with name and concentration,Source text
49,B100 biodiesel,3.12,28,note,All / see section,,,,,,"4. Must meet ASTM D6751, Table 1",Source text
49,B100 biodiesel,3.12,28,note,All / see section,,,,,,5. Supplier must be BQ 9000 accredited,Source text
49,B100 biodiesel,3.12,28,note,All / see section,,,,,,6. This grade is not available for shipping; it is intended for blending purposes only.,Source text
51,15 ppm sulfur kerosene,3.13,29,context,All / see section,,,,,,3.13.1 SPECIFICATIONS FOR FUNGIBLE 15 ppm SULFUR KEROSENE GRADE 51,Source text
51,15 ppm sulfur kerosene,3.13,29,context,All / see section,,,,,,"EPA Designation: MVNRLM, Motor vehicle diesel fuel 15 ppm sulfur",Source text
51,15 ppm sulfur kerosene,3.13,29,context,All / see section,,,,,,ASTM Test Test Results,Source text
51,15 ppm sulfur kerosene,3.13,29,specification,All / see section,General Properties,,,,,General Properties,Positionally extracted; verify complex/overprinted tables
51,15 ppm sulfur kerosene,3.13,29,specification,All / see section,Color: Origin,D6045,21,,,Color: Origin D6045 21,Positionally extracted; verify complex/overprinted tables
51,15 ppm sulfur kerosene,3.13,29,specification,All / see section,Color: Delivery,D6045,18,,,Color: Delivery D6045 18,Positionally extracted; verify complex/overprinted tables
51,15 ppm sulfur kerosene,3.13,29,specification,All / see section,Gravity,D4052,37,51,,Gravity D4052 37 51,Positionally extracted; verify complex/overprinted tables
51,15 ppm sulfur kerosene,3.13,29,specification,All / see section,Net Heat of combustion,D3338,,,,Net Heat of combustion D3338,Positionally extracted; verify complex/overprinted tables
51,15 ppm sulfur kerosene,3.13,29,specification,All / see section,BTU/Pound,,"18,400",,,"BTU/Pound 18,400",Positionally extracted; verify complex/overprinted tables
51,15 ppm sulfur kerosene,3.13,29,specification,All / see section,Corrosion 2 hrs. @ 212oF (100oC),D130,,1,,Corrosion 2 hrs. @ 212oF (100oC) D130 1,Positionally extracted; verify complex/overprinted tables
51,15 ppm sulfur kerosene,3.13,29,specification,All / see section,Cetane Index,D613,40,,6,Cetane Index D613 40 6,Positionally extracted; verify complex/overprinted tables
51,15 ppm sulfur kerosene,3.13,29,specification,All / see section,MSEP: Origin,D3948,85,,,MSEP: Origin D3948 85,Positionally extracted; verify complex/overprinted tables
51,15 ppm sulfur kerosene,3.13,29,specification,All / see section,MSEP: Delivery,D7224,75,,,MSEP: Delivery D7224 75,Positionally extracted; verify complex/overprinted tables
51,15 ppm sulfur kerosene,3.13,29,specification,All / see section,Electrical,,,,,Electrical,Positionally extracted; verify complex/overprinted tables
51,15 ppm sulfur kerosene,3.13,29,specification,All / see section,"Conductivity, pS/m @ 21°C(70°F)",D2624,,Report,,"Conductivity, pS/m @ 21°C(70°F) D2624 Report",Positionally extracted; verify complex/overprinted tables
51,15 ppm sulfur kerosene,3.13,29,specification,All / see section,"Ash, wt.%",D482,,0.01,,"Ash, wt.% D482 0.01",Positionally extracted; verify complex/overprinted tables
51,15 ppm sulfur kerosene,3.13,29,specification,All / see section,Determination of,"MIL-T-5624P,",,,,"Determination of MIL-T-5624P,",Positionally extracted; verify complex/overprinted tables
51,15 ppm sulfur kerosene,3.13,29,specification,All / see section,,D5452,,,,D5452,Positionally extracted; verify complex/overprinted tables
51,15 ppm sulfur kerosene,3.13,29,specification,All / see section,Filtration Time or Volume,,,Report,3,Filtration Time or Volume Report 3,Positionally extracted; verify complex/overprinted tables
51,15 ppm sulfur kerosene,3.13,29,specification,All / see section,Total Solids or Particulate,,,Report,,Total Solids or Particulate Report,Positionally extracted; verify complex/overprinted tables
51,15 ppm sulfur kerosene,3.13,29,specification,All / see section,Low Temperature Properties,,,,7,Low Temperature Properties 7,Positionally extracted; verify complex/overprinted tables
51,15 ppm sulfur kerosene,3.13,29,specification,All / see section,"Freezing Point,oC",D2386,,-40,,"Freezing Point,oC D2386 -40",Positionally extracted; verify complex/overprinted tables
51,15 ppm sulfur kerosene,3.13,29,specification,All / see section,"Viscosity, cSt @ 104oF (40oC)",D445,1.3,1.9,,"Viscosity, cSt @ 104oF (40oC) D445 1.3 1.9",Positionally extracted; verify complex/overprinted tables
51,15 ppm sulfur kerosene,3.13,29,specification,All / see section,"Viscosity, cSt @ -4oF (-20oC)",D445,,8.0,,"Viscosity, cSt @ -4oF (-20oC) D445 8.0",Positionally extracted; verify complex/overprinted tables
51,15 ppm sulfur kerosene,3.13,29,specification,All / see section,Volatility,,,,,Volatility,Positionally extracted; verify complex/overprinted tables
51,15 ppm sulfur kerosene,3.13,29,specification,All / see section,"Flash Point, oF",D56,123,,,"Flash Point, oF D56 123",Positionally extracted; verify complex/overprinted tables
51,15 ppm sulfur kerosene,3.13,29,specification,All / see section,"Distillation, °C(oF)",D86,,,7,"Distillation, °C(oF) D86 7",Positionally extracted; verify complex/overprinted tables
51,15 ppm sulfur kerosene,3.13,29,specification,All / see section,10% recovered,,,205(400),,10% recovered 205(400),Positionally extracted; verify complex/overprinted tables
51,15 ppm sulfur kerosene,3.13,29,specification,All / see section,50% recovered,,Report,,,50% recovered Report,Positionally extracted; verify complex/overprinted tables
51,15 ppm sulfur kerosene,3.13,29,specification,All / see section,90% recovered,,,288(550),,90% recovered 288(550),Positionally extracted; verify complex/overprinted tables
51,15 ppm sulfur kerosene,3.13,29,specification,All / see section,End Point,,,300(572),,End Point 300(572),Positionally extracted; verify complex/overprinted tables
51,15 ppm sulfur kerosene,3.13,29,specification,All / see section,"Residue, %",,,1.5,,"Residue, % 1.5",Positionally extracted; verify complex/overprinted tables
51,15 ppm sulfur kerosene,3.13,29,specification,All / see section,"Loss, %",,,1.5,,"Loss, % 1.5",Positionally extracted; verify complex/overprinted tables
51,15 ppm sulfur kerosene,3.13,29,specification,All / see section,"or Simulated Distillation, °C(oF)",D2887,,,7,"or Simulated Distillation, °C(oF) D2887 7",Positionally extracted; verify complex/overprinted tables
51,15 ppm sulfur kerosene,3.13,29,specification,All / see section,10% recovered,,,185(365),,10% recovered 185(365),Positionally extracted; verify complex/overprinted tables
51,15 ppm sulfur kerosene,3.13,29,specification,All / see section,50% recovered,,Report,,,50% recovered Report,Positionally extracted; verify complex/overprinted tables
51,15 ppm sulfur kerosene,3.13,29,specification,All / see section,90% recovered,,,304(579),,90% recovered 304(579),Positionally extracted; verify complex/overprinted tables
51,15 ppm sulfur kerosene,3.13,29,specification,All / see section,End Point,,,340(644),,End Point 340(644),Positionally extracted; verify complex/overprinted tables
51,15 ppm sulfur kerosene,3.13,29,specification,All / see section,Stability,,,,,Stability,Positionally extracted; verify complex/overprinted tables
51,15 ppm sulfur kerosene,3.13,29,specification,All / see section,"Existent Gum, mg/100 ml","D381,IP540",,7.0,,"Existent Gum, mg/100 ml D381,IP540 7.0",Positionally extracted; verify complex/overprinted tables
51,15 ppm sulfur kerosene,3.13,29,specification,All / see section,Thermal Stability @ 275oC,D3241,,Origin,,Thermal Stability @ 275oC D3241 Origin,Positionally extracted; verify complex/overprinted tables
51,15 ppm sulfur kerosene,3.13,29,specification,All / see section,Pres. drop in mm/Hg,,,25,,Pres. drop in mm/Hg 25,Positionally extracted; verify complex/overprinted tables
51,15 ppm sulfur kerosene,3.13,29,specification,All / see section,Tube deposit less than code,,,Code 3,,Tube deposit less than code Code 3,Positionally extracted; verify complex/overprinted tables
51,15 ppm sulfur kerosene,3.13,29,specification,All / see section,,No Peacock,or Abnormal,Color Deposits,,No Peacock or Abnormal Color Deposits,Positionally extracted; verify complex/overprinted tables
51,15 ppm sulfur kerosene,3.13,30,context,All / see section,,,,,,3.13.2 SPECIFICATIONS FOR FUNGIBLE 15 ppm SULFUR KEROSENE GRADE 51,Source text
51,15 ppm sulfur kerosene,3.13,30,context,All / see section,,,,,,ASTM Test Test Results,Source text
51,15 ppm sulfur kerosene,3.13,30,specification,All / see section,Stability (continued),,,,,Stability (continued),Positionally extracted; verify complex/overprinted tables
51,15 ppm sulfur kerosene,3.13,30,specification,All / see section,Thermal Stability @ 260oC D3241,,,Delivery,,Thermal Stability @ 260oC D3241 Delivery,Positionally extracted; verify complex/overprinted tables
51,15 ppm sulfur kerosene,3.13,30,specification,All / see section,Pres. drop in mm/Hg,,25,,,Pres. drop in mm/Hg 25,Positionally extracted; verify complex/overprinted tables
51,15 ppm sulfur kerosene,3.13,30,specification,All / see section,Tube deposit less than code,,Code,3,,Tube deposit less than code Code 3,Positionally extracted; verify complex/overprinted tables
51,15 ppm sulfur kerosene,3.13,30,specification,All / see section,,No Peacock or Abnormal,Color,Deposits,,No Peacock or Abnormal Color Deposits,Positionally extracted; verify complex/overprinted tables
51,15 ppm sulfur kerosene,3.13,30,specification,All / see section,Thermal Stability ASTM D 3241,,,,,Thermal Stability ASTM D 3241,Positionally extracted; verify complex/overprinted tables
51,15 ppm sulfur kerosene,3.13,30,specification,All / see section,Tube rating: one of the following requirement,shall be met,,,,Tube rating: one of the following requirement shall be met,Positionally extracted; verify complex/overprinted tables
51,15 ppm sulfur kerosene,3.13,30,specification,All / see section,"(1) Annex A1 VTR, VTR color code",Less than,,3,,"(1) Annex A1 VTR, VTR color code Less than 3",Positionally extracted; verify complex/overprinted tables
51,15 ppm sulfur kerosene,3.13,30,specification,All / see section,,,No Peacock,or abnormal color deposits,,No Peacock or abnormal color deposits,Positionally extracted; verify complex/overprinted tables
51,15 ppm sulfur kerosene,3.13,30,specification,All / see section,(2) Annex A2 ITR or Annex 3 ETR,Max,,85,,(2) Annex A2 ITR or Annex 3 ETR Max 85,Positionally extracted; verify complex/overprinted tables
51,15 ppm sulfur kerosene,3.13,30,specification,All / see section,nm average over area of 2.5 mm²,,,,,nm average over area of 2.5 mm²,Positionally extracted; verify complex/overprinted tables
51,15 ppm sulfur kerosene,3.13,30,specification,All / see section,Refer ASTM D1655 note M for,referee method,,,,Refer ASTM D1655 note M for referee method,Positionally extracted; verify complex/overprinted tables
51,15 ppm sulfur kerosene,3.13,30,specification,All / see section,Carbon Residue: Ramsbottom D524,,,,,Carbon Residue: Ramsbottom D524,Positionally extracted; verify complex/overprinted tables
51,15 ppm sulfur kerosene,3.13,30,specification,All / see section,on 10% bottom,,0.15,,,on 10% bottom 0.15,Positionally extracted; verify complex/overprinted tables
51,15 ppm sulfur kerosene,3.13,30,specification,All / see section,Composition Properties,,,,,Composition Properties,Positionally extracted; verify complex/overprinted tables
51,15 ppm sulfur kerosene,3.13,30,specification,All / see section,"Total Sulfur, ppmwt D5453",,,4,,"Total Sulfur, ppmwt D5453 4",Positionally extracted; verify complex/overprinted tables
51,15 ppm sulfur kerosene,3.13,30,specification,All / see section,,,11,Origin,,11 Origin,Positionally extracted; verify complex/overprinted tables
51,15 ppm sulfur kerosene,3.13,30,specification,All / see section,,,14,Delivery,,14 Delivery,Positionally extracted; verify complex/overprinted tables
51,15 ppm sulfur kerosene,3.13,30,specification,All / see section,"Aromatics, vol.% D1319",,25,,,"Aromatics, vol.% D1319 25",Positionally extracted; verify complex/overprinted tables
51,15 ppm sulfur kerosene,3.13,30,specification,All / see section,D6379,,26.5,,,D6379 26.5,Positionally extracted; verify complex/overprinted tables
51,15 ppm sulfur kerosene,3.13,30,specification,All / see section,"Mercaptan Sulfur, wt.% D3227",,0.003,5,,"Mercaptan Sulfur, wt.% D3227 0.003 5",Positionally extracted; verify complex/overprinted tables
51,15 ppm sulfur kerosene,3.13,30,specification,All / see section,OR,,,,,OR,Positionally extracted; verify complex/overprinted tables
51,15 ppm sulfur kerosene,3.13,30,specification,All / see section,Doctor test D4952,,Negative,(sweet),,Doctor test D4952 Negative (sweet),Positionally extracted; verify complex/overprinted tables
51,15 ppm sulfur kerosene,3.13,30,specification,All / see section,"Acidity total max, mg KOH/g D3242",,0.1,,,"Acidity total max, mg KOH/g D3242 0.1",Positionally extracted; verify complex/overprinted tables
51,15 ppm sulfur kerosene,3.13,30,specification,All / see section,Combustion Properties,,,,,Combustion Properties,Positionally extracted; verify complex/overprinted tables
51,15 ppm sulfur kerosene,3.13,30,specification,All / see section,"Smoke point, mm D1322",25,,,,"Smoke point, mm D1322 25",Positionally extracted; verify complex/overprinted tables
51,15 ppm sulfur kerosene,3.13,30,specification,All / see section,OR,,,,,OR,Positionally extracted; verify complex/overprinted tables
51,15 ppm sulfur kerosene,3.13,30,specification,All / see section,"Smoke point, mm and D1322",18,,,,"Smoke point, mm and D1322 18",Positionally extracted; verify complex/overprinted tables
51,15 ppm sulfur kerosene,3.13,30,specification,All / see section,"Naphthalenes, vol.% D1840",,3.0,,,"Naphthalenes, vol.% D1840 3.0",Positionally extracted; verify complex/overprinted tables
51,15 ppm sulfur kerosene,3.13,30,specification,All / see section,Burning Quality D187,Report,,8,,Burning Quality D187 Report 8,Positionally extracted; verify complex/overprinted tables
51,15 ppm sulfur kerosene,3.13,30,note,All / see section,,,,,,1. Product shall be clear and bright and free of suspended matter.,Source text
51,15 ppm sulfur kerosene,3.13,30,note,All / see section,,,,,,2. Additive requirements/restrictions - refer to section 3.2.,Source text
51,15 ppm sulfur kerosene,3.13,30,note,All / see section,,,,,,"3. At this time, the test limits described in MIL-T-5624P, Appendix A, parts 70.a(1) and 70.b will not be",Source text
51,15 ppm sulfur kerosene,3.13,30,note,All / see section,,,,,,imposed.,Source text
51,15 ppm sulfur kerosene,3.13,30,note,All / see section,,,,,,4. Origin laboratory certifying sulfur content can qualify the test method used per EPA performance based,Source text
51,15 ppm sulfur kerosene,3.13,30,note,All / see section,,,,,,testing criteria (see CFR [W] 80.584 1090 Subpart D).,Source text
51,15 ppm sulfur kerosene,3.13,30,note,All / see section,,,,,,5. Mercaptan Sulfur waived if fuel is negative by Doctor test.,Source text
51,15 ppm sulfur kerosene,3.13,30,note,All / see section,,,,,,"6. Where cetane number by test method D613 is not available, test method D4737A can be",Source text
51,15 ppm sulfur kerosene,3.13,30,note,All / see section,,,,,,used as an approximation.,Source text
51,15 ppm sulfur kerosene,3.13,30,note,All / see section,,,,,,7. Either physical or simulated distillation can be used.,Source text
51,15 ppm sulfur kerosene,3.13,30,note,All / see section,,,,,,8.Typical results pass according to Paragraph 4.2 of ASTM D3699 Standard Specifications for kerosine.,Source text
51,15 ppm sulfur kerosene,3.13,30,note,All / see section,,,,,,"9. On Lines # 17, 22, 24, and Greensboro local deliveries may contain trace amounts of Bio-Diesel and can't be used",Source text
51,15 ppm sulfur kerosene,3.13,30,note,All / see section,,,,,,for aviation kerosene.,Source text
51,15 ppm sulfur kerosene,3.13,30,note,All / see section,,,,,,10. Colonial will accept test methods results that are listed in ASTM D1655 and ASTM D975 for all tests. Test methods listed in,Source text
51,15 ppm sulfur kerosene,3.13,30,note,All / see section,,,,,,the table above are considered referee methods by Colonial Pipeline. Referee methods apply for any dispute.,Source text
51,15 ppm sulfur kerosene,3.13,30,note,All / see section,,,,,,11. Not available for delivery to Spartanburg or Explorer.,Source text
52,Military JP-5,3.14,31,context,All / see section,,,,,,3.14 SPECIFICATIONS FOR FUNGIBLE MILITARY JP-5,Source text
52,Military JP-5,3.14,31,context,All / see section,,,,,,EPA Designation: Exempt distillate covered by national security exemption under 80.606,Source text
52,Military JP-5,3.14,31,context,All / see section,,,,,,Shipments of grade 52 must meet the latest military specification for JP-5.,Source text
52,Military JP-5,3.14,31,note,All / see section,,,,,,"1. Not available for delivery to Spartanburg, Explorer, Greensboro local lines or lines #17,",Source text
52,Military JP-5,3.14,31,note,All / see section,,,,,,and 24. Line 22 deliveries may contain up to 50 ppm of biodiesel.,Source text
53,Aviation kerosene (segregated),3.15,32,context,All / see section,,,,,,3.15 SPECIFICATIONS FOR SEGREGATED KEROSENE GRADE 53,Source text
53,Aviation kerosene (segregated),3.15,32,context,All / see section,,,,,,EPA Designation: Kerosene,Source text
53,Aviation kerosene (segregated),3.15,32,context,All / see section,,,,,,ASTM Test Test Results,Source text
53,Aviation kerosene (segregated),3.15,32,specification,All / see section,Gravity,D4052,37,51,,Gravity D4052 37 51,Positionally extracted; verify complex/overprinted tables
53,Aviation kerosene (segregated),3.15,32,specification,All / see section,"Flash Point, oF",D56,100,,,"Flash Point, oF D56 100",Positionally extracted; verify complex/overprinted tables
53,Aviation kerosene (segregated),3.15,32,specification,All / see section,"Sulfur, ppmwt",D4294,,3000,3,"Sulfur, ppmwt D4294 3000 3",Positionally extracted; verify complex/overprinted tables
53,Aviation kerosene (segregated),3.15,32,specification,All / see section,Electrical,,,,,Electrical,Positionally extracted; verify complex/overprinted tables
53,Aviation kerosene (segregated),3.15,32,specification,All / see section,"Conductivity, pS/m @ 21°C(70°F)",D2624,,Report,,"Conductivity, pS/m @ 21°C(70°F) D2624 Report",Positionally extracted; verify complex/overprinted tables
53,Aviation kerosene (segregated),3.15,32,specification,All / see section,In order to allow for the proper placement,of the batch in,"our sequence,",when nominating the,"batch,","In order to allow for the proper placement of the batch in our sequence, when nominating the batch,",Positionally extracted; verify complex/overprinted tables
53,Aviation kerosene (segregated),3.15,32,specification,All / see section,the shipper must supply to the best,of his knowledge any,product property,that does not meet,,the shipper must supply to the best of his knowledge any product property that does not meet,Positionally extracted; verify complex/overprinted tables
53,Aviation kerosene (segregated),3.15,32,specification,All / see section,our fungible specifications for 54,grade.,,,,our fungible specifications for 54 grade.,Positionally extracted; verify complex/overprinted tables
53,Aviation kerosene (segregated),3.15,32,note,All / see section,,,,,,1. Product shall be clear and bright and free of suspended matter.,Source text
53,Aviation kerosene (segregated),3.15,32,note,All / see section,,,,,,2. The pre-shipment documentation with the actual results must be received before shipment.,Source text
53,Aviation kerosene (segregated),3.15,32,note,All / see section,,,,,,3. Origin laboratory certifying sulfur content can qualify the test method used per EPA performance based,Source text
53,Aviation kerosene (segregated),3.15,32,note,All / see section,,,,,,testing criteria (See [W] 80.584 1090 Subpart D).,Source text
53,Aviation kerosene (segregated),3.15,32,note,All / see section,,,,,,4. Additive requirements/restrictions - refer to section 3.2.,Source text
53,Aviation kerosene (segregated),3.15,32,note,All / see section,,,,,,5. Colonial will accept test methods results that are listed in ASTM D1655 for all tests. Test methods listed in,Source text
53,Aviation kerosene (segregated),3.15,32,note,All / see section,,,,,,the table above are considered referee methods by Colonial Pipeline. Referee methods apply for any dispute.,Source text
53,Aviation kerosene (segregated),3.15,32,note,All / see section,,,,,,6. Not available for delivery to Spartanburg or Explorer.,Source text
53,Aviation kerosene (segregated),3.15,32,note,All / see section,,,,,,"7. Lines # 17, 22, 24, and Greensboro local deliveries may contain trace amounts of Bio-Diesel",Source text
53,Aviation kerosene (segregated),3.15,32,note,All / see section,,,,,,and can't be used for aviation kerosene.,Source text
54,Aviation kerosene,3.16,33,context,All / see section,,,,,,3.16.1 SPECIFICATIONS FOR FUNGIBLE AVIATION KEROSENE GRADE 54,Source text
54,Aviation kerosene,3.16,33,context,All / see section,,,,,,EPA Designation: Jet Fuel,Source text
54,Aviation kerosene,3.16,33,context,All / see section,,,,,,ASTM Test Test Results,Source text
54,Aviation kerosene,3.16,33,specification,All / see section,General Properties,,,,,General Properties,Positionally extracted; verify complex/overprinted tables
54,Aviation kerosene,3.16,33,specification,All / see section,Gravity,D4052,37,51,,Gravity D4052 37 51,Positionally extracted; verify complex/overprinted tables
54,Aviation kerosene,3.16,33,specification,All / see section,Net Heat of combustion,,,,,Net Heat of combustion,Positionally extracted; verify complex/overprinted tables
54,Aviation kerosene,3.16,33,specification,All / see section,BTU/Pound,D3338,"18,400",,,"BTU/Pound D3338 18,400",Positionally extracted; verify complex/overprinted tables
54,Aviation kerosene,3.16,33,specification,All / see section,Corrosion 2 hrs. @ 212oF (100oC),D130,,1,,Corrosion 2 hrs. @ 212oF (100oC) D130 1,Positionally extracted; verify complex/overprinted tables
54,Aviation kerosene,3.16,33,specification,All / see section,MSEP: Origin,D3948,85,,,MSEP: Origin D3948 85,Positionally extracted; verify complex/overprinted tables
54,Aviation kerosene,3.16,33,specification,All / see section,MSEP: Delivery,D7224,75,,8,MSEP: Delivery D7224 75 8,Positionally extracted; verify complex/overprinted tables
54,Aviation kerosene,3.16,33,specification,All / see section,Electrical,,,,,Electrical,Positionally extracted; verify complex/overprinted tables
54,Aviation kerosene,3.16,33,specification,All / see section,"Conductivity, pS/m @ 21°C(70°F)",D2624,,Report,,"Conductivity, pS/m @ 21°C(70°F) D2624 Report",Positionally extracted; verify complex/overprinted tables
54,Aviation kerosene,3.16,33,specification,All / see section,Determination of,"MIL-T-5624P,",,,,"Determination of MIL-T-5624P,",Positionally extracted; verify complex/overprinted tables
54,Aviation kerosene,3.16,33,specification,All / see section,,D5452,,,,D5452,Positionally extracted; verify complex/overprinted tables
54,Aviation kerosene,3.16,33,specification,All / see section,Filtration Time or Volume,,,Report,3,Filtration Time or Volume Report 3,Positionally extracted; verify complex/overprinted tables
54,Aviation kerosene,3.16,33,specification,All / see section,Total Solids or Particulate,,,Report,,Total Solids or Particulate Report,Positionally extracted; verify complex/overprinted tables
54,Aviation kerosene,3.16,33,specification,All / see section,Low Temperature Properties,,,,,Low Temperature Properties,Positionally extracted; verify complex/overprinted tables
54,Aviation kerosene,3.16,33,specification,All / see section,"Freezing Point,oC",D2386,,-40,,"Freezing Point,oC D2386 -40",Positionally extracted; verify complex/overprinted tables
54,Aviation kerosene,3.16,33,specification,All / see section,"Viscosity, cSt @ -4oF (-20oC)",D445,,8.0,,"Viscosity, cSt @ -4oF (-20oC) D445 8.0",Positionally extracted; verify complex/overprinted tables
54,Aviation kerosene,3.16,33,specification,All / see section,Volatility,,,,,Volatility,Positionally extracted; verify complex/overprinted tables
54,Aviation kerosene,3.16,33,specification,All / see section,"Flash Point, oF",D56,105,,,"Flash Point, oF D56 105",Positionally extracted; verify complex/overprinted tables
54,Aviation kerosene,3.16,33,specification,All / see section,"Physical Distillation, °C(oF)",D86,,,6,"Physical Distillation, °C(oF) D86 6",Positionally extracted; verify complex/overprinted tables
54,Aviation kerosene,3.16,33,specification,All / see section,10% recovered,,,205(400),,10% recovered 205(400),Positionally extracted; verify complex/overprinted tables
54,Aviation kerosene,3.16,33,specification,All / see section,50% recovered,,Report,,,50% recovered Report,Positionally extracted; verify complex/overprinted tables
54,Aviation kerosene,3.16,33,specification,All / see section,90% recovered,,Report,,,90% recovered Report,Positionally extracted; verify complex/overprinted tables
54,Aviation kerosene,3.16,33,specification,All / see section,End Point,,,300(572),,End Point 300(572),Positionally extracted; verify complex/overprinted tables
54,Aviation kerosene,3.16,33,specification,All / see section,"Residue, %",,,1.5,,"Residue, % 1.5",Positionally extracted; verify complex/overprinted tables
54,Aviation kerosene,3.16,33,specification,All / see section,"Loss, %",,,1.5,,"Loss, % 1.5",Positionally extracted; verify complex/overprinted tables
54,Aviation kerosene,3.16,33,specification,All / see section,"or Simulated Distillation, °C(oF)",D2887,,,6,"or Simulated Distillation, °C(oF) D2887 6",Positionally extracted; verify complex/overprinted tables
54,Aviation kerosene,3.16,33,specification,All / see section,10% recovered,,,185(365),,10% recovered 185(365),Positionally extracted; verify complex/overprinted tables
54,Aviation kerosene,3.16,33,specification,All / see section,50% recovered,,Report,,,50% recovered Report,Positionally extracted; verify complex/overprinted tables
54,Aviation kerosene,3.16,33,specification,All / see section,90% recovered,,Report,,,90% recovered Report,Positionally extracted; verify complex/overprinted tables
54,Aviation kerosene,3.16,33,specification,All / see section,End Point,,,340(644),,End Point 340(644),Positionally extracted; verify complex/overprinted tables
54,Aviation kerosene,3.16,33,specification,All / see section,Stability,,,,,Stability,Positionally extracted; verify complex/overprinted tables
54,Aviation kerosene,3.16,33,specification,All / see section,"Existent Gum, mg/100 ml","D381, IP540",,7.0,,"Existent Gum, mg/100 ml D381, IP540 7.0",Positionally extracted; verify complex/overprinted tables
54,Aviation kerosene,3.16,33,specification,All / see section,Thermal Stability @ 275oC,D3241,,Origin,,Thermal Stability @ 275oC D3241 Origin,Positionally extracted; verify complex/overprinted tables
54,Aviation kerosene,3.16,33,specification,All / see section,Pres. drop in mm/Hg,,,25,,Pres. drop in mm/Hg 25,Positionally extracted; verify complex/overprinted tables
54,Aviation kerosene,3.16,33,specification,All / see section,Tube deposit less than,code,,Code 3,,Tube deposit less than code Code 3,Positionally extracted; verify complex/overprinted tables
54,Aviation kerosene,3.16,33,specification,All / see section,,No Peacock,or Abnormal,Color Deposits,,No Peacock or Abnormal Color Deposits,Positionally extracted; verify complex/overprinted tables
54,Aviation kerosene,3.16,34,context,All / see section,,,,,,3.16.2 SPECIFICATIONS FOR FUNGIBLE AVIATION KEROSENE GRADE 54,Source text
54,Aviation kerosene,3.16,34,context,All / see section,,,,,,ASTM Test Test Results,Source text
54,Aviation kerosene,3.16,34,specification,All / see section,Stability,,,,,Stability,Positionally extracted; verify complex/overprinted tables
54,Aviation kerosene,3.16,34,specification,All / see section,Thermal Stability @ 260oC,D3241,,Delivery,,Thermal Stability @ 260oC D3241 Delivery,Positionally extracted; verify complex/overprinted tables
54,Aviation kerosene,3.16,34,specification,All / see section,Pres. drop in mm/Hg,,25,,,Pres. drop in mm/Hg 25,Positionally extracted; verify complex/overprinted tables
54,Aviation kerosene,3.16,34,specification,All / see section,Tube deposit less than code,,Code,3,,Tube deposit less than code Code 3,Positionally extracted; verify complex/overprinted tables
54,Aviation kerosene,3.16,34,specification,All / see section,,No Peacock,or Abnormal,Color Deposits,,No Peacock or Abnormal Color Deposits,Positionally extracted; verify complex/overprinted tables
54,Aviation kerosene,3.16,34,specification,All / see section,Thermal Stability ASTM D 3241,,,,,Thermal Stability ASTM D 3241,Positionally extracted; verify complex/overprinted tables
54,Aviation kerosene,3.16,34,specification,All / see section,Tube rating: one of the following,requirement shall be,met,,,Tube rating: one of the following requirement shall be met,Positionally extracted; verify complex/overprinted tables
54,Aviation kerosene,3.16,34,specification,All / see section,"(1) Annex A1 VTR, VTR color",code Less,than,3,,"(1) Annex A1 VTR, VTR color code Less than 3",Positionally extracted; verify complex/overprinted tables
54,Aviation kerosene,3.16,34,specification,All / see section,,,No Peacock,or abnormal color,deposits,No Peacock or abnormal color deposits,Positionally extracted; verify complex/overprinted tables
54,Aviation kerosene,3.16,34,specification,All / see section,(2) Annex A2 ITR or Annex 3 ETR,Max,,85,,(2) Annex A2 ITR or Annex 3 ETR Max 85,Positionally extracted; verify complex/overprinted tables
54,Aviation kerosene,3.16,34,specification,All / see section,nm average over ares of 2.5,mm2,,,,nm average over ares of 2.5 mm2,Positionally extracted; verify complex/overprinted tables
54,Aviation kerosene,3.16,34,specification,All / see section,Refer ASTM D1655 note,M for referee method,,,,Refer ASTM D1655 note M for referee method,Positionally extracted; verify complex/overprinted tables
54,Aviation kerosene,3.16,34,specification,All / see section,Composition Properties,,,,,Composition Properties,Positionally extracted; verify complex/overprinted tables
54,Aviation kerosene,3.16,34,specification,All / see section,"Sulfur, ppmwt",D4294,3000,5,,"Sulfur, ppmwt D4294 3000 5",Positionally extracted; verify complex/overprinted tables
54,Aviation kerosene,3.16,34,specification,All / see section,"Mercaptan Sulfur, wt.%",D3227,0.003,4,,"Mercaptan Sulfur, wt.% D3227 0.003 4",Positionally extracted; verify complex/overprinted tables
54,Aviation kerosene,3.16,34,specification,All / see section,OR,,,,,OR,Positionally extracted; verify complex/overprinted tables
54,Aviation kerosene,3.16,34,specification,All / see section,Doctor test,D4952,Negative,(sweet),,Doctor test D4952 Negative (sweet),Positionally extracted; verify complex/overprinted tables
54,Aviation kerosene,3.16,34,specification,All / see section,"Aromatics, vol.%",D1319,25,,,"Aromatics, vol.% D1319 25",Positionally extracted; verify complex/overprinted tables
54,Aviation kerosene,3.16,34,specification,All / see section,,6379,26.5,,,6379 26.5,Positionally extracted; verify complex/overprinted tables
54,Aviation kerosene,3.16,34,specification,All / see section,"Acidity total max, mg KOH/g",D3242,0.1,,,"Acidity total max, mg KOH/g D3242 0.1",Positionally extracted; verify complex/overprinted tables
54,Aviation kerosene,3.16,34,specification,All / see section,Combustion Properties,,,,,Combustion Properties,Positionally extracted; verify complex/overprinted tables
54,Aviation kerosene,3.16,34,specification,All / see section,"Smoke point, mm",D1322,25,,,"Smoke point, mm D1322 25",Positionally extracted; verify complex/overprinted tables
54,Aviation kerosene,3.16,34,specification,All / see section,OR,,,,,OR,Positionally extracted; verify complex/overprinted tables
54,Aviation kerosene,3.16,34,specification,All / see section,"Smoke point, mm and",D1322,18,,,"Smoke point, mm and D1322 18",Positionally extracted; verify complex/overprinted tables
54,Aviation kerosene,3.16,34,specification,All / see section,"Naphthalenes, vol.%",D1840,3.0,,,"Naphthalenes, vol.% D1840 3.0",Positionally extracted; verify complex/overprinted tables
54,Aviation kerosene,3.16,34,note,All / see section,,,,,,1. Product shall be clear and bright and free of suspended matter.,Source text
54,Aviation kerosene,3.16,34,note,All / see section,,,,,,2. Additive requirements/restrictions - refer to section 3.2.,Source text
54,Aviation kerosene,3.16,34,note,All / see section,,,,,,"3. At this time, the test limits described in MIL-T-5624P, Appendix A, parts 70.a(1) and 70.b will not be",Source text
54,Aviation kerosene,3.16,34,note,All / see section,,,,,,imposed.,Source text
54,Aviation kerosene,3.16,34,note,All / see section,,,,,,4. Mercaptan Sulfur waived if fuel is negative by Doctor test.,Source text
54,Aviation kerosene,3.16,34,note,All / see section,,,,,,5. Origin laboratory certifying sulfur content can qualify the test method used per EPA performance based,Source text
54,Aviation kerosene,3.16,34,note,All / see section,,,,,,testing criteria (See [W] 80.584 1090 Subpart D).,Source text
54,Aviation kerosene,3.16,34,note,All / see section,,,,,,6. Either physical or simulated distillation can be used.,Source text
54,Aviation kerosene,3.16,34,note,All / see section,,,,,,"7. Not allowed to be delivered down lines #17, 24, or Greensboro local lines. Line 22 deliveries",Source text
54,Aviation kerosene,3.16,34,note,All / see section,,,,,,may contain up to 50 ppm of biodiesel.,Source text
54,Aviation kerosene,3.16,34,note,All / see section,,,,,,8. Colonial filters the product downstream before delivering to the airport at the following locations:,Source text
54,Aviation kerosene,3.16,34,note,All / see section,,,,,,"Atlanta, Greensboro, Raleigh Durham, and Dorsey. The MSEP specification downstream the filtration system",Source text
54,Aviation kerosene,3.16,34,note,All / see section,,,,,,should be 85 minimum.,Source text
54,Aviation kerosene,3.16,34,note,All / see section,,,,,,9. Colonial will accept test methods results that are listed in ASTM D1655 for all tests. Test methods listed in,Source text
54,Aviation kerosene,3.16,34,note,All / see section,,,,,,the table above are considered referee methods by Colonial Pipeline. Referee methods apply for any dispute.,Source text
54,Aviation kerosene,3.16,34,note,All / see section,,,,,,10. Not available for delivery to Spartanburg.,Source text
55,Aviation kerosene / 1-K,3.17,35,context,All / see section,,,,,,3.17.1 SPECIFICATIONS FOR FUNGIBLE AVIATION KEROSENE GRADE 55,Source text
55,Aviation kerosene / 1-K,3.17,35,context,All / see section,,,,,,EPA Designation: Kerosene,Source text
55,Aviation kerosene / 1-K,3.17,35,context,All / see section,,,,,,ASTM Test Test Results,Source text
55,Aviation kerosene / 1-K,3.17,35,specification,All / see section,General Properties,,,,,General Properties,Positionally extracted; verify complex/overprinted tables
55,Aviation kerosene / 1-K,3.17,35,specification,All / see section,Color: Origin,D6045,21,,,Color: Origin D6045 21,Positionally extracted; verify complex/overprinted tables
55,Aviation kerosene / 1-K,3.17,35,specification,All / see section,Color: Delivery,D6045,18,,,Color: Delivery D6045 18,Positionally extracted; verify complex/overprinted tables
55,Aviation kerosene / 1-K,3.17,35,specification,All / see section,Gravity,D4052,37,51,,Gravity D4052 37 51,Positionally extracted; verify complex/overprinted tables
55,Aviation kerosene / 1-K,3.17,35,specification,All / see section,Net Heat of combustion,D3338,,,,Net Heat of combustion D3338,Positionally extracted; verify complex/overprinted tables
55,Aviation kerosene / 1-K,3.17,35,specification,All / see section,BTU/Pound,,"18,400",,,"BTU/Pound 18,400",Positionally extracted; verify complex/overprinted tables
55,Aviation kerosene / 1-K,3.17,35,specification,All / see section,Corrosion 2 hrs. @ 212oF (100oC),D130,,1,,Corrosion 2 hrs. @ 212oF (100oC) D130 1,Positionally extracted; verify complex/overprinted tables
55,Aviation kerosene / 1-K,3.17,35,specification,All / see section,MSEP: Origin,D3948,85,,,MSEP: Origin D3948 85,Positionally extracted; verify complex/overprinted tables
55,Aviation kerosene / 1-K,3.17,35,specification,All / see section,MSEP: Delivery,D7224,75,,,MSEP: Delivery D7224 75,Positionally extracted; verify complex/overprinted tables
55,Aviation kerosene / 1-K,3.17,35,specification,All / see section,Electrical,,,,,Electrical,Positionally extracted; verify complex/overprinted tables
55,Aviation kerosene / 1-K,3.17,35,specification,All / see section,"Conductivity, pS/m @ 21°C(70°F)",D2624,,Report,,"Conductivity, pS/m @ 21°C(70°F) D2624 Report",Positionally extracted; verify complex/overprinted tables
55,Aviation kerosene / 1-K,3.17,35,specification,All / see section,"Ash, wt.%",D482,,0.01,,"Ash, wt.% D482 0.01",Positionally extracted; verify complex/overprinted tables
55,Aviation kerosene / 1-K,3.17,35,specification,All / see section,Determination of,"MIL-T-5624P,",,,,"Determination of MIL-T-5624P,",Positionally extracted; verify complex/overprinted tables
55,Aviation kerosene / 1-K,3.17,35,specification,All / see section,,D5452,,,,D5452,Positionally extracted; verify complex/overprinted tables
55,Aviation kerosene / 1-K,3.17,35,specification,All / see section,Filtration Time or Volume,,,Report,3,Filtration Time or Volume Report 3,Positionally extracted; verify complex/overprinted tables
55,Aviation kerosene / 1-K,3.17,35,specification,All / see section,Total Solids or Particulate,,,Report,,Total Solids or Particulate Report,Positionally extracted; verify complex/overprinted tables
55,Aviation kerosene / 1-K,3.17,35,specification,All / see section,Low Temperature Properties,,,,,Low Temperature Properties,Positionally extracted; verify complex/overprinted tables
55,Aviation kerosene / 1-K,3.17,35,specification,All / see section,"Freezing Point,oC",D2386,,-40,7,"Freezing Point,oC D2386 -40 7",Positionally extracted; verify complex/overprinted tables
55,Aviation kerosene / 1-K,3.17,35,specification,All / see section,"Viscosity, cSt @ 104oF (40oC)",D445,1.3,1.9,,"Viscosity, cSt @ 104oF (40oC) D445 1.3 1.9",Positionally extracted; verify complex/overprinted tables
55,Aviation kerosene / 1-K,3.17,35,specification,All / see section,"Viscosity, cSt @ -4oF (-20oC)",D445,,8.0,,"Viscosity, cSt @ -4oF (-20oC) D445 8.0",Positionally extracted; verify complex/overprinted tables
55,Aviation kerosene / 1-K,3.17,35,specification,All / see section,Volatility,,,,,Volatility,Positionally extracted; verify complex/overprinted tables
55,Aviation kerosene / 1-K,3.17,35,specification,All / see section,"Flash Point, oF",D56,123,,,"Flash Point, oF D56 123",Positionally extracted; verify complex/overprinted tables
55,Aviation kerosene / 1-K,3.17,35,specification,All / see section,"Distillation, °C(oF)",D86,,,7,"Distillation, °C(oF) D86 7",Positionally extracted; verify complex/overprinted tables
55,Aviation kerosene / 1-K,3.17,35,specification,All / see section,10% recovered,,,205(400),,10% recovered 205(400),Positionally extracted; verify complex/overprinted tables
55,Aviation kerosene / 1-K,3.17,35,specification,All / see section,50% recovered,,Report,,,50% recovered Report,Positionally extracted; verify complex/overprinted tables
55,Aviation kerosene / 1-K,3.17,35,specification,All / see section,90% recovered,,,288(550),,90% recovered 288(550),Positionally extracted; verify complex/overprinted tables
55,Aviation kerosene / 1-K,3.17,35,specification,All / see section,End Point,,,300(572),,End Point 300(572),Positionally extracted; verify complex/overprinted tables
55,Aviation kerosene / 1-K,3.17,35,specification,All / see section,"Residue, %",,,1.5,,"Residue, % 1.5",Positionally extracted; verify complex/overprinted tables
55,Aviation kerosene / 1-K,3.17,35,specification,All / see section,"Loss, %",,,1.5,,"Loss, % 1.5",Positionally extracted; verify complex/overprinted tables
55,Aviation kerosene / 1-K,3.17,35,specification,All / see section,"or Simulated Distillation, °C(oF)",D2887,,,7,"or Simulated Distillation, °C(oF) D2887 7",Positionally extracted; verify complex/overprinted tables
55,Aviation kerosene / 1-K,3.17,35,specification,All / see section,10% recovered,,,185(365),,10% recovered 185(365),Positionally extracted; verify complex/overprinted tables
55,Aviation kerosene / 1-K,3.17,35,specification,All / see section,50% recovered,,Report,,,50% recovered Report,Positionally extracted; verify complex/overprinted tables
55,Aviation kerosene / 1-K,3.17,35,specification,All / see section,90% recovered,,,304(579),,90% recovered 304(579),Positionally extracted; verify complex/overprinted tables
55,Aviation kerosene / 1-K,3.17,35,specification,All / see section,End Point,,,340(644),,End Point 340(644),Positionally extracted; verify complex/overprinted tables
55,Aviation kerosene / 1-K,3.17,35,specification,All / see section,Stability,,,,,Stability,Positionally extracted; verify complex/overprinted tables
55,Aviation kerosene / 1-K,3.17,35,specification,All / see section,"Existent Gum, mg/100 ml","D381,IP540",,7.0,,"Existent Gum, mg/100 ml D381,IP540 7.0",Positionally extracted; verify complex/overprinted tables
55,Aviation kerosene / 1-K,3.17,35,specification,All / see section,Thermal Stability @ 275oC,D3241,,Origin,,Thermal Stability @ 275oC D3241 Origin,Positionally extracted; verify complex/overprinted tables
55,Aviation kerosene / 1-K,3.17,35,specification,All / see section,Pres. drop in mm/Hg,,,25,,Pres. drop in mm/Hg 25,Positionally extracted; verify complex/overprinted tables
55,Aviation kerosene / 1-K,3.17,35,specification,All / see section,Tube deposit less than,code,,Code 3,,Tube deposit less than code Code 3,Positionally extracted; verify complex/overprinted tables
55,Aviation kerosene / 1-K,3.17,35,specification,All / see section,,No Peacock,or Abnormal,Color Deposits,,No Peacock or Abnormal Color Deposits,Positionally extracted; verify complex/overprinted tables
55,Aviation kerosene / 1-K,3.17,36,context,All / see section,,,,,,3.17.2 SPECIFICATIONS FOR FUNGIBLE AVIATION KEROSENE GRADE 55,Source text
55,Aviation kerosene / 1-K,3.17,36,context,All / see section,,,,,,ASTM Test Test Results,Source text
55,Aviation kerosene / 1-K,3.17,36,specification,All / see section,Stability (continued),,,,,Stability (continued),Positionally extracted; verify complex/overprinted tables
55,Aviation kerosene / 1-K,3.17,36,specification,All / see section,Thermal Stability @ 260oC,D3241,,Delivery,,Thermal Stability @ 260oC D3241 Delivery,Positionally extracted; verify complex/overprinted tables
55,Aviation kerosene / 1-K,3.17,36,specification,All / see section,Pres. drop in mm/Hg,,,25,,Pres. drop in mm/Hg 25,Positionally extracted; verify complex/overprinted tables
55,Aviation kerosene / 1-K,3.17,36,specification,All / see section,Tube deposit less than code,,,Code 3,,Tube deposit less than code Code 3,Positionally extracted; verify complex/overprinted tables
55,Aviation kerosene / 1-K,3.17,36,specification,All / see section,,No Peacock,or Abnormal,Color Deposits,,No Peacock or Abnormal Color Deposits,Positionally extracted; verify complex/overprinted tables
55,Aviation kerosene / 1-K,3.17,36,specification,All / see section,Thermal Stability ASTM D 3241,,,,,Thermal Stability ASTM D 3241,Positionally extracted; verify complex/overprinted tables
55,Aviation kerosene / 1-K,3.17,36,specification,All / see section,Tube rating: one of the following,requirement shall be,met,,,Tube rating: one of the following requirement shall be met,Positionally extracted; verify complex/overprinted tables
55,Aviation kerosene / 1-K,3.17,36,specification,All / see section,"(1) Annex A1 VTR, VTR color",code Less,than,3,,"(1) Annex A1 VTR, VTR color code Less than 3",Positionally extracted; verify complex/overprinted tables
55,Aviation kerosene / 1-K,3.17,36,specification,All / see section,,No,Peacock or,abnormal color deposits,,No Peacock or abnormal color deposits,Positionally extracted; verify complex/overprinted tables
55,Aviation kerosene / 1-K,3.17,36,specification,All / see section,(2) Annex A2 ITR or Annex 3,ETR Max,,85,,(2) Annex A2 ITR or Annex 3 ETR Max 85,Positionally extracted; verify complex/overprinted tables
55,Aviation kerosene / 1-K,3.17,36,specification,All / see section,nm average over area of,2.5 mm²,,,,nm average over area of 2.5 mm²,Positionally extracted; verify complex/overprinted tables
55,Aviation kerosene / 1-K,3.17,36,specification,All / see section,Refer ASTM D1655 note,M for referee method.,,,,Refer ASTM D1655 note M for referee method.,Positionally extracted; verify complex/overprinted tables
55,Aviation kerosene / 1-K,3.17,36,specification,All / see section,Carbon Residue: Ramsbottom,D524,,,,Carbon Residue: Ramsbottom D524,Positionally extracted; verify complex/overprinted tables
55,Aviation kerosene / 1-K,3.17,36,specification,All / see section,on 10% bottom,,,0.15,,on 10% bottom 0.15,Positionally extracted; verify complex/overprinted tables
55,Aviation kerosene / 1-K,3.17,36,specification,All / see section,Composition Properties,,,,,Composition Properties,Positionally extracted; verify complex/overprinted tables
55,Aviation kerosene / 1-K,3.17,36,specification,All / see section,"Sulfur, ppmwt",D5453,,400,4,"Sulfur, ppmwt D5453 400 4",Positionally extracted; verify complex/overprinted tables
55,Aviation kerosene / 1-K,3.17,36,specification,All / see section,"Aromatics, vol.%",D1319,,25,,"Aromatics, vol.% D1319 25",Positionally extracted; verify complex/overprinted tables
55,Aviation kerosene / 1-K,3.17,36,specification,All / see section,,6379,,27,,6379 27,Positionally extracted; verify complex/overprinted tables
55,Aviation kerosene / 1-K,3.17,36,specification,All / see section,"Mercaptan Sulfur, wt.%",D3227,,0.003,5,"Mercaptan Sulfur, wt.% D3227 0.003 5",Positionally extracted; verify complex/overprinted tables
55,Aviation kerosene / 1-K,3.17,36,specification,All / see section,OR,,,,,OR,Positionally extracted; verify complex/overprinted tables
55,Aviation kerosene / 1-K,3.17,36,specification,All / see section,Doctor test,D4952,,Negative (sweet),,Doctor test D4952 Negative (sweet),Positionally extracted; verify complex/overprinted tables
55,Aviation kerosene / 1-K,3.17,36,specification,All / see section,"Acidity total max, mg KOH/g",D3242,,0.1,,"Acidity total max, mg KOH/g D3242 0.1",Positionally extracted; verify complex/overprinted tables
55,Aviation kerosene / 1-K,3.17,36,specification,All / see section,Combustion Properties,,,,,Combustion Properties,Positionally extracted; verify complex/overprinted tables
55,Aviation kerosene / 1-K,3.17,36,specification,All / see section,"Smoke point, mm",D1322,25,,,"Smoke point, mm D1322 25",Positionally extracted; verify complex/overprinted tables
55,Aviation kerosene / 1-K,3.17,36,specification,All / see section,OR,,,,,OR,Positionally extracted; verify complex/overprinted tables
55,Aviation kerosene / 1-K,3.17,36,specification,All / see section,"Smoke point, mm and",D1322,18,,,"Smoke point, mm and D1322 18",Positionally extracted; verify complex/overprinted tables
55,Aviation kerosene / 1-K,3.17,36,specification,All / see section,"Naphthalenes, vol.%",D1840,,3.0,,"Naphthalenes, vol.% D1840 3.0",Positionally extracted; verify complex/overprinted tables
55,Aviation kerosene / 1-K,3.17,36,specification,All / see section,Burning Quality,D187,Report,,6,Burning Quality D187 Report 6,Positionally extracted; verify complex/overprinted tables
55,Aviation kerosene / 1-K,3.17,36,note,All / see section,,,,,,1. Product shall be clear and bright and free of suspended matter.,Source text
55,Aviation kerosene / 1-K,3.17,36,note,All / see section,,,,,,2. Additive requirements/restrictions - refer to section 3.2.,Source text
55,Aviation kerosene / 1-K,3.17,36,note,All / see section,,,,,,"3. At this time, the test limits described in MIL-T-5624P, Appendix A, parts 70.a(1) and 70.b will not be",Source text
55,Aviation kerosene / 1-K,3.17,36,note,All / see section,,,,,,imposed.,Source text
55,Aviation kerosene / 1-K,3.17,36,note,All / see section,,,,,,4. Origin laboratory certifying sulfur content can qualify the test method used per EPA performance based,Source text
55,Aviation kerosene / 1-K,3.17,36,note,All / see section,,,,,,testing criteria (See [W] 80.584 1090 Subpart D).,Source text
55,Aviation kerosene / 1-K,3.17,36,note,All / see section,,,,,,5. Mercaptan Sulfur waived if fuel is negative by Doctor test.,Source text
55,Aviation kerosene / 1-K,3.17,36,note,All / see section,,,,,,6. Typical results pass according to Paragraph 4.2 of ASTM D3699 Standard Specifications for kerosine.,Source text
55,Aviation kerosene / 1-K,3.17,36,note,All / see section,,,,,,7. Either physical or simulated distillation can be used.,Source text
55,Aviation kerosene / 1-K,3.17,36,note,All / see section,,,,,,"8. Where cetane number by test method D613 is not available, test method D4737A can be",Source text
55,Aviation kerosene / 1-K,3.17,36,note,All / see section,,,,,,used as an approximation.,Source text
55,Aviation kerosene / 1-K,3.17,36,note,All / see section,,,,,,"9. Lines # 17, 22, 24, and Greensboro local deliveries may contain trace amounts of Bio-Diesel",Source text
55,Aviation kerosene / 1-K,3.17,36,note,All / see section,,,,,,and can't be used for aviation kerosene.,Source text
55,Aviation kerosene / 1-K,3.17,36,note,All / see section,,,,,,10. Colonial will accept test methods results that are listed in ASTM D1655 for all tests. Test methods listed in,Source text
55,Aviation kerosene / 1-K,3.17,36,note,All / see section,,,,,,the table above are considered referee methods by Colonial Pipeline. Referee methods apply for any dispute.,Source text
55,Aviation kerosene / 1-K,3.17,36,note,All / see section,,,,,,11. Not available for delivery to Spartanburg or Explorer.,Source text
56,Bonded aviation kerosene,3.18,37,context,All / see section,,,,,,3.18 SPECIFICATIONS FOR BONDED AVIATION KEROSENE GRADE 56,Source text
56,Bonded aviation kerosene,3.18,37,context,All / see section,,,,,,EPA Designation: Jet Fuel,Source text
56,Bonded aviation kerosene,3.18,37,context,All / see section,,,,,,Shipments of Grade 56 must meet specifications for Fungible Aviation Kerosine Grade 54.,Source text
56,Bonded aviation kerosene,3.18,37,note,All / see section,,,,,,"1. Not available for delivery to Spartanburg, Greensboro local lines or lines #17, 22 and 24.",Source text
57,Aviation kerosene (500 ppm sulfur),3.19,38,context,All / see section,,,,,,3.19 SPECIFICATIONS FOR SEGREGATED KEROSENE GRADE 57,Source text
57,Aviation kerosene (500 ppm sulfur),3.19,38,context,All / see section,,,,,,EPA Designation: Kerosene,Source text
57,Aviation kerosene (500 ppm sulfur),3.19,38,context,All / see section,,,,,,ASTM Test Test Results,Source text
57,Aviation kerosene (500 ppm sulfur),3.19,38,specification,All / see section,"Sulfur, ppmwt D5453",,500,1,,"Sulfur, ppmwt D5453 500 1",Positionally extracted; verify complex/overprinted tables
57,Aviation kerosene (500 ppm sulfur),3.19,38,specification,All / see section,In order to allow for the proper placement,"of the batch in our sequence,",when,"nominating the batch,",,"In order to allow for the proper placement of the batch in our sequence, when nominating the batch,",Positionally extracted; verify complex/overprinted tables
57,Aviation kerosene (500 ppm sulfur),3.19,38,specification,All / see section,the shipper must supply to the best of,his knowledge the following,information:,,,the shipper must supply to the best of his knowledge the following information:,Positionally extracted; verify complex/overprinted tables
57,Aviation kerosene (500 ppm sulfur),3.19,38,specification,All / see section,Gravity,,,,,Gravity,Positionally extracted; verify complex/overprinted tables
57,Aviation kerosene (500 ppm sulfur),3.19,38,specification,All / see section,Flash,,,,,Flash,Positionally extracted; verify complex/overprinted tables
57,Aviation kerosene (500 ppm sulfur),3.19,38,specification,All / see section,WSIM,,,,,WSIM,Positionally extracted; verify complex/overprinted tables
57,Aviation kerosene (500 ppm sulfur),3.19,38,specification,All / see section,Electrical Conductivity,,,,,Electrical Conductivity,Positionally extracted; verify complex/overprinted tables
57,Aviation kerosene (500 ppm sulfur),3.19,38,specification,All / see section,Any other product property,that does not meet our,fungible specifications,for 54 grades.,,Any other product property that does not meet our fungible specifications for 54 grades.,Positionally extracted; verify complex/overprinted tables
57,Aviation kerosene (500 ppm sulfur),3.19,38,specification,All / see section,The pre-shipment documentation with,the actual results must,be received before,shipment.,,The pre-shipment documentation with the actual results must be received before shipment.,Positionally extracted; verify complex/overprinted tables
57,Aviation kerosene (500 ppm sulfur),3.19,38,note,All / see section,,,,,,1. Origin laboratory certifying sulfur content can qualify the test method used per EPA performance based testing criteria,Source text
57,Aviation kerosene (500 ppm sulfur),3.19,38,note,All / see section,,,,,,(See [W] 80.584 1090 Subpart D).,Source text
57,Aviation kerosene (500 ppm sulfur),3.19,38,note,All / see section,,,,,,2. Additive requirements/restrictions - refer to section 3.2.,Source text
57,Aviation kerosene (500 ppm sulfur),3.19,38,note,All / see section,,,,,,3. Colonial will accept test methods results that are listed in ASTM D1655 for all tests. Test methods listed in,Source text
57,Aviation kerosene (500 ppm sulfur),3.19,38,note,All / see section,,,,,,the table above are considered referee methods by Colonial Pipeline. Referee methods apply for any dispute.,Source text
57,Aviation kerosene (500 ppm sulfur),3.19,38,note,All / see section,,,,,,4. Not available for delivery to Spartanburg or Explorer.,Source text
57,Aviation kerosene (500 ppm sulfur),3.19,38,note,All / see section,,,,,,"5. Lines # 17, 22, 24 and Greensboro local deliveries may contain trace amounts of Bio-Diesel and",Source text
57,Aviation kerosene (500 ppm sulfur),3.19,38,note,All / see section,,,,,,can't be used for aviation kerosene.,Source text
58,Military JP-8,3.20,39,context,All / see section,,,,,,3.20 SPECIFICATIONS FOR FUNGIBLE MILITARY JP-8,Source text
58,Military JP-8,3.20,39,context,All / see section,,,,,,EPA Designation: Except distillate covered by national security exemption under 80.606,Source text
58,Military JP-8,3.20,39,context,All / see section,,,,,,Shipments of Grade 58 must meet the latest military specifications for JP-8.,Source text
58,Military JP-8,3.20,39,note,All / see section,,,,,,"1. Not available for delivery to Spartanburg, Explorer, Greensboro local lines or lines #17 and 24.",Source text
58,Military JP-8,3.20,39,context,All / see section,,,,,,Line 22 deliveries may contain up to 50 ppm of biodiesel.,Source text
59,Distillate blendstock,3.21,40,context,All / see section,,,,,,3.21 SPECIFICATIONS FOR SEGREGATED DISTILLATE BLENDSTOCK GRADE 59,Source text
59,Distillate blendstock,3.21,40,context,All / see section,,,,,,EPA Designation: None Required (Product is an unfinished blendstock),Source text
59,Distillate blendstock,3.21,40,context,All / see section,,,,,,ASTM Test Test Results,Source text
59,Distillate blendstock,3.21,40,specification,All / see section,Gravity,D4052,37 51,,,Gravity D4052 37 51,Positionally extracted; verify complex/overprinted tables
59,Distillate blendstock,3.21,40,specification,All / see section,"Flash Point, oF",D56,100,,,"Flash Point, oF D56 100",Positionally extracted; verify complex/overprinted tables
59,Distillate blendstock,3.21,40,specification,All / see section,"Sulfur, ppmwt",D4294,3000,3,,"Sulfur, ppmwt D4294 3000 3",Positionally extracted; verify complex/overprinted tables
59,Distillate blendstock,3.21,40,specification,All / see section,Nace Corrosion,TM0172,B+ (origin),,,Nace Corrosion TM0172 B+ (origin),Positionally extracted; verify complex/overprinted tables
59,Distillate blendstock,3.21,40,specification,All / see section,Electrical,,,,,Electrical,Positionally extracted; verify complex/overprinted tables
59,Distillate blendstock,3.21,40,specification,All / see section,"Conductivity, pS/m @ 21°C(70°F)",D2624,Report,,,"Conductivity, pS/m @ 21°C(70°F) D2624 Report",Positionally extracted; verify complex/overprinted tables
59,Distillate blendstock,3.21,40,specification,All / see section,In order to allow for the proper placement,of the batch in our,"sequence, when","nominating the batch,",,"In order to allow for the proper placement of the batch in our sequence, when nominating the batch,",Positionally extracted; verify complex/overprinted tables
59,Distillate blendstock,3.21,40,specification,All / see section,the shipper must supply to the best of,his knowledge any product,property,that does not meet,,the shipper must supply to the best of his knowledge any product property that does not meet,Positionally extracted; verify complex/overprinted tables
59,Distillate blendstock,3.21,40,specification,All / see section,our fungible specifications for 54 grade.,,,,,our fungible specifications for 54 grade.,Positionally extracted; verify complex/overprinted tables
59,Distillate blendstock,3.21,40,note,All / see section,,,,,,1. Product shall be clear and bright and free of suspended matter.,Source text
59,Distillate blendstock,3.21,40,note,All / see section,,,,,,2. The pre-shipment documentation with the actual results must be received before shipment.,Source text
59,Distillate blendstock,3.21,40,note,All / see section,,,,,,3. Origin laboratory certifying sulfur content can qualify the test method used per EPA performance based,Source text
59,Distillate blendstock,3.21,40,note,All / see section,,,,,,testing criteria (See [W] 80.584 1090 Subpart D).,Source text
59,Distillate blendstock,3.21,40,note,All / see section,,,,,,4. Additives requirements/restrictions - refer to section 3.2.,Source text
59,Distillate blendstock,3.21,40,note,All / see section,,,,,,5. Colonial will accept test methods results that are listed in ASTM D1655 for all tests. Test methods listed in,Source text
59,Distillate blendstock,3.21,40,note,All / see section,,,,,,the table above are considered referee methods by Colonial Pipeline. Referee methods apply for any dispute.,Source text
59,Distillate blendstock,3.21,40,note,All / see section,,,,,,6. Not available for delivery to Spartanburg or Explorer.,Source text
59,Distillate blendstock,3.21,40,note,All / see section,,,,,,"7. Lines # 17, 22, 24, and Greensboro local deliveries may contain trace amounts of Bio-Diesel and",Source text
59,Distillate blendstock,3.21,40,note,All / see section,,,,,,can't be used for aviation kerosene.,Source text
61,15 ppm sulfur diesel,3.22,41,context,All / see section,,,,,,SPECIFICATIONS FOR FUNGIBLE 15 ppm SULFUR DIESEL FUEL CONTAINING UP TO 5% RENEWABLE,Source text
61,15 ppm sulfur diesel,3.22,41,context,All / see section,,,,,,3.22.1 HYDROTREATED DIESEL FUEL GRADE 61,Source text
61,15 ppm sulfur diesel,3.22,41,context,All / see section,,,,,,"EPA Designation: MVNRLM, Motor vehicle diesel fuel, 15 ppm sulfur",Source text
61,15 ppm sulfur diesel,3.22,41,context,All / see section,,,,,,ASTM Test Test Results,Source text
61,15 ppm sulfur diesel,3.22,41,context,All / see section,,,,,,PRODUCT PROPERTY Method Minimum Maximum Note,Source text
61,15 ppm sulfur diesel,3.22,41,context,All / see section,,,,,,Renewable Fuel (volume %) 0 Origin 5,Source text
61,15 ppm sulfur diesel,3.22,41,context,All / see section,,,,,,5 Delivery,Source text
61,15 ppm sulfur diesel,3.22,41,context,All / see section,,,,,,Gravity API D4052 30,Source text
61,15 ppm sulfur diesel,3.22,41,context,All / see section,,,,,,"Flash Point, oF",Source text
61,15 ppm sulfur diesel,3.22,41,context,All / see section,,,,,,Pensky-Martin D93 130,Source text
61,15 ppm sulfur diesel,3.22,41,context,All / see section,,,,,,"Physical Distillation, °C(oF) D86 4",Source text
61,15 ppm sulfur diesel,3.22,41,context,All / see section,,,,,,50% Report,Source text
61,15 ppm sulfur diesel,3.22,41,context,All / see section,,,,,,90% 282(540) 338(640),Source text
61,15 ppm sulfur diesel,3.22,41,context,All / see section,,,,,,End Point 371(700),Source text
61,15 ppm sulfur diesel,3.22,41,context,All / see section,,,,,,"or Simulated Distillation, °C(oF) D2887 4",Source text
61,15 ppm sulfur diesel,3.22,41,context,All / see section,,,,,,50% recovered Report,Source text
61,15 ppm sulfur diesel,3.22,41,context,All / see section,,,,,,90% recovered 300(572) 356(673),Source text
61,15 ppm sulfur diesel,3.22,41,context,All / see section,,,,,,End Point 421(790),Source text
61,15 ppm sulfur diesel,3.22,41,context,All / see section,,,,,,Color ASTM D6045 2.5,Source text
61,15 ppm sulfur diesel,3.22,41,context,All / see section,,,,,,Color Visual Undyed,Source text
61,15 ppm sulfur diesel,3.22,41,context,All / see section,,,,,,"Viscosity, cSt @ 40oC (104oF) D445 1.9 4.1",Source text
61,15 ppm sulfur diesel,3.22,41,context,All / see section,,,,,,Pour Point D97 2,Source text
61,15 ppm sulfur diesel,3.22,41,context,All / see section,,,,,,Cloud Point D2500 2,Source text
61,15 ppm sulfur diesel,3.22,41,context,All / see section,,,,,,"Corrosion, 3 hrs. @ 50oC (122oF) D130 1",Source text
61,15 ppm sulfur diesel,3.22,41,context,All / see section,,,,,,"Total Sulfur, ppmwt D5453 11 Origin 3",Source text
61,15 ppm sulfur diesel,3.22,41,context,All / see section,,,,,,14 Delivery,Source text
61,15 ppm sulfur diesel,3.22,41,context,All / see section,,,,,,Cetane Number D613 40,Source text
61,15 ppm sulfur diesel,3.22,41,context,All / see section,,,,,,Aromatics (Volume %) D1319 31.7,Source text
61,15 ppm sulfur diesel,3.22,41,context,All / see section,,,,,,or Aromatics by Cetane Index D976 40,Source text
61,15 ppm sulfur diesel,3.22,41,context,All / see section,,,,,,"Ash, wt.% D482 0.01",Source text
61,15 ppm sulfur diesel,3.22,41,context,All / see section,,,,,,Carbon Residue: Ramsbottom,Source text
61,15 ppm sulfur diesel,3.22,41,context,All / see section,,,,,,on 10% Bottom D524 0.35,Source text
61,15 ppm sulfur diesel,3.22,41,context,All / see section,,,,,,"BS&W, vol.% D2709",Source text
61,15 ppm sulfur diesel,3.22,41,context,All / see section,,,,,,or equivalent < 0.05,Source text
61,15 ppm sulfur diesel,3.22,41,context,All / see section,,,,,,"Thermal stability, 90 minutes",Source text
61,15 ppm sulfur diesel,3.22,41,context,All / see section,,,,,,"150oCPad rating,",Source text
61,15 ppm sulfur diesel,3.22,41,context,All / see section,,,,,,DuPont scale 7,Source text
61,15 ppm sulfur diesel,3.22,41,context,All / see section,,,,,,OR,Source text
61,15 ppm sulfur diesel,3.22,41,context,All / see section,,,,,,Thermal stability D6468,Source text
61,15 ppm sulfur diesel,3.22,41,context,All / see section,,,,,,Y/Green 73%,Source text
61,15 ppm sulfur diesel,3.22,41,context,All / see section,,,,,,W Unit 65%,Source text
61,15 ppm sulfur diesel,3.22,41,context,All / see section,,,,,,OR,Source text
61,15 ppm sulfur diesel,3.22,41,context,All / see section,,,,,,"Oxidation stability, mg/100 ml D2274 2.5",Source text
61,15 ppm sulfur diesel,3.22,41,context,All / see section,,,,,,Haze rating @ 25oC (77oF) D4176,Source text
61,15 ppm sulfur diesel,3.22,41,context,All / see section,,,,,,Procedure 2 2,Source text
61,15 ppm sulfur diesel,3.22,41,context,All / see section,,,,,,Nace Corrosion TM0172 B+ (Origin),Source text
61,15 ppm sulfur diesel,3.22,41,context,All / see section,,,,,,Electrical,Source text
61,15 ppm sulfur diesel,3.22,41,context,All / see section,,,,,,"Conductivity, pS/m @ 21°C(70°F) D2624 250",Source text
61,15 ppm sulfur diesel,3.22,42,context,All / see section,,,,,,SPECIFICATIONS FOR FUNGIBLE 15 ppm SULFUR DIESEL FUEL CONTAINING UP TO 5%,Source text
61,15 ppm sulfur diesel,3.22,42,context,All / see section,,,,,,3.22.2 RENEWABLE HYDROTREATED DIESEL FUEL GRADE 61,Source text
61,15 ppm sulfur diesel,3.22,42,note,All / see section,,,,,,1. Additive requirements/restrictions - refer to section 3.2.,Source text
61,15 ppm sulfur diesel,3.22,42,note,All / see section,,,,,,2. This schedule denotes the fluidity of the distillate at the time and place of origin.,Source text
61,15 ppm sulfur diesel,3.22,42,note,All / see section,,,,,,Pour Point –August 1st through March 14th Maximum: -18oC (-0.4oF).,Source text
61,15 ppm sulfur diesel,3.22,42,note,All / see section,,,,,,Pour Point – March 15th through July 31st Maximum: -12oC (10.4oF),Source text
61,15 ppm sulfur diesel,3.22,42,note,All / see section,,,,,,Cloud Point – August 1st through March 14th Maximum: -9oC (15.8oF),Source text
61,15 ppm sulfur diesel,3.22,42,note,All / see section,,,,,,Cloud Point – March 15th through July 31st Maximum: -7oC (19.4oF),Source text
61,15 ppm sulfur diesel,3.22,42,note,All / see section,,,,,,The referee method will be Pour point D97 and Cloud point D2500,Source text
61,15 ppm sulfur diesel,3.22,42,note,All / see section,,,,,,3. Origin laboratory certifying sulfur content can qualify the test method used per EPA performance based,Source text
61,15 ppm sulfur diesel,3.22,42,note,All / see section,,,,,,testing criteria (See [W] 80.584 1090 Subpart D).,Source text
61,15 ppm sulfur diesel,3.22,42,note,All / see section,,,,,,4. Either physical or simulated distillation can be used.,Source text
61,15 ppm sulfur diesel,3.22,42,note,All / see section,,,,,,5. Downstream of Meridian Mississippi May contain up to 5% renewable diesel as defined in section 3.2.7,Source text
61,15 ppm sulfur diesel,3.22,42,note,All / see section,,,,,,Grade 61 is designated for 5% renewable diesel fuel blending at Baton Rouge. 61 grade will only be allowed to,Source text
61,15 ppm sulfur diesel,3.22,42,note,All / see section,,,,,,"originate as ""clear"", no renewable diesel fuel allowed, at Houston, Cedar Bayou, Hebert, Lake Charles, Krotz",Source text
61,15 ppm sulfur diesel,3.22,42,note,All / see section,,,,,,Springs and Baton Rouge. 61 grade will not be delivered out of the pipeline at any locations and will be regraded,Source text
61,15 ppm sulfur diesel,3.22,42,note,All / see section,,,,,,to 63 grade downstream of Baton Rouge.,Source text
61,15 ppm sulfur diesel,3.22,42,note,All / see section,,,,,,6. Colonial will accept test methods results that are listed in ASTM D975 for all tests. Test methods listed in,Source text
61,15 ppm sulfur diesel,3.22,42,note,All / see section,,,,,,the table above are considered referee methods by Colonial Pipeline. Referee methods apply for any dispute.,Source text
61,15 ppm sulfur diesel,3.22,42,note,All / see section,,,,,,Delivery test results may vary by the smaller of ASTM reproducibility for a given test,Source text
61,15 ppm sulfur diesel,3.22,42,note,All / see section,,,,,,or any test tolerance as allowed by state or EPA regulations at the point of delivery.,Source text
62,15 ppm sulfur diesel,3.23,43,context,All / see section,,,,,,3.23.1 SPECIFICATIONS FOR FUNGIBLE 15 ppm SULFUR DIESEL FUEL GRADE 62,Source text
62,15 ppm sulfur diesel,3.23,43,context,All / see section,,,,,,"EPA Designation: MVNRLM, Motor vehicle diesel fuel, 15 ppm sulfur",Source text
62,15 ppm sulfur diesel,3.23,43,context,All / see section,,,,,,ASTM Test Test Results,Source text
62,15 ppm sulfur diesel,3.23,43,context,All / see section,,,,,,PRODUCT PROPERTY Method Minimum Maximum Note,Source text
62,15 ppm sulfur diesel,3.23,43,context,All / see section,,,,,,Gravity API D4052 30,Source text
62,15 ppm sulfur diesel,3.23,43,context,All / see section,,,,,,"Flash Point, oF",Source text
62,15 ppm sulfur diesel,3.23,43,context,All / see section,,,,,,Pensky-Martin D93 130 Origin,Source text
62,15 ppm sulfur diesel,3.23,43,context,All / see section,,,,,,125.8 Delivery,Source text
62,15 ppm sulfur diesel,3.23,43,context,All / see section,,,,,,"Physical Distillation, °C(oF) D86",Source text
62,15 ppm sulfur diesel,3.23,43,context,All / see section,,,,,,50% Report 4,Source text
62,15 ppm sulfur diesel,3.23,43,context,All / see section,,,,,,90% 282(540) 338(640),Source text
62,15 ppm sulfur diesel,3.23,43,context,All / see section,,,,,,End Point 371 (700),Source text
62,15 ppm sulfur diesel,3.23,43,context,All / see section,,,,,,"or Simulated Distillation, °C(oF) D2887 4",Source text
62,15 ppm sulfur diesel,3.23,43,context,All / see section,,,,,,50% recovered Report,Source text
62,15 ppm sulfur diesel,3.23,43,context,All / see section,,,,,,90% recovered 300(572) 356(673),Source text
62,15 ppm sulfur diesel,3.23,43,context,All / see section,,,,,,End Point 421(790),Source text
62,15 ppm sulfur diesel,3.23,43,context,All / see section,,,,,,Color ASTM D6045 2.5,Source text
62,15 ppm sulfur diesel,3.23,43,context,All / see section,,,,,,Color Visual Undyed,Source text
62,15 ppm sulfur diesel,3.23,43,context,All / see section,,,,,,"Viscosity, cSt @ 40oC (104oF) D445 1.9 4.1",Source text
62,15 ppm sulfur diesel,3.23,43,context,All / see section,,,,,,Pour Point D97 2,Source text
62,15 ppm sulfur diesel,3.23,43,context,All / see section,,,,,,Cloud Point D2500 2,Source text
62,15 ppm sulfur diesel,3.23,43,context,All / see section,,,,,,"Corrosion, 3 hrs. @ 50oC (122oF) D130 1",Source text
62,15 ppm sulfur diesel,3.23,43,context,All / see section,,,,,,"Total Sulfur, ppmwt D5453 11 Origin 3",Source text
62,15 ppm sulfur diesel,3.23,43,context,All / see section,,,,,,14 Delivery,Source text
62,15 ppm sulfur diesel,3.23,43,context,All / see section,,,,,,Cetane Number D613 40,Source text
62,15 ppm sulfur diesel,3.23,43,context,All / see section,,,,,,Aromatics (Volume %) D1319 31.7,Source text
62,15 ppm sulfur diesel,3.23,43,context,All / see section,,,,,,or Aromatics by Cetane Index D976 40,Source text
62,15 ppm sulfur diesel,3.23,43,context,All / see section,,,,,,"Ash, wt.% D482 0.01",Source text
62,15 ppm sulfur diesel,3.23,43,context,All / see section,,,,,,Carbon Residue: Ramsbottom,Source text
62,15 ppm sulfur diesel,3.23,43,context,All / see section,,,,,,on 10% Bottom D524 0.35,Source text
62,15 ppm sulfur diesel,3.23,43,context,All / see section,,,,,,"BS&W, vol.% D2709",Source text
62,15 ppm sulfur diesel,3.23,43,context,All / see section,,,,,,or equivalent < 0.05,Source text
62,15 ppm sulfur diesel,3.23,43,context,All / see section,,,,,,"Thermal stability, 90 minutes",Source text
62,15 ppm sulfur diesel,3.23,43,context,All / see section,,,,,,"150oCPad rating,",Source text
62,15 ppm sulfur diesel,3.23,43,context,All / see section,,,,,,DuPont scale 7,Source text
62,15 ppm sulfur diesel,3.23,43,context,All / see section,,,,,,OR,Source text
62,15 ppm sulfur diesel,3.23,43,context,All / see section,,,,,,Thermal stability D6468,Source text
62,15 ppm sulfur diesel,3.23,43,context,All / see section,,,,,,Y/Green 73%,Source text
62,15 ppm sulfur diesel,3.23,43,context,All / see section,,,,,,W Unit 65%,Source text
62,15 ppm sulfur diesel,3.23,43,context,All / see section,,,,,,OR,Source text
62,15 ppm sulfur diesel,3.23,43,context,All / see section,,,,,,"Oxidation stability, mg/100 ml D2274 2.5",Source text
62,15 ppm sulfur diesel,3.23,43,context,All / see section,,,,,,Haze rating @ 25oC (77oF) D4176,Source text
62,15 ppm sulfur diesel,3.23,43,context,All / see section,,,,,,Procedure 2 2,Source text
62,15 ppm sulfur diesel,3.23,43,context,All / see section,,,,,,Nace Corrosion TM0172 B+ (Origin),Source text
62,15 ppm sulfur diesel,3.23,43,context,All / see section,,,,,,Electrical,Source text
62,15 ppm sulfur diesel,3.23,43,context,All / see section,,,,,,"Conductivity, pS/m @ 21°C(70°F) D2624 250",Source text
62,15 ppm sulfur diesel,3.23,44,context,All / see section,,,,,,3.23.2 SPECIFICATIONS FOR FUNGIBLE 15 ppm SULFUR DIESEL FUEL GRADE 62,Source text
62,15 ppm sulfur diesel,3.23,44,note,All / see section,,,,,,1. Additive requirements/restrictions - refer to section 3.2.,Source text
62,15 ppm sulfur diesel,3.23,44,note,All / see section,,,,,,2. This schedule denotes the fluidity of the distillate at the time and place of origin.,Source text
62,15 ppm sulfur diesel,3.23,44,note,All / see section,,,,,,Pour Point –August 1st through March 14th Maximum: -18oC (-0.4oF).,Source text
62,15 ppm sulfur diesel,3.23,44,note,All / see section,,,,,,Pour Point – March 15th through July 31st Maximum: -12oC (10.4oF),Source text
62,15 ppm sulfur diesel,3.23,44,note,All / see section,,,,,,Cloud Point – August 1st through March 14th Maximum: -9oC (15.8oF),Source text
62,15 ppm sulfur diesel,3.23,44,note,All / see section,,,,,,Cloud Point – March 15th through July 31st Maximum: -7oC (19.4oF),Source text
62,15 ppm sulfur diesel,3.23,44,note,All / see section,,,,,,3. Origin laboratory certifying sulfur content can qualify the test method used per EPA performance based,Source text
62,15 ppm sulfur diesel,3.23,44,note,All / see section,,,,,,testing criteria (See [W] 80.584 1090 Subpart D).,Source text
62,15 ppm sulfur diesel,3.23,44,note,All / see section,,,,,,4. Either physical or simulated distillation can be used.,Source text
62,15 ppm sulfur diesel,3.23,44,note,All / see section,,,,,,5. Deliveries of 62 grade that are serviced through Colonial's breakout tank farms south of Greensboro which,Source text
62,15 ppm sulfur diesel,3.23,44,note,All / see section,,,,,,"include Pelham, Atlanta, Athens, Belton, Spartanburg, and Charlotte may contain up to 5% Renewable Diesel.",Source text
62,15 ppm sulfur diesel,3.23,44,note,All / see section,,,,,,6. Colonial will accept test methods results that are listed in ASTM D975 for all tests. Test methods listed in,Source text
62,15 ppm sulfur diesel,3.23,44,note,All / see section,,,,,,the table above are considered referee methods by Colonial Pipeline. Referee methods apply for any dispute.,Source text
62,15 ppm sulfur diesel,3.23,44,note,All / see section,,,,,,"7. Deliveries of 62 grade on lines #17, 22, 24, and Greensboro local deliveries may contain up to 5%",Source text
62,15 ppm sulfur diesel,3.23,44,note,All / see section,,,,,,Bio-Diesel and 5% Renewable Diesel.,Source text
62,15 ppm sulfur diesel,3.23,44,note,All / see section,,,,,,Delivery test results may vary by the smaller of ASTM reproducibility for a given test or,Source text
62,15 ppm sulfur diesel,3.23,44,note,All / see section,,,,,,any test tolerance as allowed by state or EPA regulations at the point of delivery.,Source text
63,15 ppm sulfur diesel,3.24,45,context,All / see section,,,,,,3.24.1 SPECIFICATIONS FOR FUNGIBLE 15 ppm SULFUR DIESEL FUEL CONTAINING UP TO 5%,Source text
63,15 ppm sulfur diesel,3.24,45,context,All / see section,,,,,,RENEWABLE HYDROTREATED DIESEL FUEL GRADE 63,Source text
63,15 ppm sulfur diesel,3.24,45,context,All / see section,,,,,,"EPA Designation: MVNRLM, Motor vehicle diesel fuel, 15 ppm sulfur",Source text
63,15 ppm sulfur diesel,3.24,45,context,All / see section,,,,,,ASTM Test Test Results,Source text
63,15 ppm sulfur diesel,3.24,45,context,All / see section,,,,,,PRODUCT PROPERTY Method Minimum Maximum Note,Source text
63,15 ppm sulfur diesel,3.24,45,context,All / see section,,,,,,Renewable Fuel (volume %) 5 5,Source text
63,15 ppm sulfur diesel,3.24,45,context,All / see section,,,,,,Gravity API D4052 30,Source text
63,15 ppm sulfur diesel,3.24,45,context,All / see section,,,,,,"Flash Point, oF",Source text
63,15 ppm sulfur diesel,3.24,45,context,All / see section,,,,,,Pensky-Martin D93 130 Origin,Source text
63,15 ppm sulfur diesel,3.24,45,context,All / see section,,,,,,125.8 Delivery,Source text
63,15 ppm sulfur diesel,3.24,45,context,All / see section,,,,,,"Physical Distillation, °C(oF) D86 4",Source text
63,15 ppm sulfur diesel,3.24,45,context,All / see section,,,,,,50% Report,Source text
63,15 ppm sulfur diesel,3.24,45,context,All / see section,,,,,,90% 282(540) 338(640),Source text
63,15 ppm sulfur diesel,3.24,45,context,All / see section,,,,,,End Point 371 (700),Source text
63,15 ppm sulfur diesel,3.24,45,context,All / see section,,,,,,"or Simulated Distillation, °C(oF) D2887 4",Source text
63,15 ppm sulfur diesel,3.24,45,context,All / see section,,,,,,50% recovered Report,Source text
63,15 ppm sulfur diesel,3.24,45,context,All / see section,,,,,,90% recovered 300(572) 356(673),Source text
63,15 ppm sulfur diesel,3.24,45,context,All / see section,,,,,,End Point 421(790),Source text
63,15 ppm sulfur diesel,3.24,45,context,All / see section,,,,,,Color ASTM D6045 2.5,Source text
63,15 ppm sulfur diesel,3.24,45,context,All / see section,,,,,,Color Visual Undyed,Source text
63,15 ppm sulfur diesel,3.24,45,context,All / see section,,,,,,"Viscosity, cSt @ 40oC (104oF) D445 1.9 4.1",Source text
63,15 ppm sulfur diesel,3.24,45,context,All / see section,,,,,,Pour Point D97 2,Source text
63,15 ppm sulfur diesel,3.24,45,context,All / see section,,,,,,Cloud Point D2500 2,Source text
63,15 ppm sulfur diesel,3.24,45,context,All / see section,,,,,,"Corrosion, 3 hrs. @ 50oC (122oF) D130 1",Source text
63,15 ppm sulfur diesel,3.24,45,context,All / see section,,,,,,"Total Sulfur, ppmwt D5453 11 Origin 3",Source text
63,15 ppm sulfur diesel,3.24,45,context,All / see section,,,,,,14 Delivery,Source text
63,15 ppm sulfur diesel,3.24,45,context,All / see section,,,,,,Cetane Number D613 40,Source text
63,15 ppm sulfur diesel,3.24,45,context,All / see section,,,,,,Aromatics (Volume %) D1319 31.7,Source text
63,15 ppm sulfur diesel,3.24,45,context,All / see section,,,,,,or Aromatics by Cetane Index D976 40,Source text
63,15 ppm sulfur diesel,3.24,45,context,All / see section,,,,,,"Ash, wt.% D482 0.01",Source text
63,15 ppm sulfur diesel,3.24,45,context,All / see section,,,,,,Carbon Residue: Ramsbottom,Source text
63,15 ppm sulfur diesel,3.24,45,context,All / see section,,,,,,on 10% Bottom D524 0.35,Source text
63,15 ppm sulfur diesel,3.24,45,context,All / see section,,,,,,"BS&W, vol.% D2709",Source text
63,15 ppm sulfur diesel,3.24,45,context,All / see section,,,,,,or equivalent < 0.05,Source text
63,15 ppm sulfur diesel,3.24,45,context,All / see section,,,,,,"Thermal stability, 90 minutes",Source text
63,15 ppm sulfur diesel,3.24,45,context,All / see section,,,,,,"150oCPad rating,",Source text
63,15 ppm sulfur diesel,3.24,45,context,All / see section,,,,,,DuPont scale 7,Source text
63,15 ppm sulfur diesel,3.24,45,context,All / see section,,,,,,OR,Source text
63,15 ppm sulfur diesel,3.24,45,context,All / see section,,,,,,Thermal stability D6468,Source text
63,15 ppm sulfur diesel,3.24,45,context,All / see section,,,,,,Y/Green 73%,Source text
63,15 ppm sulfur diesel,3.24,45,context,All / see section,,,,,,W Unit 65%,Source text
63,15 ppm sulfur diesel,3.24,45,context,All / see section,,,,,,OR,Source text
63,15 ppm sulfur diesel,3.24,45,context,All / see section,,,,,,"Oxidation stability, mg/100 ml D2274 2.5",Source text
63,15 ppm sulfur diesel,3.24,45,context,All / see section,,,,,,Haze rating @ 25oC (77oF) D4176,Source text
63,15 ppm sulfur diesel,3.24,45,context,All / see section,,,,,,Procedure 2 2,Source text
63,15 ppm sulfur diesel,3.24,45,context,All / see section,,,,,,Nace Corrosion TM0172 B+ (Origin),Source text
63,15 ppm sulfur diesel,3.24,45,context,All / see section,,,,,,Electrical,Source text
63,15 ppm sulfur diesel,3.24,45,context,All / see section,,,,,,"Conductivity, pS/m @ 21°C(70°F) D2624 250",Source text
63,15 ppm sulfur diesel,3.24,46,context,All / see section,,,,,,3.24.2 SPECIFICATIONS FOR FUNGIBLE 15 ppm SULFUR DIESEL FUEL CONTAINING UP TO 5% RENEWABLE,Source text
63,15 ppm sulfur diesel,3.24,46,context,All / see section,,,,,,HYDROTREATED DIESEL FUEL GRADE 63,Source text
63,15 ppm sulfur diesel,3.24,46,note,All / see section,,,,,,1. Additive requirements/restrictions - refer to section 3.2.,Source text
63,15 ppm sulfur diesel,3.24,46,note,All / see section,,,,,,2. This schedule denotes the fluidity of the distillate at the time and place of origin.,Source text
63,15 ppm sulfur diesel,3.24,46,note,All / see section,,,,,,Pour Point –August 1st through March 14th Maximum: -18oC (-0.4oF).,Source text
63,15 ppm sulfur diesel,3.24,46,note,All / see section,,,,,,Pour Point – March 15th through July 31st Maximum: -12oC (10.4oF),Source text
63,15 ppm sulfur diesel,3.24,46,note,All / see section,,,,,,Cloud Point – August 1st through March 14th Maximum: -9oC (15.8oF),Source text
63,15 ppm sulfur diesel,3.24,46,note,All / see section,,,,,,Cloud Point – March 15th through July 31st Maximum: -7oC (19.4oF),Source text
63,15 ppm sulfur diesel,3.24,46,note,All / see section,,,,,,3. Origin laboratory certifying sulfur content can qualify the test method used per EPA performance based testing criteria (See,Source text
63,15 ppm sulfur diesel,3.24,46,note,All / see section,,,,,,[W] 80.584 1090 Subpart D).,Source text
63,15 ppm sulfur diesel,3.24,46,note,All / see section,,,,,,4. Either physical or simulated distillation can be used.,Source text
63,15 ppm sulfur diesel,3.24,46,note,All / see section,,,,,,5. May contain up to 5% Renewable Diesel as defined in section 3.2.7.,Source text
63,15 ppm sulfur diesel,3.24,46,note,All / see section,,,,,,"6. Lines #17, 22, 24, and Greensboro local deliveries may contain up to 5% Bio-Diesel (Colonial Grade 49).",Source text
63,15 ppm sulfur diesel,3.24,46,note,All / see section,,,,,,7. Colonial will accept test methods results that are listed in ASTM D975 for all tests. Test methods listed in,Source text
63,15 ppm sulfur diesel,3.24,46,note,All / see section,,,,,,the table above are considered referee methods by Colonial Pipeline. Referee methods apply for any dispute.,Source text
63,15 ppm sulfur diesel,3.24,46,note,All / see section,,,,,,Delivery test results may vary by the smaller of ASTM reproducibility for a given test,Source text
63,15 ppm sulfur diesel,3.24,46,note,All / see section,,,,,,or any test tolerance as allowed by state or EPA regulations at the point of delivery.,Source text
65,Segregated 15 ppm sulfur diesel,3.25,47,context,All / see section,,,,,,3.25 SPECIFICATIONS FOR SEGREGATED 15 ppm SULFUR DISTILLATE GRADE 65,Source text
65,Segregated 15 ppm sulfur diesel,3.25,47,context,All / see section,,,,,,EPA Designation: MVNRLM 15 ppm sulfur,Source text
65,Segregated 15 ppm sulfur diesel,3.25,47,context,All / see section,,,,,,Test Results,Source text
65,Segregated 15 ppm sulfur diesel,3.25,47,context,All / see section,,,,,,ASTM Test,Source text
65,Segregated 15 ppm sulfur diesel,3.25,47,specification,All / see section,Gravity API,D4052,30,,,Gravity API D4052 30,Positionally extracted; verify complex/overprinted tables
65,Segregated 15 ppm sulfur diesel,3.25,47,specification,All / see section,"Flash Point, oF",,,,,"Flash Point, oF",Positionally extracted; verify complex/overprinted tables
65,Segregated 15 ppm sulfur diesel,3.25,47,specification,All / see section,Pensky-Martin,D93,100,,,Pensky-Martin D93 100,Positionally extracted; verify complex/overprinted tables
65,Segregated 15 ppm sulfur diesel,3.25,47,specification,All / see section,Nace Corrosion,TM0172,B+ (origin),,,Nace Corrosion TM0172 B+ (origin),Positionally extracted; verify complex/overprinted tables
65,Segregated 15 ppm sulfur diesel,3.25,47,specification,All / see section,"Total Sulfur, ppmwt",D5453,,15 1,,"Total Sulfur, ppmwt D5453 15 1",Positionally extracted; verify complex/overprinted tables
65,Segregated 15 ppm sulfur diesel,3.25,47,specification,All / see section,Electrical,,,,,Electrical,Positionally extracted; verify complex/overprinted tables
65,Segregated 15 ppm sulfur diesel,3.25,47,specification,All / see section,"Conductivity, pS/m @ 21°C(70°F)",D2624,,250,,"Conductivity, pS/m @ 21°C(70°F) D2624 250",Positionally extracted; verify complex/overprinted tables
65,Segregated 15 ppm sulfur diesel,3.25,47,specification,All / see section,In order to allow for the proper placement,of the batch in our,"sequence, when","nominating the batch,",the,"In order to allow for the proper placement of the batch in our sequence, when nominating the batch, the",Positionally extracted; verify complex/overprinted tables
65,Segregated 15 ppm sulfur diesel,3.25,47,specification,All / see section,shipper must supply to the best of his,knowledge the following,information:,,,shipper must supply to the best of his knowledge the following information:,Positionally extracted; verify complex/overprinted tables
65,Segregated 15 ppm sulfur diesel,3.25,47,specification,All / see section,Gravity,,,,,Gravity,Positionally extracted; verify complex/overprinted tables
65,Segregated 15 ppm sulfur diesel,3.25,47,specification,All / see section,Flash,,,,,Flash,Positionally extracted; verify complex/overprinted tables
65,Segregated 15 ppm sulfur diesel,3.25,47,specification,All / see section,Sulfur,,,,,Sulfur,Positionally extracted; verify complex/overprinted tables
65,Segregated 15 ppm sulfur diesel,3.25,47,specification,All / see section,volume % of Renewable,Diesel,,,,volume % of Renewable Diesel,Positionally extracted; verify complex/overprinted tables
65,Segregated 15 ppm sulfur diesel,3.25,47,specification,All / see section,Any other product property,that does not meet,our fungible specifications,for 63 grade.,,Any other product property that does not meet our fungible specifications for 63 grade.,Positionally extracted; verify complex/overprinted tables
65,Segregated 15 ppm sulfur diesel,3.25,47,specification,All / see section,The pre-shipment documentation with,the actual results must,be received,before shipment.,,The pre-shipment documentation with the actual results must be received before shipment.,Positionally extracted; verify complex/overprinted tables
65,Segregated 15 ppm sulfur diesel,3.25,47,note,All / see section,,,,,,The pre-shipment documentation with the actual results must be received before shipment.,Source text
65,Segregated 15 ppm sulfur diesel,3.25,47,note,All / see section,,,,,,1. Origin laboratory certifying sulfur content can qualify the test method used per EPA performance based testing criteria,Source text
65,Segregated 15 ppm sulfur diesel,3.25,47,note,All / see section,,,,,,(See [W] 80.584 1090 Subpart D).,Source text
65,Segregated 15 ppm sulfur diesel,3.25,47,note,All / see section,,,,,,2. Additive requirements/restrictions - refer to section 3.2.,Source text
65,Segregated 15 ppm sulfur diesel,3.25,47,note,All / see section,,,,,,3. May contain Renewable Diesel as defined in section 3.2.7.,Source text
65,Segregated 15 ppm sulfur diesel,3.25,47,note,All / see section,,,,,,4. Colonial will accept test methods results that are listed in ASTM D975 for all tests. Test methods listed in,Source text
65,Segregated 15 ppm sulfur diesel,3.25,47,note,All / see section,,,,,,the table above are considered referee methods by Colonial Pipeline. Referee methods apply for any dispute.,Source text
65,Segregated 15 ppm sulfur diesel,3.25,47,note,All / see section,,,,,,5. Interface may result in trace amounts of renewable and/or biodiesel in the product depending on delivery,Source text
65,Segregated 15 ppm sulfur diesel,3.25,47,note,All / see section,,,,,,location.,Source text
65,Segregated 15 ppm sulfur diesel,3.25,47,note,All / see section,,,,,,Delivery test results may vary by the smaller of ASTM reproducibility for a given test or any,Source text
65,Segregated 15 ppm sulfur diesel,3.25,47,note,All / see section,,,,,,test tolerance as allowed by state or EPA regulations at the point of delivery.,Source text
67,15 ppm heating oil,3.26,48,context,All / see section,,,,,,SPECIFICATIONS FOR FUNGIBLE 15 ppm SULFUR HEATING OIL [W]CERTIFIED NON-,Source text
67,15 ppm heating oil,3.26,48,context,All / see section,,,,,,3.26.1 TRANSPORTATION 15 ppmDISTILLATE FUEL (CERTIFIED NTDF) GRADE 67,Source text
67,15 ppm heating oil,3.26,48,context,All / see section,,,,,,EPA Designation: Heating Oil [W] (Certified NTDF),Source text
67,15 ppm heating oil,3.26,48,context,All / see section,,,,,,ASTM Test Test Results,Source text
67,15 ppm heating oil,3.26,48,context,All / see section,,,,,,PRODUCT PROPERTY Method Minimum Maximum Note,Source text
67,15 ppm heating oil,3.26,48,context,All / see section,,,,,,Gravity API D4052 30,Source text
67,15 ppm heating oil,3.26,48,context,All / see section,,,,,,"Flash Point, oF",Source text
67,15 ppm heating oil,3.26,48,context,All / see section,,,,,,Pensky-Martin D93 130 Origin,Source text
67,15 ppm heating oil,3.26,48,context,All / see section,,,,,,125.8 Delivery,Source text
67,15 ppm heating oil,3.26,48,context,All / see section,,,,,,"Physical Distillation, °C(oF) D86 4",Source text
67,15 ppm heating oil,3.26,48,context,All / see section,,,,,,50% Report,Source text
67,15 ppm heating oil,3.26,48,context,All / see section,,,,,,90% 282(540) 338(640),Source text
67,15 ppm heating oil,3.26,48,context,All / see section,,,,,,End Point 371 (700),Source text
67,15 ppm heating oil,3.26,48,context,All / see section,,,,,,"or Simulated Distillation, °C(oF) D2887 4",Source text
67,15 ppm heating oil,3.26,48,context,All / see section,,,,,,50% recovered Report,Source text
67,15 ppm heating oil,3.26,48,context,All / see section,,,,,,90% recovered 300(572) 356(673),Source text
67,15 ppm heating oil,3.26,48,context,All / see section,,,,,,End Point 421(790),Source text
67,15 ppm heating oil,3.26,48,context,All / see section,,,,,,Color ASTM D6045 2.5,Source text
67,15 ppm heating oil,3.26,48,context,All / see section,,,,,,Color Visual Undyed,Source text
67,15 ppm heating oil,3.26,48,context,All / see section,,,,,,"Viscosity, cSt @ 40oC (104oF) D445 1.9 4.1",Source text
67,15 ppm heating oil,3.26,48,context,All / see section,,,,,,Pour Point D97 2,Source text
67,15 ppm heating oil,3.26,48,context,All / see section,,,,,,Cloud Point D2500 2,Source text
67,15 ppm heating oil,3.26,48,context,All / see section,,,,,,"Corrosion, 3 hrs. @ 50oC (122oF) D130 1",Source text
67,15 ppm heating oil,3.26,48,context,All / see section,,,,,,"Total Sulfur, ppmwt D5453 11 Origin 3",Source text
67,15 ppm heating oil,3.26,48,context,All / see section,,,,,,14 Delivery,Source text
67,15 ppm heating oil,3.26,48,context,All / see section,,,,,,Cetane Number D613 40,Source text
67,15 ppm heating oil,3.26,48,context,All / see section,,,,,,Aromatics (Volume %) D1319 31.7,Source text
67,15 ppm heating oil,3.26,48,context,All / see section,,,,,,or Aromatics by Cetane Index D976 40,Source text
67,15 ppm heating oil,3.26,48,context,All / see section,,,,,,"Ash, wt.% D482 0.01",Source text
67,15 ppm heating oil,3.26,48,context,All / see section,,,,,,Carbon Residue: Ramsbottom,Source text
67,15 ppm heating oil,3.26,48,context,All / see section,,,,,,on 10% Bottom D524 0.35,Source text
67,15 ppm heating oil,3.26,48,context,All / see section,,,,,,"BS&W, vol.% D2709",Source text
67,15 ppm heating oil,3.26,48,context,All / see section,,,,,,or equivalent < 0.05,Source text
67,15 ppm heating oil,3.26,48,context,All / see section,,,,,,"Thermal stability, 90 minutes",Source text
67,15 ppm heating oil,3.26,48,context,All / see section,,,,,,"150oCPad rating,",Source text
67,15 ppm heating oil,3.26,48,context,All / see section,,,,,,DuPont scale 7,Source text
67,15 ppm heating oil,3.26,48,context,All / see section,,,,,,OR,Source text
67,15 ppm heating oil,3.26,48,context,All / see section,,,,,,Thermal stability D6468,Source text
67,15 ppm heating oil,3.26,48,context,All / see section,,,,,,Y/Green 73%,Source text
67,15 ppm heating oil,3.26,48,context,All / see section,,,,,,W Unit 65%,Source text
67,15 ppm heating oil,3.26,48,context,All / see section,,,,,,OR,Source text
67,15 ppm heating oil,3.26,48,context,All / see section,,,,,,"Oxidation stability, mg/100 ml D2274 2.5",Source text
67,15 ppm heating oil,3.26,48,context,All / see section,,,,,,Haze rating @ 25oC (77oF) D4176,Source text
67,15 ppm heating oil,3.26,48,context,All / see section,,,,,,Procedure 2 2,Source text
67,15 ppm heating oil,3.26,48,context,All / see section,,,,,,Nace Corrosion TM0172 B+ (Origin),Source text
67,15 ppm heating oil,3.26,48,context,All / see section,,,,,,Electrical,Source text
67,15 ppm heating oil,3.26,48,context,All / see section,,,,,,"Conductivity, pS/m @ 21°C(70°F) D2624 250",Source text
67,15 ppm heating oil,3.26,49,context,All / see section,,,,,,SPECIFICATIONS FOR FUNGIBLE 15 ppm SULFUR HEATING OIL [W]CERTIFIED NON-,Source text
67,15 ppm heating oil,3.26,49,context,All / see section,,,,,,3.26.2 TRANSPORTATION 15 ppmDISTILLATE FUEL [W] (CERTIFIED NTDF) GRADE 67,Source text
67,15 ppm heating oil,3.26,49,context,All / see section,,,,,,EPA Designation: Heating Oil [W](certified NTDF),Source text
67,15 ppm heating oil,3.26,49,note,All / see section,,,,,,1. Additive requirements/restrictions - refer to section 3.2.,Source text
67,15 ppm heating oil,3.26,49,note,All / see section,,,,,,2. This schedule denotes the fluidity of the distillate at the time and place of origin.,Source text
67,15 ppm heating oil,3.26,49,note,All / see section,,,,,,Pour Point –August 1st through March 14th Maximum: -18oC (-0.4oF).,Source text
67,15 ppm heating oil,3.26,49,note,All / see section,,,,,,Pour Point – March 15th through July 31st Maximum: -12oC (10.4oF),Source text
67,15 ppm heating oil,3.26,49,note,All / see section,,,,,,Cloud Point – August 1st through March 14th Maximum: -9oC (15.8oF),Source text
67,15 ppm heating oil,3.26,49,note,All / see section,,,,,,Cloud Point – March 15th through July 31st Maximum: -7oC (19.4oF),Source text
67,15 ppm heating oil,3.26,49,note,All / see section,,,,,,3. Origin laboratory certifying sulfur content can qualify the test method used per EPA performance based testing,Source text
67,15 ppm heating oil,3.26,49,note,All / see section,,,,,,criteria (See [W] 80.584 1090 Subpart D).,Source text
67,15 ppm heating oil,3.26,49,note,All / see section,,,,,,4. Either physical or simulated distillation can be used.,Source text
67,15 ppm heating oil,3.26,49,note,All / see section,,,,,,5. Colonial will accept test methods results that are listed in ASTM D975 for all tests. Test methods listed in,Source text
67,15 ppm heating oil,3.26,49,note,All / see section,,,,,,the table above are considered referee methods by Colonial Pipeline. Referee methods apply for any dispute.,Source text
67,15 ppm heating oil,3.26,49,note,All / see section,,,,,,6. Deliveries of 67 grade that are serviced through Colonial's breakout tank farms south of Greensboro which,Source text
67,15 ppm heating oil,3.26,49,note,All / see section,,,,,,"include Pelham, Atlanta, Athens, Belton, Spartanburg, and Charlotte may contain up to 5% Renewable Diesel.",Source text
67,15 ppm heating oil,3.26,49,note,All / see section,,,,,,"7. Deliveries of 67 grade on lines #17, 22, 24, and Greensboro local deliveries may contain up to 5%",Source text
67,15 ppm heating oil,3.26,49,note,All / see section,,,,,,Bio-Diesel and 5% Renewable Diesel.,Source text
67,15 ppm heating oil,3.26,49,note,All / see section,,,,,,Delivery test results may vary by the smaller of ASTM reproducibility for a given test,Source text
67,15 ppm heating oil,3.26,49,note,All / see section,,,,,,or any test tolerance as allowed by state or EPA regulations at the point of delivery.,Source text
69,15 ppm diesel blendstock,3.27,50,context,All / see section,,,,,,3.27 SPECIFICATIONS FOR SEGREGATED 15 ppm SULFUR DISTILLATE BLENDSTOCKS GRADE 69,Source text
69,15 ppm diesel blendstock,3.27,50,context,All / see section,,,,,,EPA Designation: None Required (Product is an unfinished blendstock),Source text
69,15 ppm diesel blendstock,3.27,50,context,All / see section,,,,,,Test Results,Source text
69,15 ppm diesel blendstock,3.27,50,context,All / see section,,,,,,ASTM Test,Source text
69,15 ppm diesel blendstock,3.27,50,specification,All / see section,Gravity API D4052,30,,,,Gravity API D4052 30,Positionally extracted; verify complex/overprinted tables
69,15 ppm diesel blendstock,3.27,50,specification,All / see section,"Flash Point, oF",,,,,"Flash Point, oF",Positionally extracted; verify complex/overprinted tables
69,15 ppm diesel blendstock,3.27,50,specification,All / see section,Pensky-Martin D93,100,,,,Pensky-Martin D93 100,Positionally extracted; verify complex/overprinted tables
69,15 ppm diesel blendstock,3.27,50,specification,All / see section,Nace Corrosion TM0172,B+ (origin),,,,Nace Corrosion TM0172 B+ (origin),Positionally extracted; verify complex/overprinted tables
69,15 ppm diesel blendstock,3.27,50,specification,All / see section,"Total Sulfur, ppmwt D5453",,15,1,,"Total Sulfur, ppmwt D5453 15 1",Positionally extracted; verify complex/overprinted tables
69,15 ppm diesel blendstock,3.27,50,specification,All / see section,Electrical,,,,,Electrical,Positionally extracted; verify complex/overprinted tables
69,15 ppm diesel blendstock,3.27,50,specification,All / see section,"Conductivity, pS/m @ 21°C(70°F) D2624",,250,,,"Conductivity, pS/m @ 21°C(70°F) D2624 250",Positionally extracted; verify complex/overprinted tables
69,15 ppm diesel blendstock,3.27,50,specification,All / see section,In order to allow for the proper placement,"of the batch in our sequence,",when,"nominating the batch, the",,"In order to allow for the proper placement of the batch in our sequence, when nominating the batch, the",Positionally extracted; verify complex/overprinted tables
69,15 ppm diesel blendstock,3.27,50,specification,All / see section,shipper must supply to the best of his knowledge,the following information:,,,,shipper must supply to the best of his knowledge the following information:,Positionally extracted; verify complex/overprinted tables
69,15 ppm diesel blendstock,3.27,50,specification,All / see section,Gravity,,,,,Gravity,Positionally extracted; verify complex/overprinted tables
69,15 ppm diesel blendstock,3.27,50,specification,All / see section,Flash,,,,,Flash,Positionally extracted; verify complex/overprinted tables
69,15 ppm diesel blendstock,3.27,50,specification,All / see section,Sulfur,,,,,Sulfur,Positionally extracted; verify complex/overprinted tables
69,15 ppm diesel blendstock,3.27,50,specification,All / see section,Volume % of Renewable Diesel,,,,,Volume % of Renewable Diesel,Positionally extracted; verify complex/overprinted tables
69,15 ppm diesel blendstock,3.27,50,specification,All / see section,Any other product property,that does not meet our fungible,specifications,for 63 grade.,,Any other product property that does not meet our fungible specifications for 63 grade.,Positionally extracted; verify complex/overprinted tables
69,15 ppm diesel blendstock,3.27,50,specification,All / see section,The pre-shipment documentation with the,actual results must be,received before,shipment.,,The pre-shipment documentation with the actual results must be received before shipment.,Positionally extracted; verify complex/overprinted tables
69,15 ppm diesel blendstock,3.27,50,note,All / see section,,,,,,The pre-shipment documentation with the actual results must be received before shipment.,Source text
69,15 ppm diesel blendstock,3.27,50,note,All / see section,,,,,,1. Origin laboratory certifying sulfur content can qualify the test method used per EPA performance based testing,Source text
69,15 ppm diesel blendstock,3.27,50,note,All / see section,,,,,,criteria (See [W] 80.584 1090 Subpart D).,Source text
69,15 ppm diesel blendstock,3.27,50,note,All / see section,,,,,,2. Additive requirements/restrictions - refer to section 3.2.,Source text
69,15 ppm diesel blendstock,3.27,50,note,All / see section,,,,,,3. May contain Renewable Diesel as defined in section 3.2.7.,Source text
69,15 ppm diesel blendstock,3.27,50,note,All / see section,,,,,,4. Colonial will accept test methods results that are listed in ASTM D975 for all tests. Test methods listed in,Source text
69,15 ppm diesel blendstock,3.27,50,note,All / see section,,,,,,the table above are considered referee methods by Colonial Pipeline. Referee methods apply for any dispute.,Source text
69,15 ppm diesel blendstock,3.27,50,note,All / see section,,,,,,5. Interface may result in trace amounts of renewable and/or biodiesel in the product depending on delivery,Source text
69,15 ppm diesel blendstock,3.27,50,note,All / see section,,,,,,location.,Source text
69,15 ppm diesel blendstock,3.27,50,note,All / see section,,,,,,Delivery test results may vary by the smaller of ASTM reproducibility for a given test or,Source text
69,15 ppm diesel blendstock,3.27,50,note,All / see section,,,,,,any test tolerance as allowed by state or EPA regulations at the point of delivery.,Source text
70,Dyed heating oil (intraharbor),3.28,51,context,All / see section,,,,,,3.28 SPECIFICATIONS FOR SEGREGATED DYED HEATING OIL GRADE 70,Source text
70,Dyed heating oil (intraharbor),3.28,51,context,All / see section,,,,,,FOR INTRAHARBOR MOVEMENTS ONLY,Source text
70,Dyed heating oil (intraharbor),3.28,51,context,All / see section,,,,,,EPA Designation: Heating Oil,Source text
70,Dyed heating oil (intraharbor),3.28,51,context,All / see section,,,,,,This product is for Intraharbor movements only. Test Results,Source text
70,Dyed heating oil (intraharbor),3.28,51,context,All / see section,,,,,,ASTM Test,Source text
70,Dyed heating oil (intraharbor),3.28,51,specification,All / see section,"Total Sulfur, ppmwt",D5453,2000,1,,"Total Sulfur, ppmwt D5453 2000 1",Positionally extracted; verify complex/overprinted tables
70,Dyed heating oil (intraharbor),3.28,51,specification,All / see section,Nace Corrosion,TM0172,B+ (origin),,,Nace Corrosion TM0172 B+ (origin),Positionally extracted; verify complex/overprinted tables
70,Dyed heating oil (intraharbor),3.28,51,specification,All / see section,Dye Requirement,,,,,Dye Requirement,Positionally extracted; verify complex/overprinted tables
70,Dyed heating oil (intraharbor),3.28,51,specification,All / see section,This product must contain,red dye at a minimum,"concentration,",or spectral,,"This product must contain red dye at a minimum concentration, or spectral",Positionally extracted; verify complex/overprinted tables
70,Dyed heating oil (intraharbor),3.28,51,specification,All / see section,equivalence of 3.9 pounds,"of Solid Red #26 per 1,000",barrels.,,,"equivalence of 3.9 pounds of Solid Red #26 per 1,000 barrels.",Positionally extracted; verify complex/overprinted tables
70,Dyed heating oil (intraharbor),3.28,51,specification,All / see section,Grade 70 Fuel Oil must meet all specifications,for Grade 88 Heating,"Oil, with",the exception of the dye,,"Grade 70 Fuel Oil must meet all specifications for Grade 88 Heating Oil, with the exception of the dye",Positionally extracted; verify complex/overprinted tables
70,Dyed heating oil (intraharbor),3.28,51,specification,All / see section,requirement above. Colonial will not,add dye to Grade 70.,,,,requirement above. Colonial will not add dye to Grade 70.,Positionally extracted; verify complex/overprinted tables
70,Dyed heating oil (intraharbor),3.28,51,note,All / see section,,,,,,1. Origin laboratory certifying sulfur content can qualify the test method used per EPA performance based testing,Source text
70,Dyed heating oil (intraharbor),3.28,51,note,All / see section,,,,,,criteria (See [W] 80.584 1090 Subpart D).,Source text
70,Dyed heating oil (intraharbor),3.28,51,note,All / see section,,,,,,2. Additives requirements/restrictions - refer to section 3.2.,Source text
70,Dyed heating oil (intraharbor),3.28,51,note,All / see section,,,,,,3. Colonial will accept test methods results that are listed in ASTM D396 for all tests. Test methods listed in,Source text
70,Dyed heating oil (intraharbor),3.28,51,note,All / see section,,,,,,the table above are considered referee methods by Colonial Pipeline. Referee methods apply for any dispute.,Source text
70,Dyed heating oil (intraharbor),3.28,51,note,All / see section,,,,,,4. Interface may result in trace amounts of renewable and/or biodiesel in the product depending on delivery,Source text
70,Dyed heating oil (intraharbor),3.28,51,note,All / see section,,,,,,location.,Source text
70,Dyed heating oil (intraharbor),3.28,51,note,All / see section,,,,,,Delivery test results may vary by the smaller of ASTM reproducibility for a given test or,Source text
70,Dyed heating oil (intraharbor),3.28,51,note,All / see section,,,,,,any test tolerance as allowed by state or EPA regulations at the point of delivery.,Source text
71,Export distillate fuel,3.29,52,context,All / see section,,,,,,3.29 SPECIFICATIONS FOR SEGREGATED HIGH SULFUR GRADE 71 DISTILLATE FUEL FOR EXPORT ONLY,Source text
71,Export distillate fuel,3.29,52,context,All / see section,,,,,,EPA Designation: Distillate fuel for export only,Source text
71,Export distillate fuel,3.29,52,context,All / see section,,,,,,ASTM Test,Source text
71,Export distillate fuel,3.29,52,specification,All / see section,"Total Sulfur, ppmwt",D5453,,2000 1,,"Total Sulfur, ppmwt D5453 2000 1",Positionally extracted; verify complex/overprinted tables
71,Export distillate fuel,3.29,52,specification,All / see section,Nace Corrosion,TM0172,B+ (origin),,,Nace Corrosion TM0172 B+ (origin),Positionally extracted; verify complex/overprinted tables
71,Export distillate fuel,3.29,52,specification,All / see section,Electrical,,,,,Electrical,Positionally extracted; verify complex/overprinted tables
71,Export distillate fuel,3.29,52,specification,All / see section,"Conductivity, pS/m @ 21°C(70°F)",D2624,,250,,"Conductivity, pS/m @ 21°C(70°F) D2624 250",Positionally extracted; verify complex/overprinted tables
71,Export distillate fuel,3.29,52,specification,All / see section,This product is for export only and is not,required to contain dye.,It may not,be used in the continental,U.S.,This product is for export only and is not required to contain dye. It may not be used in the continental U.S.,Positionally extracted; verify complex/overprinted tables
71,Export distillate fuel,3.29,52,specification,All / see section,without the addition of dye to meet domestic,fuel oil requirements.,,,,without the addition of dye to meet domestic fuel oil requirements.,Positionally extracted; verify complex/overprinted tables
71,Export distillate fuel,3.29,52,specification,All / see section,In order to allow for the proper placement,"of the batch in our sequence,",when,"nominating the batch, the",,"In order to allow for the proper placement of the batch in our sequence, when nominating the batch, the",Positionally extracted; verify complex/overprinted tables
71,Export distillate fuel,3.29,52,specification,All / see section,shipper must supply to the best of his knowledge,the following information:,,,,shipper must supply to the best of his knowledge the following information:,Positionally extracted; verify complex/overprinted tables
71,Export distillate fuel,3.29,52,specification,All / see section,Gravity,,,,,Gravity,Positionally extracted; verify complex/overprinted tables
71,Export distillate fuel,3.29,52,specification,All / see section,Flash,,,,,Flash,Positionally extracted; verify complex/overprinted tables
71,Export distillate fuel,3.29,52,specification,All / see section,Sulfur,,,,,Sulfur,Positionally extracted; verify complex/overprinted tables
71,Export distillate fuel,3.29,52,specification,All / see section,Any other product property,that does not meet,our fungible,specifications for 75 grade.,,Any other product property that does not meet our fungible specifications for 75 grade.,Positionally extracted; verify complex/overprinted tables
71,Export distillate fuel,3.29,52,specification,All / see section,The pre-shipment documentation with the,actual results must be,received before,shipment.,,The pre-shipment documentation with the actual results must be received before shipment.,Positionally extracted; verify complex/overprinted tables
71,Export distillate fuel,3.29,52,note,All / see section,,,,,,1. Origin laboratory certifying sulfur content can qualify the test method used per EPA performance based testing criteria (See,Source text
71,Export distillate fuel,3.29,52,note,All / see section,,,,,,[W] 80.584 1090 Subpart D).,Source text
71,Export distillate fuel,3.29,52,note,All / see section,,,,,,2. Additive requirements/restrictions - refer to section 3.2.,Source text
71,Export distillate fuel,3.29,52,note,All / see section,,,,,,3. Colonial will accept test methods results that are listed in ASTM D396 for all tests. Test methods listed in,Source text
71,Export distillate fuel,3.29,52,note,All / see section,,,,,,the table above are considered referee methods by Colonial Pipeline. Referee methods apply for any dispute.,Source text
71,Export distillate fuel,3.29,52,note,All / see section,,,,,,4. Interface may result in trace amounts of renewable and/or biodiesel in the product depending on delivery location.,Source text
71,Export distillate fuel,3.29,52,note,All / see section,,,,,,Delivery test results may vary by the smaller of ASTM reproducibility for a given test or any test,Source text
71,Export distillate fuel,3.29,52,note,All / see section,,,,,,tolerance as allowed by state or EPA regulations at the point of delivery.,Source text
72,500 ppm diesel blendstock,3.30,53,context,All / see section,,,,,,3.30 SPECIFICATIONS FOR SEGREGATED DISTILLATE BLENDSTOCKS GRADE 72,Source text
72,500 ppm diesel blendstock,3.30,53,context,All / see section,,,,,,EPA Designation: None Required (Product is an unfinished blendstock),Source text
72,500 ppm diesel blendstock,3.30,53,context,All / see section,,,,,,Test Results,Source text
72,500 ppm diesel blendstock,3.30,53,context,All / see section,,,,,,ASTM Test,Source text
72,500 ppm diesel blendstock,3.30,53,specification,All / see section,Gravity API D4052,25,42,,,Gravity API D4052 25 42,Positionally extracted; verify complex/overprinted tables
72,500 ppm diesel blendstock,3.30,53,specification,All / see section,"Flash Point, oF",,,,,"Flash Point, oF",Positionally extracted; verify complex/overprinted tables
72,500 ppm diesel blendstock,3.30,53,specification,All / see section,Pensky-Martin D93,100,,,,Pensky-Martin D93 100,Positionally extracted; verify complex/overprinted tables
72,500 ppm diesel blendstock,3.30,53,specification,All / see section,Nace Corrosion TM0172,B+,(origin),,,Nace Corrosion TM0172 B+ (origin),Positionally extracted; verify complex/overprinted tables
72,500 ppm diesel blendstock,3.30,53,specification,All / see section,"Total Sulfur, ppmwt D5453",,500,1,,"Total Sulfur, ppmwt D5453 500 1",Positionally extracted; verify complex/overprinted tables
72,500 ppm diesel blendstock,3.30,53,specification,All / see section,Electrical,,,,,Electrical,Positionally extracted; verify complex/overprinted tables
72,500 ppm diesel blendstock,3.30,53,specification,All / see section,"Conductivity, pS/m @ 21°C(70°F) D2624",,250,,,"Conductivity, pS/m @ 21°C(70°F) D2624 250",Positionally extracted; verify complex/overprinted tables
72,500 ppm diesel blendstock,3.30,53,specification,All / see section,In order to allow for the proper placement,"of the batch in our sequence,",when,"nominating the batch,",the,"In order to allow for the proper placement of the batch in our sequence, when nominating the batch, the",Positionally extracted; verify complex/overprinted tables
72,500 ppm diesel blendstock,3.30,53,specification,All / see section,shipper must supply to the best of his knowledge,the following information:,,,,shipper must supply to the best of his knowledge the following information:,Positionally extracted; verify complex/overprinted tables
72,500 ppm diesel blendstock,3.30,53,specification,All / see section,Gravity,,,,,Gravity,Positionally extracted; verify complex/overprinted tables
72,500 ppm diesel blendstock,3.30,53,specification,All / see section,Flash,,,,,Flash,Positionally extracted; verify complex/overprinted tables
72,500 ppm diesel blendstock,3.30,53,specification,All / see section,Sulfur,,,,,Sulfur,Positionally extracted; verify complex/overprinted tables
72,500 ppm diesel blendstock,3.30,53,specification,All / see section,Any other product property,that does not meet our,fungible specifications,for 62 grade.,,Any other product property that does not meet our fungible specifications for 62 grade.,Positionally extracted; verify complex/overprinted tables
72,500 ppm diesel blendstock,3.30,53,specification,All / see section,The pre-shipment documentation with,the actual results must be,received before,shipment.,,The pre-shipment documentation with the actual results must be received before shipment.,Positionally extracted; verify complex/overprinted tables
72,500 ppm diesel blendstock,3.30,53,note,All / see section,,,,,,The pre-shipment documentation with the actual results must be received before shipment.,Source text
72,500 ppm diesel blendstock,3.30,53,note,All / see section,,,,,,1. Origin laboratory certifying sulfur content can qualify the test method used per EPA performance based,Source text
72,500 ppm diesel blendstock,3.30,53,note,All / see section,,,,,,testing criteria (See [W] 80.584 1090 Subpart D).,Source text
72,500 ppm diesel blendstock,3.30,53,note,All / see section,,,,,,2. Additive requirements/restrictions - refer to section 3.2.,Source text
72,500 ppm diesel blendstock,3.30,53,note,All / see section,,,,,,3. Colonial will accept test methods results that are listed in ASTM D396 for all tests. Test methods listed in,Source text
72,500 ppm diesel blendstock,3.30,53,note,All / see section,,,,,,the table above are considered referee methods by Colonial Pipeline. Referee methods apply for any dispute.,Source text
72,500 ppm diesel blendstock,3.30,53,note,All / see section,,,,,,4. Interface may result in trace amounts of renewable and/or biodiesel in the product depending on delivery location.,Source text
72,500 ppm diesel blendstock,3.30,53,note,All / see section,,,,,,Delivery test results may vary by the smaller of ASTM reproducibility for a given test or,Source text
72,500 ppm diesel blendstock,3.30,53,note,All / see section,,,,,,any test tolerance as allowed by state or EPA regulations at the point of delivery.,Source text
73,500 ppm LM diesel,3.31,54,context,All / see section,,,,,,3.31 SPECIFICATIONS FOR SEGREGATED 500 ppm LOCOMOTIVE FUEL GRADE 73,Source text
73,500 ppm LM diesel,3.31,54,context,All / see section,,,,,,EPA Designation: LM 500 ppm sulfur diesel fuel,Source text
73,500 ppm LM diesel,3.31,54,context,All / see section,,,,,,Test Results,Source text
73,500 ppm LM diesel,3.31,54,context,All / see section,,,,,,ASTM Test,Source text
73,500 ppm LM diesel,3.31,54,specification,All / see section,"Sulfur, ppmwt",D5453,,500 1,,"Sulfur, ppmwt D5453 500 1",Positionally extracted; verify complex/overprinted tables
73,500 ppm LM diesel,3.31,54,specification,All / see section,Flash Point oF,D93,140,,,Flash Point oF D93 140,Positionally extracted; verify complex/overprinted tables
73,500 ppm LM diesel,3.31,54,specification,All / see section,Nace Corrosion,TM0172,B+ (origin),,,Nace Corrosion TM0172 B+ (origin),Positionally extracted; verify complex/overprinted tables
73,500 ppm LM diesel,3.31,54,specification,All / see section,Electrical,,,,,Electrical,Positionally extracted; verify complex/overprinted tables
73,500 ppm LM diesel,3.31,54,specification,All / see section,"Conductivity, pS/m @ 21°C(70°F)",D2624,,250,,"Conductivity, pS/m @ 21°C(70°F) D2624 250",Positionally extracted; verify complex/overprinted tables
73,500 ppm LM diesel,3.31,54,specification,All / see section,In order to allow for the proper placement,of the batch in our,"sequence, when","nominating the batch,",the,"In order to allow for the proper placement of the batch in our sequence, when nominating the batch, the",Positionally extracted; verify complex/overprinted tables
73,500 ppm LM diesel,3.31,54,specification,All / see section,shipper must supply to the best of his knowledge,the following,information:,,,shipper must supply to the best of his knowledge the following information:,Positionally extracted; verify complex/overprinted tables
73,500 ppm LM diesel,3.31,54,specification,All / see section,Gravity,,,,,Gravity,Positionally extracted; verify complex/overprinted tables
73,500 ppm LM diesel,3.31,54,specification,All / see section,Flash,,,,,Flash,Positionally extracted; verify complex/overprinted tables
73,500 ppm LM diesel,3.31,54,specification,All / see section,Any other product property,that does not meet,our fungible,specifications for 73 grade.,,Any other product property that does not meet our fungible specifications for 73 grade.,Positionally extracted; verify complex/overprinted tables
73,500 ppm LM diesel,3.31,54,specification,All / see section,The pre-shipment documentation with,the actual results must,be received before,shipment.,,The pre-shipment documentation with the actual results must be received before shipment.,Positionally extracted; verify complex/overprinted tables
73,500 ppm LM diesel,3.31,54,note,All / see section,,,,,,1. Origin laboratory certifying sulfur content can qualify the test method used per EPA performance based,Source text
73,500 ppm LM diesel,3.31,54,note,All / see section,,,,,,testing criteria (See [W] 80.584 1090 Subpart D).,Source text
73,500 ppm LM diesel,3.31,54,note,All / see section,,,,,,2. Additive requirements/restrictions - refer to section 3.2.,Source text
73,500 ppm LM diesel,3.31,54,note,All / see section,,,,,,Interface may result in trace amounts of renewable and/or biodiesel in the product depending on delivery location.,Source text
73,500 ppm LM diesel,3.31,54,note,All / see section,,,,,,3. Colonial will accept test methods results that are listed in ASTM D396 for all tests. Test methods listed in,Source text
73,500 ppm LM diesel,3.31,54,note,All / see section,,,,,,the table above are considered referee methods by Colonial Pipeline. Referee methods apply for any dispute.,Source text
73,500 ppm LM diesel,3.31,54,note,All / see section,,,,,,4. Interface may result in trace amounts of renewable and/or biodiesel in the product depending on delivery,Source text
73,500 ppm LM diesel,3.31,54,note,All / see section,,,,,,location.,Source text
73,500 ppm LM diesel,3.31,54,note,All / see section,,,,,,Delivery test results may vary by the smaller of ASTM reproducibility for a given test or,Source text
73,500 ppm LM diesel,3.31,54,note,All / see section,,,,,,any test tolerance as allowed by state or EPA regulations at the point of delivery.,Source text
75,420 ppm heating oil,3.32,55,context,All / see section,,,,,,3.32.1,Source text
75,420 ppm heating oil,3.32,55,context,All / see section,,,,,,SPECIFICATIONS FOR FUNGIBLE 500 ppm SULFUR HEATING OIL GRADE 75,Source text
75,420 ppm heating oil,3.32,55,context,All / see section,,,,,,EPA Designation: Heating Oil,Source text
75,420 ppm heating oil,3.32,55,context,All / see section,,,,,,ASTM Test Test Results,Source text
75,420 ppm heating oil,3.32,55,context,All / see section,,,,,,PRODUCT PROPERTY Method Minimum Maximum Note,Source text
75,420 ppm heating oil,3.32,55,context,All / see section,,,,,,Gravity API D4052 30,Source text
75,420 ppm heating oil,3.32,55,context,All / see section,,,,,,"Flash Point, oF",Source text
75,420 ppm heating oil,3.32,55,context,All / see section,,,,,,Pensky-Martin D93 124 Origin,Source text
75,420 ppm heating oil,3.32,55,context,All / see section,,,,,,116 Delivery,Source text
75,420 ppm heating oil,3.32,55,context,All / see section,,,,,,"Physical Distillation, °C(oF) D86 4",Source text
75,420 ppm heating oil,3.32,55,context,All / see section,,,,,,50% Report,Source text
75,420 ppm heating oil,3.32,55,context,All / see section,,,,,,90% 282(540) 338(640),Source text
75,420 ppm heating oil,3.32,55,context,All / see section,,,,,,End Point 371 (700),Source text
75,420 ppm heating oil,3.32,55,context,All / see section,,,,,,"or Simulated Distillation, °C(oF) D2887 4",Source text
75,420 ppm heating oil,3.32,55,context,All / see section,,,,,,50% recovered Report,Source text
75,420 ppm heating oil,3.32,55,context,All / see section,,,,,,90% recovered 300(572) 356(673),Source text
75,420 ppm heating oil,3.32,55,context,All / see section,,,,,,End Point 421(790),Source text
75,420 ppm heating oil,3.32,55,context,All / see section,,,,,,Color ASTM D6045 2.5 3,Source text
75,420 ppm heating oil,3.32,55,context,All / see section,,,,,,Color Visual Undyed,Source text
75,420 ppm heating oil,3.32,55,context,All / see section,,,,,,"Viscosity, cSt @ 40oC (104oF) D445 1.9 4.1",Source text
75,420 ppm heating oil,3.32,55,context,All / see section,,,,,,Pour Point D97 2,Source text
75,420 ppm heating oil,3.32,55,context,All / see section,,,,,,Cloud Point D2500 2,Source text
75,420 ppm heating oil,3.32,55,context,All / see section,,,,,,"Corrosion, 3 hrs. @ 50oC (122oF) D130 1",Source text
75,420 ppm heating oil,3.32,55,context,All / see section,,,,,,"Total Sulfur, ppmwt D5453 5",Source text
75,420 ppm heating oil,3.32,55,context,All / see section,,,,,,420 Origin,Source text
75,420 ppm heating oil,3.32,55,context,All / see section,,,,,,500 Delivery,Source text
75,420 ppm heating oil,3.32,55,context,All / see section,,,,,,Aromatics (Volume %) D1319 31.7,Source text
75,420 ppm heating oil,3.32,55,context,All / see section,,,,,,or Aromatics by Cetane Index D976 40,Source text
75,420 ppm heating oil,3.32,55,context,All / see section,,,,,,"Ash, wt.% D482 0.01",Source text
75,420 ppm heating oil,3.32,55,context,All / see section,,,,,,Carbon Residue: Ramsbottom,Source text
75,420 ppm heating oil,3.32,55,context,All / see section,,,,,,on 10% Bottom D524 0.35,Source text
75,420 ppm heating oil,3.32,55,context,All / see section,,,,,,"BS&W, vol.% D2709",Source text
75,420 ppm heating oil,3.32,55,context,All / see section,,,,,,or equivalent < 0.05,Source text
75,420 ppm heating oil,3.32,55,context,All / see section,,,,,,"Thermal stability, 90 minutes",Source text
75,420 ppm heating oil,3.32,55,context,All / see section,,,,,,"150oCPad rating,",Source text
75,420 ppm heating oil,3.32,55,context,All / see section,,,,,,DuPont scale 7,Source text
75,420 ppm heating oil,3.32,55,context,All / see section,,,,,,OR,Source text
75,420 ppm heating oil,3.32,55,context,All / see section,,,,,,Thermal stability D6468,Source text
75,420 ppm heating oil,3.32,55,context,All / see section,,,,,,Y/Green 73%,Source text
75,420 ppm heating oil,3.32,55,context,All / see section,,,,,,W Unit 65%,Source text
75,420 ppm heating oil,3.32,55,context,All / see section,,,,,,OR,Source text
75,420 ppm heating oil,3.32,55,context,All / see section,,,,,,"Oxidation stability, mg/100 ml D2274 2.5",Source text
75,420 ppm heating oil,3.32,55,context,All / see section,,,,,,Haze rating @ 25oC (77oF) D4176,Source text
75,420 ppm heating oil,3.32,55,context,All / see section,,,,,,Procedure 2 2,Source text
75,420 ppm heating oil,3.32,55,context,All / see section,,,,,,Nace Corrosion TM0172 B+ (Origin),Source text
75,420 ppm heating oil,3.32,55,context,All / see section,,,,,,Electrical,Source text
75,420 ppm heating oil,3.32,55,context,All / see section,,,,,,"Conductivity, pS/m @ 21°C(70°F) D2624 250",Source text
75,420 ppm heating oil,3.32,56,context,All / see section,,,,,,3.32.2,Source text
75,420 ppm heating oil,3.32,56,context,All / see section,,,,,,SPECIFICATIONS FOR FUNGIBLE 500 ppm SULFUR HEATING OIL GRADE 75,Source text
75,420 ppm heating oil,3.32,56,note,All / see section,,,,,,1. Additive requirements/restrictions - refer to section 3.2.,Source text
75,420 ppm heating oil,3.32,56,note,All / see section,,,,,,2. This schedule denotes the fluidity of the distillate at the time and place of origin.,Source text
75,420 ppm heating oil,3.32,56,note,All / see section,,,,,,Pour Point –August 1st through March 14th Maximum: -18oC (-0.4oF).,Source text
75,420 ppm heating oil,3.32,56,note,All / see section,,,,,,Pour Point – March 15th through July 31st Maximum: -12oC (10.4oF),Source text
75,420 ppm heating oil,3.32,56,note,All / see section,,,,,,Cloud Point – August 1st through March 14th Maximum: -9oC (15.8oF),Source text
75,420 ppm heating oil,3.32,56,note,All / see section,,,,,,Cloud Point – March 15th through July 31st Maximum: -7oC (19.4oF),Source text
75,420 ppm heating oil,3.32,56,note,All / see section,,,,,,3. ASTM color measurement before addition of dye.,Source text
75,420 ppm heating oil,3.32,56,note,All / see section,,,,,,4. Either physical or simulated distillation can be used.,Source text
75,420 ppm heating oil,3.32,56,note,All / see section,,,,,,5. Origin laboratory certifying sulfur content can qualify the test method used per EPA performance based testing,Source text
75,420 ppm heating oil,3.32,56,note,All / see section,,,,,,criteria (See [W] 80.584 1090 Subpart D).,Source text
75,420 ppm heating oil,3.32,56,note,All / see section,,,,,,6. Interface may result in trace amounts of renewable and/or biodiesel in the product depending on,Source text
75,420 ppm heating oil,3.32,56,note,All / see section,,,,,,delivery location.,Source text
75,420 ppm heating oil,3.32,56,note,All / see section,,,,,,7. Colonial will accept test methods results that are listed in ASTM D975 for all tests. Test methods listed in,Source text
75,420 ppm heating oil,3.32,56,note,All / see section,,,,,,the table above are considered referee methods by Colonial Pipeline. Referee methods apply for any dispute.,Source text
75,420 ppm heating oil,3.32,56,note,All / see section,,,,,,Delivery test results may vary by the smaller of ASTM reproducibility for a given test,Source text
75,420 ppm heating oil,3.32,56,note,All / see section,,,,,,or any test tolerance as allowed by state or EPA regulations at the point of delivery.,Source text
77,2000 ppm heating oil,3.33,57,context,All / see section,,,,,,3.33.1 SPECIFICATIONS FOR FUNGIBLE HIGH SULFUR UNDYED HEATING OIL GRADE 77,Source text
77,2000 ppm heating oil,3.33,57,context,All / see section,,,,,,EPA Designation: Heating Oil,Source text
77,2000 ppm heating oil,3.33,57,context,All / see section,,,,,,ASTM Test Test Results,Source text
77,2000 ppm heating oil,3.33,57,context,All / see section,,,,,,PRODUCT PROPERTY Method Minimum Maximum Note,Source text
77,2000 ppm heating oil,3.33,57,context,All / see section,,,,,,Gravity API D4052 30,Source text
77,2000 ppm heating oil,3.33,57,context,All / see section,,,,,,"Flash Point, oF",Source text
77,2000 ppm heating oil,3.33,57,context,All / see section,,,,,,Pensky-Martin D93 124 Origin,Source text
77,2000 ppm heating oil,3.33,57,context,All / see section,,,,,,116 Delivery,Source text
77,2000 ppm heating oil,3.33,57,context,All / see section,,,,,,"Physical Distillation, °C(oF) D86 5",Source text
77,2000 ppm heating oil,3.33,57,context,All / see section,,,,,,50% Report,Source text
77,2000 ppm heating oil,3.33,57,context,All / see section,,,,,,90% 282(540) 338(640),Source text
77,2000 ppm heating oil,3.33,57,context,All / see section,,,,,,End Point 371 (700),Source text
77,2000 ppm heating oil,3.33,57,context,All / see section,,,,,,"or Simulated Distillation, °C(oF) D2887 5",Source text
77,2000 ppm heating oil,3.33,57,context,All / see section,,,,,,50% recovered Report,Source text
77,2000 ppm heating oil,3.33,57,context,All / see section,,,,,,90% recovered 300(572) 356(673),Source text
77,2000 ppm heating oil,3.33,57,context,All / see section,,,,,,End Point 421(790),Source text
77,2000 ppm heating oil,3.33,57,context,All / see section,,,,,,Color ASTM D6045 2.5 3,Source text
77,2000 ppm heating oil,3.33,57,context,All / see section,,,,,,Color Undyed,Source text
77,2000 ppm heating oil,3.33,57,context,All / see section,,,,,,"Viscosity, cSt @ 40oC (104oF) D445 1.9 4.1",Source text
77,2000 ppm heating oil,3.33,57,context,All / see section,,,,,,Pour Point D97 2,Source text
77,2000 ppm heating oil,3.33,57,context,All / see section,,,,,,Cloud Point D2500 2,Source text
77,2000 ppm heating oil,3.33,57,context,All / see section,,,,,,"Corrosion, 3 hrs. @ 50oC (122oF) D130 1",Source text
77,2000 ppm heating oil,3.33,57,context,All / see section,,,,,,"Total Sulfur, ppmwt D4294 2000 4",Source text
77,2000 ppm heating oil,3.33,57,context,All / see section,,,,,,"Ash, wt.% D482 0.01",Source text
77,2000 ppm heating oil,3.33,57,context,All / see section,,,,,,Carbon Residue: Ramsbottom,Source text
77,2000 ppm heating oil,3.33,57,context,All / see section,,,,,,on 10% Bottom D524 0.35,Source text
77,2000 ppm heating oil,3.33,57,context,All / see section,,,,,,"BS&W, vol.% D2709",Source text
77,2000 ppm heating oil,3.33,57,context,All / see section,,,,,,or equivalent < 0.05,Source text
77,2000 ppm heating oil,3.33,57,context,All / see section,,,,,,"Thermal stability, 90 minutes",Source text
77,2000 ppm heating oil,3.33,57,context,All / see section,,,,,,"150oCPad rating,",Source text
77,2000 ppm heating oil,3.33,57,context,All / see section,,,,,,DuPont scale 7,Source text
77,2000 ppm heating oil,3.33,57,context,All / see section,,,,,,OR,Source text
77,2000 ppm heating oil,3.33,57,context,All / see section,,,,,,Thermal stability D6468,Source text
77,2000 ppm heating oil,3.33,57,context,All / see section,,,,,,Y/Green 73%,Source text
77,2000 ppm heating oil,3.33,57,context,All / see section,,,,,,W Unit 65%,Source text
77,2000 ppm heating oil,3.33,57,context,All / see section,,,,,,OR,Source text
77,2000 ppm heating oil,3.33,57,context,All / see section,,,,,,"Oxidation stability, mg/100 ml D2274 2.5",Source text
77,2000 ppm heating oil,3.33,57,context,All / see section,,,,,,Haze rating @ 25oC (77oF) D4176,Source text
77,2000 ppm heating oil,3.33,57,context,All / see section,,,,,,Procedure 2 2,Source text
77,2000 ppm heating oil,3.33,57,context,All / see section,,,,,,Nace Corrosion TM0172 B+ (Origin),Source text
77,2000 ppm heating oil,3.33,57,context,All / see section,,,,,,Electrical,Source text
77,2000 ppm heating oil,3.33,57,context,All / see section,,,,,,"Conductivity, pS/m @ 21°C(70°F) D2624 250",Source text
77,2000 ppm heating oil,3.33,58,context,All / see section,,,,,,3.33.2 SPECIFICATIONS FOR FUNGIBLE HIGH SULFUR UNDYED HEATING OIL GRADE 77,Source text
77,2000 ppm heating oil,3.33,58,context,All / see section,,,,,,EPA Designation: Heating Oil,Source text
77,2000 ppm heating oil,3.33,58,note,All / see section,,,,,,1. Additive requirements/restrictions - refer to section 3.2.,Source text
77,2000 ppm heating oil,3.33,58,note,All / see section,,,,,,2. This schedule denotes the fluidity of the distillate at the time and place of origin.,Source text
77,2000 ppm heating oil,3.33,58,note,All / see section,,,,,,Pour Point –August 1st through March 14th Maximum: -18oC (-0.4oF).,Source text
77,2000 ppm heating oil,3.33,58,note,All / see section,,,,,,Pour Point – March 15th through July 31st Maximum: -12oC (10.4oF),Source text
77,2000 ppm heating oil,3.33,58,note,All / see section,,,,,,Cloud Point – August 1st through March 14th Maximum: -9oC (15.8oF),Source text
77,2000 ppm heating oil,3.33,58,note,All / see section,,,,,,Cloud Point – March 15th through July 31st Maximum: -7oC (19.4oF),Source text
77,2000 ppm heating oil,3.33,58,note,All / see section,,,,,,3. ASTM color measurement before addition of dye.,Source text
77,2000 ppm heating oil,3.33,58,note,All / see section,,,,,,4. Origin laboratory certifying sulfur content can qualify the test method used per EPA performance based testing,Source text
77,2000 ppm heating oil,3.33,58,note,All / see section,,,,,,criteria (See [W] 80.584 1090 Subpart D).,Source text
77,2000 ppm heating oil,3.33,58,note,All / see section,,,,,,5. Either physical or simulated distillation can be used.,Source text
77,2000 ppm heating oil,3.33,58,note,All / see section,,,,,,6. Colonial will accept test methods results that are listed in ASTM D396 for all tests. Test methods listed in,Source text
77,2000 ppm heating oil,3.33,58,note,All / see section,,,,,,the table above are considered referee methods by Colonial Pipeline. Referee methods apply for any dispute.,Source text
77,2000 ppm heating oil,3.33,58,note,All / see section,,,,,,7. Interface may result in trace amounts of renewable and/or biodiesel in the product depending on delivery,Source text
77,2000 ppm heating oil,3.33,58,note,All / see section,,,,,,location.,Source text
77,2000 ppm heating oil,3.33,58,note,All / see section,,,,,,Delivery test results may vary by the smaller of ASTM reproducibility for a given test,Source text
77,2000 ppm heating oil,3.33,58,note,All / see section,,,,,,or any test tolerance as allowed by state or EPA regulations at the point of delivery.,Source text
78,Military marine diesel,3.34,59,context,All / see section,,,,,,3.34 SPECIFICATIONS FOR FUNGIBLE MILITARY DIESEL FUEL MARINE GRADE 78,Source text
78,Military marine diesel,3.34,59,context,All / see section,,,,,,EPA Designation: Except distillate covered by national security exemption under 80.606,Source text
78,Military marine diesel,3.34,59,context,All / see section,,,,,,Shipments of Grade 78 must meet the latest military specification for DFM.,Source text
78,Military marine diesel,3.34,59,note,All / see section,,,,,,1. Interface may result in trace amounts of renewable and/or biodiesel in the product depending on delivery,Source text
78,Military marine diesel,3.34,59,note,All / see section,,,,,,location.,Source text
79,Distillate blendstock,3.35,60,context,All / see section,,,,,,3.35 SPECIFICATIONS FOR SEGREGATED DISTILLATE BLENDSTOCKS GRADE 79,Source text
79,Distillate blendstock,3.35,60,context,All / see section,,,,,,EPA Designation: None Required (Product is an unfinished blendstock),Source text
79,Distillate blendstock,3.35,60,context,All / see section,,,,,,Test Results,Source text
79,Distillate blendstock,3.35,60,context,All / see section,,,,,,ASTM Test,Source text
79,Distillate blendstock,3.35,60,specification,All / see section,Gravity API D4052,25,42,,,Gravity API D4052 25 42,Positionally extracted; verify complex/overprinted tables
79,Distillate blendstock,3.35,60,specification,All / see section,"Flash Point, oF",,,,,"Flash Point, oF",Positionally extracted; verify complex/overprinted tables
79,Distillate blendstock,3.35,60,specification,All / see section,Pensky-Martin D93,100,,,,Pensky-Martin D93 100,Positionally extracted; verify complex/overprinted tables
79,Distillate blendstock,3.35,60,specification,All / see section,Nace Corrosion TM0172,B+,(origin),,,Nace Corrosion TM0172 B+ (origin),Positionally extracted; verify complex/overprinted tables
79,Distillate blendstock,3.35,60,specification,All / see section,"Total Sulfur, ppmwt D7039",,10000,1,,"Total Sulfur, ppmwt D7039 10000 1",Positionally extracted; verify complex/overprinted tables
79,Distillate blendstock,3.35,60,specification,All / see section,Electrical,,,,,Electrical,Positionally extracted; verify complex/overprinted tables
79,Distillate blendstock,3.35,60,specification,All / see section,"Conductivity, pS/m @ 21°C(70°F) D2624",,250,,,"Conductivity, pS/m @ 21°C(70°F) D2624 250",Positionally extracted; verify complex/overprinted tables
79,Distillate blendstock,3.35,60,specification,All / see section,In order to allow for the proper placement,"of the batch in our sequence,",when,"nominating the batch, the",,"In order to allow for the proper placement of the batch in our sequence, when nominating the batch, the",Positionally extracted; verify complex/overprinted tables
79,Distillate blendstock,3.35,60,specification,All / see section,shipper must supply to the best of his knowledge,the following information:,,,,shipper must supply to the best of his knowledge the following information:,Positionally extracted; verify complex/overprinted tables
79,Distillate blendstock,3.35,60,specification,All / see section,Gravity,,,,,Gravity,Positionally extracted; verify complex/overprinted tables
79,Distillate blendstock,3.35,60,specification,All / see section,Flash,,,,,Flash,Positionally extracted; verify complex/overprinted tables
79,Distillate blendstock,3.35,60,specification,All / see section,Sulfur,,,,,Sulfur,Positionally extracted; verify complex/overprinted tables
79,Distillate blendstock,3.35,60,specification,All / see section,Any other product property that,does not meet our fungible,specifications,for 77 grade.,,Any other product property that does not meet our fungible specifications for 77 grade.,Positionally extracted; verify complex/overprinted tables
79,Distillate blendstock,3.35,60,specification,All / see section,The pre-shipment documentation with the,actual results must be,received before,shipment.,,The pre-shipment documentation with the actual results must be received before shipment.,Positionally extracted; verify complex/overprinted tables
79,Distillate blendstock,3.35,60,note,All / see section,,,,,,The pre-shipment documentation with the actual results must be received before shipment.,Source text
79,Distillate blendstock,3.35,60,note,All / see section,,,,,,1. Origin laboratory certifying sulfur content can qualify the test method used per EPA performance based testing,Source text
79,Distillate blendstock,3.35,60,note,All / see section,,,,,,criteria (See [W] 80.584 1090 Subpart D).,Source text
79,Distillate blendstock,3.35,60,note,All / see section,,,,,,2. Additive requirements/restrictions - refer to section 3.2.,Source text
79,Distillate blendstock,3.35,60,note,All / see section,,,,,,3. Colonial will accept test methods results that are listed in ASTM D396 for all tests. Test methods,Source text
79,Distillate blendstock,3.35,60,note,All / see section,,,,,,listed in the table above are considered referee methods by Colonial Pipeline. Referee methods apply for,Source text
79,Distillate blendstock,3.35,60,note,All / see section,,,,,,any dispute.,Source text
79,Distillate blendstock,3.35,60,note,All / see section,,,,,,4. Interface may result in trace amounts of renewable and/or biodiesel in the product depending on delivery,Source text
79,Distillate blendstock,3.35,60,note,All / see section,,,,,,location.,Source text
79,Distillate blendstock,3.35,60,note,All / see section,,,,,,Delivery test results may vary by the smaller of ASTM reproducibility for a given test,Source text
79,Distillate blendstock,3.35,60,note,All / see section,,,,,,or any test tolerance as allowed by state or EPA regulations at the point of delivery.,Source text
80,Dyed 420 ppm LM diesel,3.36,61,context,All / see section,,,,,,3.36.1 SPECIFICATIONS FOR FUNGIBLE 500 ppm SULFUR LOCOMOTIVE MARINE DIESEL FUEL DYED BY,Source text
80,Dyed 420 ppm LM diesel,3.36,61,context,All / see section,,,,,,CPC GRADE 80,Source text
80,Dyed 420 ppm LM diesel,3.36,61,context,All / see section,,,,,,EPA Designation: LM 500 ppm sulfur diesel fuel,Source text
80,Dyed 420 ppm LM diesel,3.36,61,context,All / see section,,,,,,ASTM Test Test Results,Source text
80,Dyed 420 ppm LM diesel,3.36,61,context,All / see section,,,,,,PRODUCT PROPERTY Method Minimum Maximum Note,Source text
80,Dyed 420 ppm LM diesel,3.36,61,context,All / see section,,,,,,Gravity API D4052 30,Source text
80,Dyed 420 ppm LM diesel,3.36,61,context,All / see section,,,,,,"Flash Point, oF Pensky-Martin D93 130 Origin",Source text
80,Dyed 420 ppm LM diesel,3.36,61,context,All / see section,,,,,,125.8 Delivery,Source text
80,Dyed 420 ppm LM diesel,3.36,61,context,All / see section,,,,,,"Physical Distillation, °C(oF) D86 6",Source text
80,Dyed 420 ppm LM diesel,3.36,61,context,All / see section,,,,,,50% Report,Source text
80,Dyed 420 ppm LM diesel,3.36,61,context,All / see section,,,,,,90% 282(540) 338(640),Source text
80,Dyed 420 ppm LM diesel,3.36,61,context,All / see section,,,,,,End Point 371 (700),Source text
80,Dyed 420 ppm LM diesel,3.36,61,context,All / see section,,,,,,"or Simulated Distillation, °C(oF) D2887 6",Source text
80,Dyed 420 ppm LM diesel,3.36,61,context,All / see section,,,,,,50% recovered Report,Source text
80,Dyed 420 ppm LM diesel,3.36,61,context,All / see section,,,,,,90% recovered 300(572) 356(673),Source text
80,Dyed 420 ppm LM diesel,3.36,61,context,All / see section,,,,,,End Point 421(790),Source text
80,Dyed 420 ppm LM diesel,3.36,61,context,All / see section,,,,,,Color ASTM D6045 2.5 4,Source text
80,Dyed 420 ppm LM diesel,3.36,61,context,All / see section,,,,,,Color Visual Undyed 3,Source text
80,Dyed 420 ppm LM diesel,3.36,61,context,All / see section,,,,,,"Viscosity, cSt @ 40oC (104oF) D445 1.9 4.1",Source text
80,Dyed 420 ppm LM diesel,3.36,61,context,All / see section,,,,,,Pour Point D97 2,Source text
80,Dyed 420 ppm LM diesel,3.36,61,context,All / see section,,,,,,Cloud Point D2500 2,Source text
80,Dyed 420 ppm LM diesel,3.36,61,context,All / see section,,,,,,"Corrosion, 3 hrs. @ 50oC (122oF) D130 1",Source text
80,Dyed 420 ppm LM diesel,3.36,61,context,All / see section,,,,,,"Total Sulfur, ppmwt D5453 420 Origin 5",Source text
80,Dyed 420 ppm LM diesel,3.36,61,context,All / see section,,,,,,500 Delivery,Source text
80,Dyed 420 ppm LM diesel,3.36,61,context,All / see section,,,,,,Cetane Number D613 40,Source text
80,Dyed 420 ppm LM diesel,3.36,61,context,All / see section,,,,,,Aromatics (Volume %) D1319 31.7,Source text
80,Dyed 420 ppm LM diesel,3.36,61,context,All / see section,,,,,,or Aromatics by Cetane Index D976 40,Source text
80,Dyed 420 ppm LM diesel,3.36,61,context,All / see section,,,,,,"Ash, wt.% D482 0.01",Source text
80,Dyed 420 ppm LM diesel,3.36,61,context,All / see section,,,,,,Carbon Residue: Ramsbottom,Source text
80,Dyed 420 ppm LM diesel,3.36,61,context,All / see section,,,,,,on 10% Bottom D524 0.35,Source text
80,Dyed 420 ppm LM diesel,3.36,61,context,All / see section,,,,,,"BS&W, vol.% D2709",Source text
80,Dyed 420 ppm LM diesel,3.36,61,context,All / see section,,,,,,or equivalent < 0.05,Source text
80,Dyed 420 ppm LM diesel,3.36,61,context,All / see section,,,,,,"Thermal stability, 90 minutes",Source text
80,Dyed 420 ppm LM diesel,3.36,61,context,All / see section,,,,,,"150oCPad rating,",Source text
80,Dyed 420 ppm LM diesel,3.36,61,context,All / see section,,,,,,DuPont scale 7,Source text
80,Dyed 420 ppm LM diesel,3.36,61,context,All / see section,,,,,,OR,Source text
80,Dyed 420 ppm LM diesel,3.36,61,context,All / see section,,,,,,Thermal stability D6468,Source text
80,Dyed 420 ppm LM diesel,3.36,61,context,All / see section,,,,,,Y/Green 73%,Source text
80,Dyed 420 ppm LM diesel,3.36,61,context,All / see section,,,,,,W Unit 65%,Source text
80,Dyed 420 ppm LM diesel,3.36,61,context,All / see section,,,,,,OR,Source text
80,Dyed 420 ppm LM diesel,3.36,61,context,All / see section,,,,,,"Oxidation stability, mg/100 ml D2274 2.5",Source text
80,Dyed 420 ppm LM diesel,3.36,61,context,All / see section,,,,,,Haze rating @ 25oC (77oF) D4176,Source text
80,Dyed 420 ppm LM diesel,3.36,61,context,All / see section,,,,,,Procedure 2 2,Source text
80,Dyed 420 ppm LM diesel,3.36,61,context,All / see section,,,,,,Nace Corrosion TM0172 B+ (Origin),Source text
80,Dyed 420 ppm LM diesel,3.36,61,context,All / see section,,,,,,Electrical,Source text
80,Dyed 420 ppm LM diesel,3.36,61,context,All / see section,,,,,,"Conductivity, pS/m @ 21°C(70°F) D2624 250",Source text
80,Dyed 420 ppm LM diesel,3.36,62,context,All / see section,,,,,,3.36.2 SPECIFICATIONS FOR FUNGIBLE 500 ppm SULFUR LOCOMOTIVE MARINE DIESEL FUEL DYED BY,Source text
80,Dyed 420 ppm LM diesel,3.36,62,context,All / see section,,,,,,CPC GRADE 80,Source text
80,Dyed 420 ppm LM diesel,3.36,62,note,All / see section,,,,,,1. Additive requirements/restrictions - refer to section 3.2.,Source text
80,Dyed 420 ppm LM diesel,3.36,62,note,All / see section,,,,,,2. This schedule denotes the fluidity of the distillate at the time and place of origin.,Source text
80,Dyed 420 ppm LM diesel,3.36,62,note,All / see section,,,,,,Pour Point –August 1st through March 14th Maximum: -18oC (-0.4oF).,Source text
80,Dyed 420 ppm LM diesel,3.36,62,note,All / see section,,,,,,Pour Point – March 15th through July 31st Maximum: -12oC (10.4oF),Source text
80,Dyed 420 ppm LM diesel,3.36,62,note,All / see section,,,,,,Cloud Point – August 1st through March 14th Maximum: -9oC (15.8oF),Source text
80,Dyed 420 ppm LM diesel,3.36,62,note,All / see section,,,,,,Cloud Point – March 15th through July 31st Maximum: -7oC (19.4oF),Source text
80,Dyed 420 ppm LM diesel,3.36,62,note,All / see section,,,,,,3. Dye Requirement:,Source text
80,Dyed 420 ppm LM diesel,3.36,62,note,All / see section,,,,,,"Delivery: This product will be dyed by CPC to meet a minimum dye concentration, or spectral equivalence,",Source text
80,Dyed 420 ppm LM diesel,3.36,62,note,All / see section,,,,,,"of 3.9 pounds of Solid Red #26 per 1,000 barrels.",Source text
80,Dyed 420 ppm LM diesel,3.36,62,note,All / see section,,,,,,4. ASTM color measurement before addition of dye.,Source text
80,Dyed 420 ppm LM diesel,3.36,62,note,All / see section,,,,,,5. Origin laboratory certifying sulfur content can qualify the test method used per EPA performance based testing,Source text
80,Dyed 420 ppm LM diesel,3.36,62,note,All / see section,,,,,,criteria (See [W] 80.584 1090 Subpart D).,Source text
80,Dyed 420 ppm LM diesel,3.36,62,note,All / see section,,,,,,6. Either physical or simulated distillation can be used.,Source text
80,Dyed 420 ppm LM diesel,3.36,62,note,All / see section,,,,,,7. Interface may result in trace amounts of renewable and/or biodiesel in the product depending on delivery location.,Source text
80,Dyed 420 ppm LM diesel,3.36,62,note,All / see section,,,,,,8. Colonial will accept test methods results that are listed in ASTM D975 for all tests. Test methods listed in,Source text
80,Dyed 420 ppm LM diesel,3.36,62,note,All / see section,,,,,,the table above are considered referee methods by Colonial Pipeline. Referee methods apply for any dispute.,Source text
80,Dyed 420 ppm LM diesel,3.36,62,note,All / see section,,,,,,Delivery test results may vary by the smaller of ASTM reproducibility for a given test,Source text
80,Dyed 420 ppm LM diesel,3.36,62,note,All / see section,,,,,,or any test tolerance as allowed by state or EPA regulations at the point of delivery.,Source text
83,Dyed 15 ppm diesel,3.37,63,context,All / see section,,,,,,3.37.1 SPECIFICATIONS FOR FUNGIBLE 15ppm SULFUR DIESEL FUEL DYED BY CPC CONTAINING UP TO 5%,Source text
83,Dyed 15 ppm diesel,3.37,63,context,All / see section,,,,,,RENEWABLE HYDROTREATED DIESEL FUEL NONROAD GRADE 83,Source text
83,Dyed 15 ppm diesel,3.37,63,context,All / see section,,,,,,"EPA Designation: MVNRLM, Motor vehicle diesel fuel, 15 ppm sulfur",Source text
83,Dyed 15 ppm diesel,3.37,63,context,All / see section,,,,,,ASTM Test Test Results,Source text
83,Dyed 15 ppm diesel,3.37,63,context,All / see section,,,,,,PRODUCT PROPERTY Method Minimum Maximum Note,Source text
83,Dyed 15 ppm diesel,3.37,63,context,All / see section,,,,,,Renewable Fuel (volume %) 5,Source text
83,Dyed 15 ppm diesel,3.37,63,context,All / see section,,,,,,Gravity API D4052 30,Source text
83,Dyed 15 ppm diesel,3.37,63,context,All / see section,,,,,,"Flash Point, oF",Source text
83,Dyed 15 ppm diesel,3.37,63,context,All / see section,,,,,,Pensky-Martin D93 130 Origin,Source text
83,Dyed 15 ppm diesel,3.37,63,context,All / see section,,,,,,125.8 Delivery,Source text
83,Dyed 15 ppm diesel,3.37,63,context,All / see section,,,,,,"Physical Distillation, °C(oF) D86 4",Source text
83,Dyed 15 ppm diesel,3.37,63,context,All / see section,,,,,,50% Report,Source text
83,Dyed 15 ppm diesel,3.37,63,context,All / see section,,,,,,90% 282(540) 338(640),Source text
83,Dyed 15 ppm diesel,3.37,63,context,All / see section,,,,,,End Point 371 (700),Source text
83,Dyed 15 ppm diesel,3.37,63,context,All / see section,,,,,,"or Simulated Distillation, °C(oF) D2887 4",Source text
83,Dyed 15 ppm diesel,3.37,63,context,All / see section,,,,,,50% recovered Report,Source text
83,Dyed 15 ppm diesel,3.37,63,context,All / see section,,,,,,90% recovered 300(572) 356(673),Source text
83,Dyed 15 ppm diesel,3.37,63,context,All / see section,,,,,,End Point 421(790),Source text
83,Dyed 15 ppm diesel,3.37,63,context,All / see section,,,,,,Color ASTM D6045 2.5,Source text
83,Dyed 15 ppm diesel,3.37,63,context,All / see section,,,,,,Color Visual Undyed,Source text
83,Dyed 15 ppm diesel,3.37,63,context,All / see section,,,,,,"Viscosity, cSt @ 40oC (104oF) D445 1.9 4.1",Source text
83,Dyed 15 ppm diesel,3.37,63,context,All / see section,,,,,,Pour Point D97 2,Source text
83,Dyed 15 ppm diesel,3.37,63,context,All / see section,,,,,,Cloud Point D2500 2,Source text
83,Dyed 15 ppm diesel,3.37,63,context,All / see section,,,,,,"Corrosion, 3 hrs. @ 50oC (122oF) D130 1",Source text
83,Dyed 15 ppm diesel,3.37,63,context,All / see section,,,,,,"Total Sulfur, ppmwt D5453 11 Origin 3",Source text
83,Dyed 15 ppm diesel,3.37,63,context,All / see section,,,,,,14 Delivery,Source text
83,Dyed 15 ppm diesel,3.37,63,context,All / see section,,,,,,Cetane Number D613 40,Source text
83,Dyed 15 ppm diesel,3.37,63,context,All / see section,,,,,,Aromatics (Volume %) D1319 31.7,Source text
83,Dyed 15 ppm diesel,3.37,63,context,All / see section,,,,,,or Aromatics by Cetane Index D976 40,Source text
83,Dyed 15 ppm diesel,3.37,63,context,All / see section,,,,,,"Ash, wt.% D482 0.01",Source text
83,Dyed 15 ppm diesel,3.37,63,context,All / see section,,,,,,Carbon Residue: Ramsbottom,Source text
83,Dyed 15 ppm diesel,3.37,63,context,All / see section,,,,,,on 10% Bottom D524 0.35,Source text
83,Dyed 15 ppm diesel,3.37,63,context,All / see section,,,,,,"BS&W, vol.% D2709",Source text
83,Dyed 15 ppm diesel,3.37,63,context,All / see section,,,,,,or equivalent < 0.05,Source text
83,Dyed 15 ppm diesel,3.37,63,context,All / see section,,,,,,"Thermal stability, 90 minutes",Source text
83,Dyed 15 ppm diesel,3.37,63,context,All / see section,,,,,,"150oCPad rating,",Source text
83,Dyed 15 ppm diesel,3.37,63,context,All / see section,,,,,,DuPont scale 7,Source text
83,Dyed 15 ppm diesel,3.37,63,context,All / see section,,,,,,OR,Source text
83,Dyed 15 ppm diesel,3.37,63,context,All / see section,,,,,,Thermal stability D6468,Source text
83,Dyed 15 ppm diesel,3.37,63,context,All / see section,,,,,,Y/Green 73%,Source text
83,Dyed 15 ppm diesel,3.37,63,context,All / see section,,,,,,W Unit 65%,Source text
83,Dyed 15 ppm diesel,3.37,63,context,All / see section,,,,,,OR,Source text
83,Dyed 15 ppm diesel,3.37,63,context,All / see section,,,,,,"Oxidation stability, mg/100 ml D2274 2.5",Source text
83,Dyed 15 ppm diesel,3.37,63,context,All / see section,,,,,,Haze rating @ 25oC (77oF) D4176,Source text
83,Dyed 15 ppm diesel,3.37,63,context,All / see section,,,,,,Procedure 2 2,Source text
83,Dyed 15 ppm diesel,3.37,63,context,All / see section,,,,,,Nace Corrosion TM0172 B+ (Origin),Source text
83,Dyed 15 ppm diesel,3.37,63,context,All / see section,,,,,,Electrical,Source text
83,Dyed 15 ppm diesel,3.37,63,context,All / see section,,,,,,"Conductivity, pS/m @ 21°C(70°F) D2624 250",Source text
83,Dyed 15 ppm diesel,3.37,64,context,All / see section,,,,,,3.37.2 SPECIFICATIONS FOR FUNGIBLE 15ppm SULFUR DIESEL FUEL DYED BY CPC CONTAINING UP TO 5%,Source text
83,Dyed 15 ppm diesel,3.37,64,context,All / see section,,,,,,RENEWABLE HYDROTREATED DIESEL FUEL NONROAD GRADE 83,Source text
83,Dyed 15 ppm diesel,3.37,64,context,All / see section,,,,,,"EPA Designation: MVNRLM, Motor vehicle diesel fuel, 15 ppm sulfur",Source text
83,Dyed 15 ppm diesel,3.37,64,note,All / see section,,,,,,Delivery: This product will be dyed by CPC to meet a minimum dye concentration,Source text
83,Dyed 15 ppm diesel,3.37,64,note,All / see section,,,,,,"or spectral equivalence of 3.9 pounds of Solid Red #26 per 1,000 barrels.",Source text
83,Dyed 15 ppm diesel,3.37,64,note,All / see section,,,,,,1. Additive requirements/restrictions - refer to section 3.2.,Source text
83,Dyed 15 ppm diesel,3.37,64,note,All / see section,,,,,,2. This schedule denotes the fluidity of the distillate at the time and place of origin.,Source text
83,Dyed 15 ppm diesel,3.37,64,note,All / see section,,,,,,Pour Point –August 1st through March 14th Maximum: -18oC (-0.4oF).,Source text
83,Dyed 15 ppm diesel,3.37,64,note,All / see section,,,,,,Pour Point – March 15th through July 31st Maximum: -12oC (10.4oF),Source text
83,Dyed 15 ppm diesel,3.37,64,note,All / see section,,,,,,Cloud Point – August 1st through March 14th Maximum: -9oC (15.8oF),Source text
83,Dyed 15 ppm diesel,3.37,64,note,All / see section,,,,,,Cloud Point – March 15th through July 31st Maximum: -7oC (19.4oF),Source text
83,Dyed 15 ppm diesel,3.37,64,note,All / see section,,,,,,3. Origin laboratory certifying sulfur content must qualify the test method used per,Source text
83,Dyed 15 ppm diesel,3.37,64,note,All / see section,,,,,,EPA performance based testing criteria (see CFR [W] 80.584 1090 Subpart D).,Source text
83,Dyed 15 ppm diesel,3.37,64,note,All / see section,,,,,,4. Either physical or simulated distillation can be used.,Source text
83,Dyed 15 ppm diesel,3.37,64,note,All / see section,,,,,,5. May contain up to 5% Renewable Diesel as defined in section 3.2.7,Source text
83,Dyed 15 ppm diesel,3.37,64,note,All / see section,,,,,,6. Colonial will accept test methods results that are listed in ASTM D975 for all tests. Test methods listed in,Source text
83,Dyed 15 ppm diesel,3.37,64,note,All / see section,,,,,,the table above are considered referee methods by Colonial Pipeline. Referee methods apply for any dispute.,Source text
83,Dyed 15 ppm diesel,3.37,64,note,All / see section,,,,,,"7. Deliveries of 83 grade on lines #17, 22, 24, and Greensboro local deliveries may contain up to 5% Bio-Diesel.",Source text
83,Dyed 15 ppm diesel,3.37,64,note,All / see section,,,,,,Delivery test results may vary by the smaller of ASTM reproducibility for a given test or any,Source text
83,Dyed 15 ppm diesel,3.37,64,note,All / see section,,,,,,test tolerance as allowed by state or EPA regulations at the point of delivery.,Source text
84,Dyed 500 ppm LM diesel,3.38,65,context,All / see section,,,,,,3.38 SPECIFICATIONS FOR SEGREGATED 500 ppm LOCOMOTIVE FUEL GRADE 84 DYED BY CPC,Source text
84,Dyed 500 ppm LM diesel,3.38,65,context,All / see section,,,,,,EPA Designation: LM 500 ppm sulfur diesel fuel,Source text
84,Dyed 500 ppm LM diesel,3.38,65,context,All / see section,,,,,,Test Results,Source text
84,Dyed 500 ppm LM diesel,3.38,65,context,All / see section,,,,,,ASTM Test,Source text
84,Dyed 500 ppm LM diesel,3.38,65,specification,All / see section,"Sulfur, ppmwt D5453",,500,1,,"Sulfur, ppmwt D5453 500 1",Positionally extracted; verify complex/overprinted tables
84,Dyed 500 ppm LM diesel,3.38,65,specification,All / see section,D6920,,,,,D6920,Positionally extracted; verify complex/overprinted tables
84,Dyed 500 ppm LM diesel,3.38,65,specification,All / see section,Flash Point oF D93,140,,,,Flash Point oF D93 140,Positionally extracted; verify complex/overprinted tables
84,Dyed 500 ppm LM diesel,3.38,65,specification,All / see section,Nace Corrosion TM0172,B+ (origin),,,,Nace Corrosion TM0172 B+ (origin),Positionally extracted; verify complex/overprinted tables
84,Dyed 500 ppm LM diesel,3.38,65,specification,All / see section,Electrical,,,,,Electrical,Positionally extracted; verify complex/overprinted tables
84,Dyed 500 ppm LM diesel,3.38,65,specification,All / see section,"Conductivity, pS/m @ 21°C(70°F) D2624",,250,,,"Conductivity, pS/m @ 21°C(70°F) D2624 250",Positionally extracted; verify complex/overprinted tables
84,Dyed 500 ppm LM diesel,3.38,65,specification,All / see section,Color,,Undyed,,,Color Undyed,Positionally extracted; verify complex/overprinted tables
84,Dyed 500 ppm LM diesel,3.38,65,specification,All / see section,In order to allow for the proper placement,"of the batch in our sequence,",when nominating,"the batch, the",,"In order to allow for the proper placement of the batch in our sequence, when nominating the batch, the",Positionally extracted; verify complex/overprinted tables
84,Dyed 500 ppm LM diesel,3.38,65,specification,All / see section,shipper must supply to the best of his knowledge,the following information:,,,,shipper must supply to the best of his knowledge the following information:,Positionally extracted; verify complex/overprinted tables
84,Dyed 500 ppm LM diesel,3.38,65,specification,All / see section,Gravity,,,,,Gravity,Positionally extracted; verify complex/overprinted tables
84,Dyed 500 ppm LM diesel,3.38,65,specification,All / see section,Flash,,,,,Flash,Positionally extracted; verify complex/overprinted tables
84,Dyed 500 ppm LM diesel,3.38,65,specification,All / see section,Any other product property,that does not meet our,fungible specifications,for 73 grade.,,Any other product property that does not meet our fungible specifications for 73 grade.,Positionally extracted; verify complex/overprinted tables
84,Dyed 500 ppm LM diesel,3.38,65,specification,All / see section,The pre-shipment documentation with the,actual results must be,received before,shipment.,,The pre-shipment documentation with the actual results must be received before shipment.,Positionally extracted; verify complex/overprinted tables
84,Dyed 500 ppm LM diesel,3.38,65,note,All / see section,,,,,,1. Origin laboratory certifying sulfur content can qualify the test method used per EPA performance based testing,Source text
84,Dyed 500 ppm LM diesel,3.38,65,note,All / see section,,,,,,criteria (See [W] 80.584 1090 Subpart D).,Source text
84,Dyed 500 ppm LM diesel,3.38,65,note,All / see section,,,,,,2. Additive requirements/restrictions - refer to section 3.2.,Source text
84,Dyed 500 ppm LM diesel,3.38,65,note,All / see section,,,,,,3. Interface may result in trace amounts of renewable and/or biodiesel in the product depending on delivery location.,Source text
84,Dyed 500 ppm LM diesel,3.38,65,note,All / see section,,,,,,4. Dye Requirement:,Source text
84,Dyed 500 ppm LM diesel,3.38,65,note,All / see section,,,,,,"Delivery: This product will be dyed by CPC to meet a minimum dye concentration, or spectral equivalence,",Source text
84,Dyed 500 ppm LM diesel,3.38,65,note,All / see section,,,,,,"of 3.9 pounds of Solid Red #26 per 1,000 barrels.",Source text
84,Dyed 500 ppm LM diesel,3.38,65,note,All / see section,,,,,,5. Colonial will accept test methods results that are listed in ASTM D396 for all tests. Test method listed in,Source text
84,Dyed 500 ppm LM diesel,3.38,65,note,All / see section,,,,,,the table above are considered referee methods by Colonial Pipeline. Referee methods apply for any dispute.,Source text
84,Dyed 500 ppm LM diesel,3.38,65,note,All / see section,,,,,,Delivery test results may vary by the smaller of ASTM reproducibility for a given test,Source text
84,Dyed 500 ppm LM diesel,3.38,65,note,All / see section,,,,,,or any test tolerance as allowed by state or EPA regulations at the point of delivery.,Source text
85,Dyed 420 ppm heating oil,3.39,66,context,All / see section,,,,,,3.39.1,Source text
85,Dyed 420 ppm heating oil,3.39,66,context,All / see section,,,,,,SPECIFICATIONS FOR FUNGIBLE 500 ppm SULFUR HEATING OIL GRADE 85 DYED BY CPC,Source text
85,Dyed 420 ppm heating oil,3.39,66,context,All / see section,,,,,,EPA Designation: Heating Oil,Source text
85,Dyed 420 ppm heating oil,3.39,66,context,All / see section,,,,,,ASTM Test Test Results,Source text
85,Dyed 420 ppm heating oil,3.39,66,context,All / see section,,,,,,PRODUCT PROPERTY Method Minimum Maximum Note,Source text
85,Dyed 420 ppm heating oil,3.39,66,context,All / see section,,,,,,Gravity API D4052 30,Source text
85,Dyed 420 ppm heating oil,3.39,66,context,All / see section,,,,,,"Flash Point, oF",Source text
85,Dyed 420 ppm heating oil,3.39,66,context,All / see section,,,,,,Pensky-Martin D93 124 Origin,Source text
85,Dyed 420 ppm heating oil,3.39,66,context,All / see section,,,,,,116 Delivery,Source text
85,Dyed 420 ppm heating oil,3.39,66,context,All / see section,,,,,,"Physical Distillation, °C(oF) D86 6",Source text
85,Dyed 420 ppm heating oil,3.39,66,context,All / see section,,,,,,50% Report,Source text
85,Dyed 420 ppm heating oil,3.39,66,context,All / see section,,,,,,90% 282(540) 338(640),Source text
85,Dyed 420 ppm heating oil,3.39,66,context,All / see section,,,,,,End Point 371 (700),Source text
85,Dyed 420 ppm heating oil,3.39,66,context,All / see section,,,,,,"or Simulated Distillation, °C(oF) D2887 6",Source text
85,Dyed 420 ppm heating oil,3.39,66,context,All / see section,,,,,,50% recovered Report,Source text
85,Dyed 420 ppm heating oil,3.39,66,context,All / see section,,,,,,90% recovered 300(572) 356(673),Source text
85,Dyed 420 ppm heating oil,3.39,66,context,All / see section,,,,,,End Point 421(790),Source text
85,Dyed 420 ppm heating oil,3.39,66,context,All / see section,,,,,,Color ASTM D6045 2.5 5,Source text
85,Dyed 420 ppm heating oil,3.39,66,context,All / see section,,,,,,Color Visual Undyed 3,Source text
85,Dyed 420 ppm heating oil,3.39,66,context,All / see section,,,,,,"Viscosity, cSt @ 40oC (104oF) D445 1.9 4.1",Source text
85,Dyed 420 ppm heating oil,3.39,66,context,All / see section,,,,,,Pour Point D97 2,Source text
85,Dyed 420 ppm heating oil,3.39,66,context,All / see section,,,,,,Cloud Point D2500 2,Source text
85,Dyed 420 ppm heating oil,3.39,66,context,All / see section,,,,,,"Corrosion, 3 hrs. @ 50oC (122oF) D130 1",Source text
85,Dyed 420 ppm heating oil,3.39,66,context,All / see section,,,,,,"Total Sulfur, ppmwt D5453 420 Origin",Source text
85,Dyed 420 ppm heating oil,3.39,66,context,All / see section,,,,,,500 Delivery,Source text
85,Dyed 420 ppm heating oil,3.39,66,context,All / see section,,,,,,Aromatics (Volume %) D1319 31.7,Source text
85,Dyed 420 ppm heating oil,3.39,66,context,All / see section,,,,,,or Aromatics by Cetane Index D976 40,Source text
85,Dyed 420 ppm heating oil,3.39,66,context,All / see section,,,,,,"Ash, wt.% D482 0.01",Source text
85,Dyed 420 ppm heating oil,3.39,66,context,All / see section,,,,,,Carbon Residue: Ramsbottom,Source text
85,Dyed 420 ppm heating oil,3.39,66,context,All / see section,,,,,,on 10% Bottom D524 0.35,Source text
85,Dyed 420 ppm heating oil,3.39,66,context,All / see section,,,,,,"BS&W, vol.% D2709",Source text
85,Dyed 420 ppm heating oil,3.39,66,context,All / see section,,,,,,or equivalent < 0.05,Source text
85,Dyed 420 ppm heating oil,3.39,66,context,All / see section,,,,,,"Thermal stability, 90 minutes",Source text
85,Dyed 420 ppm heating oil,3.39,66,context,All / see section,,,,,,"150oCPad rating,",Source text
85,Dyed 420 ppm heating oil,3.39,66,context,All / see section,,,,,,DuPont scale 7,Source text
85,Dyed 420 ppm heating oil,3.39,66,context,All / see section,,,,,,OR,Source text
85,Dyed 420 ppm heating oil,3.39,66,context,All / see section,,,,,,Thermal stability D6468,Source text
85,Dyed 420 ppm heating oil,3.39,66,context,All / see section,,,,,,Y/Green 73%,Source text
85,Dyed 420 ppm heating oil,3.39,66,context,All / see section,,,,,,W Unit 65%,Source text
85,Dyed 420 ppm heating oil,3.39,66,context,All / see section,,,,,,OR,Source text
85,Dyed 420 ppm heating oil,3.39,66,context,All / see section,,,,,,"Oxidation stability, mg/100 ml D2274 2.5",Source text
85,Dyed 420 ppm heating oil,3.39,66,context,All / see section,,,,,,Haze rating @ 25oC (77oF) D4176,Source text
85,Dyed 420 ppm heating oil,3.39,66,context,All / see section,,,,,,Procedure 2 2,Source text
85,Dyed 420 ppm heating oil,3.39,66,context,All / see section,,,,,,Nace Corrosion TM0172 B+ (Origin),Source text
85,Dyed 420 ppm heating oil,3.39,66,context,All / see section,,,,,,Electrical,Source text
85,Dyed 420 ppm heating oil,3.39,66,context,All / see section,,,,,,"Conductivity, pS/m @ 21°C(70°F) D2624 250",Source text
85,Dyed 420 ppm heating oil,3.39,67,context,All / see section,,,,,,3.39.2,Source text
85,Dyed 420 ppm heating oil,3.39,67,context,All / see section,,,,,,SPECIFICATIONS FOR FUNGIBLE 500 ppm SULFUR HEATING OIL GRADE 85 DYED BY CPC,Source text
85,Dyed 420 ppm heating oil,3.39,67,note,All / see section,,,,,,1. Additive requirements/restrictions - refer to section 3.2.,Source text
85,Dyed 420 ppm heating oil,3.39,67,note,All / see section,,,,,,2. This schedule denotes the fluidity of the distillate at the time and place of origin.,Source text
85,Dyed 420 ppm heating oil,3.39,67,note,All / see section,,,,,,Pour Point –August 1st through March 14th Maximum: -18oC (-0.4oF).,Source text
85,Dyed 420 ppm heating oil,3.39,67,note,All / see section,,,,,,Pour Point – March 15th through July 31st Maximum: -12oC (10.4oF),Source text
85,Dyed 420 ppm heating oil,3.39,67,note,All / see section,,,,,,Cloud Point – August 1st through March 14th Maximum: -9oC (15.8oF),Source text
85,Dyed 420 ppm heating oil,3.39,67,note,All / see section,,,,,,Cloud Point – March 15th through July 31st Maximum: -7oC (19.4oF),Source text
85,Dyed 420 ppm heating oil,3.39,67,note,All / see section,,,,,,3. Dye Requirement:,Source text
85,Dyed 420 ppm heating oil,3.39,67,note,All / see section,,,,,,"Delivery: This product will be dyed by CPC to meet a minimum dye concentration, or spectral equivalence,",Source text
85,Dyed 420 ppm heating oil,3.39,67,note,All / see section,,,,,,"of 3.9 pounds of Solid Red #26 per 1,000 barrels.",Source text
85,Dyed 420 ppm heating oil,3.39,67,note,All / see section,,,,,,4. Certain states and localities north of Virginia have sulfur limits that are less than 0.50 wt. %. Origin laboratory certifying,Source text
85,Dyed 420 ppm heating oil,3.39,67,note,All / see section,,,,,,sulfur content can qualify the test method used per EPA performance based testing criteria (see CFR lW]80.584 1090 Subpart,Source text
85,Dyed 420 ppm heating oil,3.39,67,note,All / see section,,,,,,D).,Source text
85,Dyed 420 ppm heating oil,3.39,67,note,All / see section,,,,,,5. ASTM color measurement before addition of dye.,Source text
85,Dyed 420 ppm heating oil,3.39,67,note,All / see section,,,,,,6. Either physical or simulated distillation can be used.,Source text
85,Dyed 420 ppm heating oil,3.39,67,note,All / see section,,,,,,7. Interface may result in trace amounts of renewable and/or biodiesel in the product depending on delivery location.,Source text
85,Dyed 420 ppm heating oil,3.39,67,note,All / see section,,,,,,8. Colonial will accept test methods results that are listed in ASTM D975 for all tests. Test method listed in,Source text
85,Dyed 420 ppm heating oil,3.39,67,note,All / see section,,,,,,the table above are considered referee methods by Colonial Pipeline. Referee methods apply for any dispute.,Source text
85,Dyed 420 ppm heating oil,3.39,67,note,All / see section,,,,,,Delivery test results may vary by the smaller of ASTM reproducibility for a given test or,Source text
85,Dyed 420 ppm heating oil,3.39,67,note,All / see section,,,,,,any test tolerance as allowed by state or EPA regulations at the point of delivery.,Source text
85,Dyed 420 ppm heating oil,3.39,68,context,All / see section,,,,,,SPECIFICATIONS FOR FUNGIBLE [W]15 ppm SULFUR HEATING OIL [W](CERTIFIED NON-,Source text
85,Dyed 420 ppm heating oil,3.39,68,context,All / see section,,,,,,TRANSPORTATION 15 ppm DISTILLATE FUEL (CERTIFIED NTDF) GRADE 87 DYED BY CPC,Source text
85,Dyed 420 ppm heating oil,3.39,68,context,All / see section,,,,,,EPA Designation: Heating Oil [W](Certified NTDF),Source text
85,Dyed 420 ppm heating oil,3.39,68,context,All / see section,,,,,,ASTM Test Test Results,Source text
85,Dyed 420 ppm heating oil,3.39,68,context,All / see section,,,,,,PRODUCT PROPERTY Method Minimum Maximum Note,Source text
85,Dyed 420 ppm heating oil,3.39,68,context,All / see section,,,,,,Gravity API D4052 30,Source text
85,Dyed 420 ppm heating oil,3.39,68,context,All / see section,,,,,,"Flash Point, oF",Source text
85,Dyed 420 ppm heating oil,3.39,68,context,All / see section,,,,,,Pensky-Martin D93 130 Origin,Source text
85,Dyed 420 ppm heating oil,3.39,68,context,All / see section,,,,,,125.8 Delivery,Source text
85,Dyed 420 ppm heating oil,3.39,68,context,All / see section,,,,,,"Physical Distillation, °C(oF) D86 6",Source text
85,Dyed 420 ppm heating oil,3.39,68,context,All / see section,,,,,,50% Report,Source text
85,Dyed 420 ppm heating oil,3.39,68,context,All / see section,,,,,,90% 282(540) 338(640),Source text
85,Dyed 420 ppm heating oil,3.39,68,context,All / see section,,,,,,End Point 371 (700),Source text
85,Dyed 420 ppm heating oil,3.39,68,context,All / see section,,,,,,"or Simulated Distillation, °C(oF) D2887 6",Source text
85,Dyed 420 ppm heating oil,3.39,68,context,All / see section,,,,,,50% recovered Report,Source text
85,Dyed 420 ppm heating oil,3.39,68,context,All / see section,,,,,,90% recovered 300(572) 356(673),Source text
85,Dyed 420 ppm heating oil,3.39,68,context,All / see section,,,,,,End Point 421(790),Source text
85,Dyed 420 ppm heating oil,3.39,68,context,All / see section,,,,,,Color ASTM D6045 2.5 4,Source text
85,Dyed 420 ppm heating oil,3.39,68,context,All / see section,,,,,,Color Undyed 3,Source text
85,Dyed 420 ppm heating oil,3.39,68,context,All / see section,,,,,,"Viscosity, cSt @ 40oC (104oF) D445 1.9 4.1",Source text
85,Dyed 420 ppm heating oil,3.39,68,context,All / see section,,,,,,Pour Point D97 2,Source text
85,Dyed 420 ppm heating oil,3.39,68,context,All / see section,,,,,,Cloud Point D2500 2,Source text
85,Dyed 420 ppm heating oil,3.39,68,context,All / see section,,,,,,"Corrosion, 3 hrs. @ 50oC (122oF) D130 1",Source text
85,Dyed 420 ppm heating oil,3.39,68,context,All / see section,,,,,,"Total Sulfur, ppmwt D5453 11 Origin 5",Source text
85,Dyed 420 ppm heating oil,3.39,68,context,All / see section,,,,,,14 Delivery,Source text
85,Dyed 420 ppm heating oil,3.39,68,context,All / see section,,,,,,Cetane Number D613 40,Source text
85,Dyed 420 ppm heating oil,3.39,68,context,All / see section,,,,,,Aromatics (Volume %) D1319 31.7,Source text
85,Dyed 420 ppm heating oil,3.39,68,context,All / see section,,,,,,or Aromatics by Cetane Index D976 40,Source text
85,Dyed 420 ppm heating oil,3.39,68,context,All / see section,,,,,,"Ash, wt.% D482 0.01",Source text
85,Dyed 420 ppm heating oil,3.39,68,context,All / see section,,,,,,Carbon Residue: Ramsbottom,Source text
85,Dyed 420 ppm heating oil,3.39,68,context,All / see section,,,,,,on 10% Bottom D524 0.35,Source text
85,Dyed 420 ppm heating oil,3.39,68,context,All / see section,,,,,,"BS&W, vol.% D2709",Source text
85,Dyed 420 ppm heating oil,3.39,68,context,All / see section,,,,,,or equivalent < 0.05,Source text
85,Dyed 420 ppm heating oil,3.39,68,context,All / see section,,,,,,"Thermal stability, 90 minutes",Source text
85,Dyed 420 ppm heating oil,3.39,68,context,All / see section,,,,,,"150oCPad rating,",Source text
85,Dyed 420 ppm heating oil,3.39,68,context,All / see section,,,,,,DuPont scale 7,Source text
85,Dyed 420 ppm heating oil,3.39,68,context,All / see section,,,,,,OR,Source text
85,Dyed 420 ppm heating oil,3.39,68,context,All / see section,,,,,,Thermal stability D6468,Source text
85,Dyed 420 ppm heating oil,3.39,68,context,All / see section,,,,,,Y/Green 73%,Source text
85,Dyed 420 ppm heating oil,3.39,68,context,All / see section,,,,,,W Unit 65%,Source text
85,Dyed 420 ppm heating oil,3.39,68,context,All / see section,,,,,,OR,Source text
85,Dyed 420 ppm heating oil,3.39,68,context,All / see section,,,,,,"Oxidation stability, mg/100 ml D2274 2.5",Source text
85,Dyed 420 ppm heating oil,3.39,68,context,All / see section,,,,,,Haze rating @ 25oC (77oF) D4176,Source text
85,Dyed 420 ppm heating oil,3.39,68,context,All / see section,,,,,,Procedure 2 2,Source text
85,Dyed 420 ppm heating oil,3.39,68,context,All / see section,,,,,,Nace Corrosion TM0172 B+ (Origin),Source text
85,Dyed 420 ppm heating oil,3.39,68,context,All / see section,,,,,,Electrical,Source text
85,Dyed 420 ppm heating oil,3.39,68,context,All / see section,,,,,,"Conductivity, pS/m @ 21°C(70°F) D2624 250",Source text
85,Dyed 420 ppm heating oil,3.39,69,context,All / see section,,,,,,SPECIFICATIONS FOR FUNGIBLE [W]15 ppm SULFUR HEATING OIL [W](CERTIFIED NON-,Source text
85,Dyed 420 ppm heating oil,3.39,69,context,All / see section,,,,,,TRANSPORTATION 15 ppm DISTILLATE FUEL (CERTIFIED NTDF) GRADE 87 DYED BY CPC,Source text
85,Dyed 420 ppm heating oil,3.39,69,context,All / see section,,,,,,[w]EPA Designation: Heating Oil [W](Certified NTDF),Source text
85,Dyed 420 ppm heating oil,3.39,69,note,All / see section,,,,,,1. Additive requirements/restrictions - refer to section 3.2.,Source text
85,Dyed 420 ppm heating oil,3.39,69,note,All / see section,,,,,,2. This schedule denotes the fluidity of the distillate at the time and place of origin.,Source text
85,Dyed 420 ppm heating oil,3.39,69,note,All / see section,,,,,,Pour Point –August 1st through March 14th Maximum: -18oC (-0.4oF).,Source text
85,Dyed 420 ppm heating oil,3.39,69,note,All / see section,,,,,,Pour Point – March 15th through July 31st Maximum: -12oC (10.4oF),Source text
85,Dyed 420 ppm heating oil,3.39,69,note,All / see section,,,,,,Cloud Point – August 1st through March 14th Maximum: -9oC (15.8oF),Source text
85,Dyed 420 ppm heating oil,3.39,69,note,All / see section,,,,,,Cloud Point – March 15th through July 31st Maximum: -7oC (19.4oF),Source text
85,Dyed 420 ppm heating oil,3.39,69,note,All / see section,,,,,,3. Dye Requirement:,Source text
85,Dyed 420 ppm heating oil,3.39,69,note,All / see section,,,,,,"Delivery: This product will be dyed by CPC to meet a minimum dye concentration, or spectral equivalence,",Source text
85,Dyed 420 ppm heating oil,3.39,69,note,All / see section,,,,,,"of 3.9 pounds of Solid Red #26 per 1,000 barrels.",Source text
85,Dyed 420 ppm heating oil,3.39,69,note,All / see section,,,,,,4. ASTM color measurement before addition of dye,Source text
85,Dyed 420 ppm heating oil,3.39,69,note,All / see section,,,,,,5. Origin laboratory certifying sulfur content can qualify the test method used per EPA Performance Based Testing,Source text
85,Dyed 420 ppm heating oil,3.39,69,note,All / see section,,,,,,Criteria (see CFR [W] 80.584 1090 Subpart D).,Source text
85,Dyed 420 ppm heating oil,3.39,69,note,All / see section,,,,,,6. Either physical or simulated distillation can be used.,Source text
85,Dyed 420 ppm heating oil,3.39,69,note,All / see section,,,,,,7. Colonial will accept test methods results that are listed in ASTM D975 for all tests. Test method listed in,Source text
85,Dyed 420 ppm heating oil,3.39,69,note,All / see section,,,,,,in the table above are considered referee methods by Colonial Pipeline. Referee methods apply for any dispute.,Source text
85,Dyed 420 ppm heating oil,3.39,69,note,All / see section,,,,,,8. Deliveries of 87 grade that are serviced through Colonial's breakout tank farms south of Greensboro which,Source text
85,Dyed 420 ppm heating oil,3.39,69,note,All / see section,,,,,,"include Pelham, Atlanta, Athens, Belton, Spartanburg, and Charlotte may contain up to 5% Renewable Diesel.",Source text
85,Dyed 420 ppm heating oil,3.39,69,note,All / see section,,,,,,"9. Deliveries of 87 grade on lines #17, 22, 24, and Greensboro local deliveries may contain up to 5% Bio-Diesel",Source text
85,Dyed 420 ppm heating oil,3.39,69,note,All / see section,,,,,,and 5% Renewable Diesel.,Source text
85,Dyed 420 ppm heating oil,3.39,69,note,All / see section,,,,,,Delivery test results may vary by the smaller of ASTM reproducibility for a given test or any,Source text
85,Dyed 420 ppm heating oil,3.39,69,note,All / see section,,,,,,test tolerance as allowed by state or EPA regulations at the point of delivery.,Source text
88,Dyed 2000 ppm heating oil,3.41,70,context,All / see section,,,,,,3.41.1 SPECIFICATIONS FOR FUNGIBLE 2000 ppm SULFUR HEATING OIL GRADE 88 DYED BY CPC,Source text
88,Dyed 2000 ppm heating oil,3.41,70,context,All / see section,,,,,,EPA Designation: Heating Oil,Source text
88,Dyed 2000 ppm heating oil,3.41,70,context,All / see section,,,,,,ASTM Test Test Results,Source text
88,Dyed 2000 ppm heating oil,3.41,70,context,All / see section,,,,,,PRODUCT PROPERTY Method Minimum Maximum Note,Source text
88,Dyed 2000 ppm heating oil,3.41,70,context,All / see section,,,,,,Gravity API D4052 30,Source text
88,Dyed 2000 ppm heating oil,3.41,70,context,All / see section,,,,,,"Flash Point, oF Pensky-Martin D93 124 Origin",Source text
88,Dyed 2000 ppm heating oil,3.41,70,context,All / see section,,,,,,116 Delivery,Source text
88,Dyed 2000 ppm heating oil,3.41,70,context,All / see section,,,,,,"Physical Distillation, °C(oF) D86 6",Source text
88,Dyed 2000 ppm heating oil,3.41,70,context,All / see section,,,,,,50% Report,Source text
88,Dyed 2000 ppm heating oil,3.41,70,context,All / see section,,,,,,90% 282(540) 338(640),Source text
88,Dyed 2000 ppm heating oil,3.41,70,context,All / see section,,,,,,End Point 371 (700),Source text
88,Dyed 2000 ppm heating oil,3.41,70,context,All / see section,,,,,,"or Simulated Distillation, °C(oF) D2887 6",Source text
88,Dyed 2000 ppm heating oil,3.41,70,context,All / see section,,,,,,50% recovered Report,Source text
88,Dyed 2000 ppm heating oil,3.41,70,context,All / see section,,,,,,90% recovered 300(572) 356(673),Source text
88,Dyed 2000 ppm heating oil,3.41,70,context,All / see section,,,,,,End Point 421(790),Source text
88,Dyed 2000 ppm heating oil,3.41,70,context,All / see section,,,,,,Color ASTM D6045 2.5 4,Source text
88,Dyed 2000 ppm heating oil,3.41,70,context,All / see section,,,,,,Color Undyed 3,Source text
88,Dyed 2000 ppm heating oil,3.41,70,context,All / see section,,,,,,"Viscosity, cSt @ 40oC (104oF) D445 1.9 4.1",Source text
88,Dyed 2000 ppm heating oil,3.41,70,context,All / see section,,,,,,Pour Point D97 2,Source text
88,Dyed 2000 ppm heating oil,3.41,70,context,All / see section,,,,,,Cloud Point D2500 2,Source text
88,Dyed 2000 ppm heating oil,3.41,70,context,All / see section,,,,,,"Corrosion, 3 hrs. @ 50oC (122oF) D130 1",Source text
88,Dyed 2000 ppm heating oil,3.41,70,context,All / see section,,,,,,"Total Sulfur, ppmwt D4294 2000 5",Source text
88,Dyed 2000 ppm heating oil,3.41,70,context,All / see section,,,,,,"Ash, wt.% D482 0.01",Source text
88,Dyed 2000 ppm heating oil,3.41,70,context,All / see section,,,,,,Carbon Residue: Ramsbottom,Source text
88,Dyed 2000 ppm heating oil,3.41,70,context,All / see section,,,,,,on 10% Bottom D524 0.35,Source text
88,Dyed 2000 ppm heating oil,3.41,70,context,All / see section,,,,,,"BS&W, vol.% D2709",Source text
88,Dyed 2000 ppm heating oil,3.41,70,context,All / see section,,,,,,or equivalent < 0.05,Source text
88,Dyed 2000 ppm heating oil,3.41,70,context,All / see section,,,,,,"Thermal stability, 90 minutes",Source text
88,Dyed 2000 ppm heating oil,3.41,70,context,All / see section,,,,,,"150oCPad rating,",Source text
88,Dyed 2000 ppm heating oil,3.41,70,context,All / see section,,,,,,DuPont scale 7,Source text
88,Dyed 2000 ppm heating oil,3.41,70,context,All / see section,,,,,,OR,Source text
88,Dyed 2000 ppm heating oil,3.41,70,context,All / see section,,,,,,Thermal stability D6468,Source text
88,Dyed 2000 ppm heating oil,3.41,70,context,All / see section,,,,,,Y/Green 73%,Source text
88,Dyed 2000 ppm heating oil,3.41,70,context,All / see section,,,,,,W Unit 65%,Source text
88,Dyed 2000 ppm heating oil,3.41,70,context,All / see section,,,,,,OR,Source text
88,Dyed 2000 ppm heating oil,3.41,70,context,All / see section,,,,,,"Oxidation stability, mg/100 ml D2274 2.5",Source text
88,Dyed 2000 ppm heating oil,3.41,70,context,All / see section,,,,,,Haze rating @ 25oC (77oF) D4176,Source text
88,Dyed 2000 ppm heating oil,3.41,70,context,All / see section,,,,,,Procedure 2 2,Source text
88,Dyed 2000 ppm heating oil,3.41,70,context,All / see section,,,,,,Nace Corrosion TM0172 B+ (Origin),Source text
88,Dyed 2000 ppm heating oil,3.41,70,context,All / see section,,,,,,Electrical,Source text
88,Dyed 2000 ppm heating oil,3.41,70,context,All / see section,,,,,,"Conductivity, pS/m @ 21°C(70°F) D2624 250",Source text
88,Dyed 2000 ppm heating oil,3.41,71,context,All / see section,,,,,,3.41.2 SPECIFICATIONS FOR FUNGIBLE 2000 ppm SULFUR HEATING OIL GRADE 88 DYED BY CPC,Source text
88,Dyed 2000 ppm heating oil,3.41,71,note,All / see section,,,,,,1. Additive requirements/restrictions - refer to section 3.2.,Source text
88,Dyed 2000 ppm heating oil,3.41,71,note,All / see section,,,,,,2. This schedule denotes the fluidity of the distillate at the time and place of origin.,Source text
88,Dyed 2000 ppm heating oil,3.41,71,note,All / see section,,,,,,Pour Point –August 1st through March 14th Maximum: -18oC (-0.4oF).,Source text
88,Dyed 2000 ppm heating oil,3.41,71,note,All / see section,,,,,,Pour Point – March 15th through July 31st Maximum: -12oC (10.4oF),Source text
88,Dyed 2000 ppm heating oil,3.41,71,note,All / see section,,,,,,Cloud Point – August 1st through March 14th Maximum: -9oC (15.8oF),Source text
88,Dyed 2000 ppm heating oil,3.41,71,note,All / see section,,,,,,Cloud Point – March 15th through July 31st Maximum: -7oC (19.4oF),Source text
88,Dyed 2000 ppm heating oil,3.41,71,note,All / see section,,,,,,3. Dye Requirement:,Source text
88,Dyed 2000 ppm heating oil,3.41,71,note,All / see section,,,,,,"Delivery: This product will be dyed by CPC to meet a minimum dye concentration, or spectral equivalence,",Source text
88,Dyed 2000 ppm heating oil,3.41,71,note,All / see section,,,,,,"of 3.9 pounds of Solid Red #26 per 1,000 barrels.",Source text
88,Dyed 2000 ppm heating oil,3.41,71,note,All / see section,,,,,,4. ASTM color measurement before addition of dye.,Source text
88,Dyed 2000 ppm heating oil,3.41,71,note,All / see section,,,,,,5. Origin laboratory certifying sulfur content can qualify the test method used per EPA Performance Based Testing,Source text
88,Dyed 2000 ppm heating oil,3.41,71,note,All / see section,,,,,,Criteria (see CFR [W] 80.584 1090 Subpart D).,Source text
88,Dyed 2000 ppm heating oil,3.41,71,note,All / see section,,,,,,6. Either physical or simulated distillation can be used.,Source text
88,Dyed 2000 ppm heating oil,3.41,71,note,All / see section,,,,,,7. Colonial will accept test methods results that are listed in ASTM D396 for all tests. Test methods listed in,Source text
88,Dyed 2000 ppm heating oil,3.41,71,note,All / see section,,,,,,the table above are considered referee methods by Colonial Pipeline. Referee methods apply for any dispute.,Source text
88,Dyed 2000 ppm heating oil,3.41,71,note,All / see section,,,,,,8. Interface may result in trace amounts of renewable and/or biodiesel in the product depending on delivery,Source text
88,Dyed 2000 ppm heating oil,3.41,71,note,All / see section,,,,,,location.,Source text
88,Dyed 2000 ppm heating oil,3.41,71,note,All / see section,,,,,,Delivery test results may vary by the smaller of ASTM reproducibility for a given test or any,Source text
88,Dyed 2000 ppm heating oil,3.41,71,note,All / see section,,,,,,test tolerance as allowed by state or EPA regulations at the point of delivery.,Source text
89,Dyed distillate blendstock,3.42,72,context,All / see section,,,,,,3.42 SPECIFICATIONS FOR SEGREGATED DISTILLATE BLENDSTOCKS GRADE 89 DYED BY CPC,Source text
89,Dyed distillate blendstock,3.42,72,context,All / see section,,,,,,EPA Designation: None Required (Product is an unfinished blendstock),Source text
89,Dyed distillate blendstock,3.42,72,context,All / see section,,,,,,Test Results,Source text
89,Dyed distillate blendstock,3.42,72,context,All / see section,,,,,,ASTM Test,Source text
89,Dyed distillate blendstock,3.42,72,specification,All / see section,Gravity API,D4052,25 42,,,Gravity API D4052 25 42,Positionally extracted; verify complex/overprinted tables
89,Dyed distillate blendstock,3.42,72,specification,All / see section,"Flash Point, oF",,,,,"Flash Point, oF",Positionally extracted; verify complex/overprinted tables
89,Dyed distillate blendstock,3.42,72,specification,All / see section,Pensky-Martin,D93,100,,,Pensky-Martin D93 100,Positionally extracted; verify complex/overprinted tables
89,Dyed distillate blendstock,3.42,72,specification,All / see section,Nace Corrosion,TM0172,B+ (origin),,,Nace Corrosion TM0172 B+ (origin),Positionally extracted; verify complex/overprinted tables
89,Dyed distillate blendstock,3.42,72,specification,All / see section,"Total Sulfur, ppmwt",D4294,"10,000",2,,"Total Sulfur, ppmwt D4294 10,000 2",Positionally extracted; verify complex/overprinted tables
89,Dyed distillate blendstock,3.42,72,specification,All / see section,Electrical,,,,,Electrical,Positionally extracted; verify complex/overprinted tables
89,Dyed distillate blendstock,3.42,72,specification,All / see section,"Conductivity, pS/m @ 21°C(70°F)",D2624,250,,,"Conductivity, pS/m @ 21°C(70°F) D2624 250",Positionally extracted; verify complex/overprinted tables
89,Dyed distillate blendstock,3.42,72,specification,All / see section,Dye Requirement,,,,,Dye Requirement,Positionally extracted; verify complex/overprinted tables
89,Dyed distillate blendstock,3.42,72,specification,All / see section,Delivery: This product will be dyed,by CPC to meet a minimum,"dye concentration,","or spectral equivalence,",,"Delivery: This product will be dyed by CPC to meet a minimum dye concentration, or spectral equivalence,",Positionally extracted; verify complex/overprinted tables
89,Dyed distillate blendstock,3.42,72,specification,All / see section,of 3.9 pounds of Solid Red,"#26 per 1,000 barrels.",,,,"of 3.9 pounds of Solid Red #26 per 1,000 barrels.",Positionally extracted; verify complex/overprinted tables
89,Dyed distillate blendstock,3.42,72,specification,All / see section,In order to allow for the proper placement,of the batch in our,"sequence, when","nominating the batch,",the,"In order to allow for the proper placement of the batch in our sequence, when nominating the batch, the",Positionally extracted; verify complex/overprinted tables
89,Dyed distillate blendstock,3.42,72,specification,All / see section,shipper must supply to the best of his,knowledge the following,information:,,,shipper must supply to the best of his knowledge the following information:,Positionally extracted; verify complex/overprinted tables
89,Dyed distillate blendstock,3.42,72,specification,All / see section,Gravity,,,,,Gravity,Positionally extracted; verify complex/overprinted tables
89,Dyed distillate blendstock,3.42,72,specification,All / see section,Flash,,,,,Flash,Positionally extracted; verify complex/overprinted tables
89,Dyed distillate blendstock,3.42,72,specification,All / see section,Sulfur,,,,,Sulfur,Positionally extracted; verify complex/overprinted tables
89,Dyed distillate blendstock,3.42,72,specification,All / see section,Any other product property,that does not meet our,fungible specifications,for 77 grade.,,Any other product property that does not meet our fungible specifications for 77 grade.,Positionally extracted; verify complex/overprinted tables
89,Dyed distillate blendstock,3.42,72,specification,All / see section,The pre-shipment documentation with,the actual results must,be received,before shipment.,,The pre-shipment documentation with the actual results must be received before shipment.,Positionally extracted; verify complex/overprinted tables
89,Dyed distillate blendstock,3.42,72,note,All / see section,,,,,,1. This schedule denotes the fluidity of the distillate at the time and place of origin.,Source text
89,Dyed distillate blendstock,3.42,72,note,All / see section,,,,,,Pour Point –August 1st through March 14th Maximum: -18oC (-0.4oF).,Source text
89,Dyed distillate blendstock,3.42,72,note,All / see section,,,,,,Pour Point – March 15th through July 31st Maximum: -12oC (10.4oF),Source text
89,Dyed distillate blendstock,3.42,72,note,All / see section,,,,,,Cloud Point – August 1st through March 14th Maximum: -9oC (15.8oF),Source text
89,Dyed distillate blendstock,3.42,72,note,All / see section,,,,,,Cloud Point – March 15th through July 31st Maximum: -7oC (19.4oF),Source text
89,Dyed distillate blendstock,3.42,72,note,All / see section,,,,,,The pre-shipment documentation with the actual results must be received before shipment.,Source text
89,Dyed distillate blendstock,3.42,72,note,All / see section,,,,,,2. Origin laboratory certifying sulfur content can qualify the test method used per EPA performance based,Source text
89,Dyed distillate blendstock,3.42,72,note,All / see section,,,,,,testing criteria (see CFR [W]80.584 1090 Subpart D).,Source text
89,Dyed distillate blendstock,3.42,72,note,All / see section,,,,,,3. Additive requirements/restrictions - refer to section 3.2.,Source text
89,Dyed distillate blendstock,3.42,72,note,All / see section,,,,,,4. Colonial will accept test methods results that are listed in ASTM D396 for all tests. Test methods listed in,Source text
89,Dyed distillate blendstock,3.42,72,note,All / see section,,,,,,the table above are considered referee methods by Colonial Pipeline. Referee methods apply for any dispute.,Source text
89,Dyed distillate blendstock,3.42,72,note,All / see section,,,,,,5. Interface may result in trace amounts of renewable and/or biodiesel in the product depending on delivery,Source text
89,Dyed distillate blendstock,3.42,72,note,All / see section,,,,,,location.,Source text
89,Dyed distillate blendstock,3.42,72,note,All / see section,,,,,,Delivery test results may vary by the smaller of ASTM reproducibility for a given test,Source text
89,Dyed distillate blendstock,3.42,72,note,All / see section,,,,,,or any test tolerance as allowed by state or EPA regulations at the point of delivery.,Source text
"90-94,96",Transmix,3.43,73,context,All / see section,,,,,,3.43 SPECIFICATIONS FOR FUNGIBLE TRANSMIX,Source text
"90-94,96",Transmix,3.43,73,context,All / see section,,,,,,Each grade can consist of varying concentrations of the following distillate and gasoline:,Source text
"90-94,96",Transmix,3.43,73,context,All / see section,,,,,,Grade Distillate Gasoline,Source text
"90-94,96",Transmix,3.43,73,context,All / see section,,,,,,90 Distillate Conventional,Source text
"90-94,96",Transmix,3.43,73,context,All / see section,,,,,,91 Distillate RFG - [C] VOC Controlled,Source text
"90-94,96",Transmix,3.43,73,context,All / see section,,,,,,92 Distillate RFG - [C]Non-VOC Controlled,Source text
"90-94,96",Transmix,3.43,73,context,All / see section,,,,,,93 Distillate RBOB - [C]VOC Controlled,Source text
"90-94,96",Transmix,3.43,73,context,All / see section,,,,,,94 Distillate RBOB - [C]Non-VOC Controlled,Source text
"90-94,96",Transmix,3.43,73,context,All / see section,,,,,,96 Distillate Distillate,Source text
"90-94,96",Transmix,3.43,73,context,All / see section,,,,,,High Sulfur Kerosine Ultra Low Sulfur Diesel (ULSD),Source text
"90-94,96",Transmix,3.43,73,context,All / see section,,,,,,Explanation of Reference Marks,Source text
"90-94,96",Transmix,3.43,73,context,All / see section,,,,,,[N]………………New,Source text
"90-94,96",Transmix,3.43,73,context,All / see section,,,,,,[W]….…...……Change in Wording,Source text
"90-94,96",Transmix,3.43,73,context,All / see section,,,,,,[C]….…...……Cancels,Source text
