Region,Country,State/Province,Refiner,Refinery,Location,CDU bpsd,VDU bpsd,Reformer bpsd,Isomerization bpsd,Alkylation bpsd,FCC bpsd,Coker bpsd,Hydrotreater bpsd,Estimated Capacity Fields,Capacity Estimate Method
North America,United States,Alabama,Goodway Refining LLC,Atmore,Atmore,5000,0,0,0.0,0,0,0,0,Isomerization bpsd,"Missing capacities estimated from median unit/CDU ratios (country where sufficient data; otherwise region; otherwise global). Values rounded to nearest 1,000 bpsd."
North America,United States,Alabama,Hunt Refining Co,Tuscaloosa,Tuscaloosa,52500,25000,19000,4000.0,0,0,40000,66000,Isomerization bpsd,"Missing capacities estimated from median unit/CDU ratios (country where sufficient data; otherwise region; otherwise global). Values rounded to nearest 1,000 bpsd."
North America,United States,Alabama,Vertex Refining Alabama LLC,Saraland,Saraland,91200,29000,22000,7000.0,0,0,0,61700,Isomerization bpsd,"Missing capacities estimated from median unit/CDU ratios (country where sufficient data; otherwise region; otherwise global). Values rounded to nearest 1,000 bpsd."
North America,United States,Arkansas,Cross Oil Refining & Marketing Inc,Smackover,Smackover,7700,3850,0,1000.0,0,0,0,6000,Isomerization bpsd,"Missing capacities estimated from median unit/CDU ratios (country where sufficient data; otherwise region; otherwise global). Values rounded to nearest 1,000 bpsd."
North America,United States,Arkansas,Lion Oil Co,El Dorado,El Dorado,85000,45000,15300,7000.0,5000,21000,0,92750,Isomerization bpsd,"Missing capacities estimated from median unit/CDU ratios (country where sufficient data; otherwise region; otherwise global). Values rounded to nearest 1,000 bpsd."
North America,United States,Louisiana,Alon Refining Krotz Springs Inc,Krotz Springs,Krotz Springs,83000,36200,13000,7000.0,6000,34000,0,32000,Isomerization bpsd,"Missing capacities estimated from median unit/CDU ratios (country where sufficient data; otherwise region; otherwise global). Values rounded to nearest 1,000 bpsd."
North America,United States,Louisiana,Calcasieu Refining Co,Lake Charles,Lake Charles,137000,36000,0,11000.0,0,0,0,0,Isomerization bpsd,"Missing capacities estimated from median unit/CDU ratios (country where sufficient data; otherwise region; otherwise global). Values rounded to nearest 1,000 bpsd."
North America,United States,Louisiana,Calumet Cotton Valley Refining LLC,Cotton Valley,Cotton Valley,14000,0,0,1000.0,0,0,0,6500,Isomerization bpsd,"Missing capacities estimated from median unit/CDU ratios (country where sufficient data; otherwise region; otherwise global). Values rounded to nearest 1,000 bpsd."
North America,United States,Louisiana,Calumet Princeton Refining LLC,Princeton,Princeton,8655,7000,0,1000.0,0,0,0,9500,Isomerization bpsd,"Missing capacities estimated from median unit/CDU ratios (country where sufficient data; otherwise region; otherwise global). Values rounded to nearest 1,000 bpsd."
North America,United States,Louisiana,Calumet Shreveport Refining LLC,Shreveport,Shreveport,60000,28000,12000,5000.0,0,0,0,52300,Isomerization bpsd,"Missing capacities estimated from median unit/CDU ratios (country where sufficient data; otherwise region; otherwise global). Values rounded to nearest 1,000 bpsd."
North America,United States,Louisiana,Chalmette Refining LLC,Chalmette,Chalmette,197000,169000,52700,16000.0,16800,75600,42000,188600,Isomerization bpsd,"Missing capacities estimated from median unit/CDU ratios (country where sufficient data; otherwise region; otherwise global). Values rounded to nearest 1,000 bpsd."
North America,United States,Louisiana,Citgo Petroleum Corp,Lake Charles,Lake Charles,496000,241000,119000,39000.0,28100,148000,110000,445500,Isomerization bpsd,"Missing capacities estimated from median unit/CDU ratios (country where sufficient data; otherwise region; otherwise global). Values rounded to nearest 1,000 bpsd."
North America,United States,Louisiana,Excel Paralubes,Westlake,Westlake,0,0,0,0.0,0,0,0,0,Isomerization bpsd,"Missing capacities estimated from median unit/CDU ratios (country where sufficient data; otherwise region; otherwise global). Values rounded to nearest 1,000 bpsd."
North America,United States,Louisiana,ExxonMobil Refining & Supply Co,Baton Rouge,Baton Rouge,545500,262400,82700,43000.0,44700,251100,127600,582000,Isomerization bpsd,"Missing capacities estimated from median unit/CDU ratios (country where sufficient data; otherwise region; otherwise global). Values rounded to nearest 1,000 bpsd."
North America,United States,Louisiana,Marathon Petroleum Co LP,Garyville,Garyville,649000,299000,140000,51000.0,52500,150000,110500,633500,Isomerization bpsd,"Missing capacities estimated from median unit/CDU ratios (country where sufficient data; otherwise region; otherwise global). Values rounded to nearest 1,000 bpsd."
North America,United States,Louisiana,Phillips 66 Company,Westlake,Westlake,277600,128900,49086,22000.0,9920,50941,66543,284260,Isomerization bpsd,"Missing capacities estimated from median unit/CDU ratios (country where sufficient data; otherwise region; otherwise global). Values rounded to nearest 1,000 bpsd."
North America,United States,Louisiana,Placid Refining Co,Port Allen,Port Allen,82500,27000,11500,7000.0,7500,25000,0,57000,Isomerization bpsd,"Missing capacities estimated from median unit/CDU ratios (country where sufficient data; otherwise region; otherwise global). Values rounded to nearest 1,000 bpsd."
North America,United States,Louisiana,Shell Oil Products US,Norco,Norco,250000,91300,40000,20000.0,18100,118800,28500,189000,Isomerization bpsd,"Missing capacities estimated from median unit/CDU ratios (country where sufficient data; otherwise region; otherwise global). Values rounded to nearest 1,000 bpsd."
North America,United States,Louisiana,Valero Refining - Meraux LLC,Meraux,Meraux,135000,56600,32000,11000.0,0,0,0,95000,Isomerization bpsd,"Missing capacities estimated from median unit/CDU ratios (country where sufficient data; otherwise region; otherwise global). Values rounded to nearest 1,000 bpsd."
North America,United States,Louisiana,Valero Refining New Orleans LLC,Norco,Norco,235000,180000,25000,19000.0,48000,100000,86000,195000,Isomerization bpsd,"Missing capacities estimated from median unit/CDU ratios (country where sufficient data; otherwise region; otherwise global). Values rounded to nearest 1,000 bpsd."
North America,United States,Mississippi,Chevron USA Inc,Pascagoula,Pascagoula,375200,334000,101600,30000.0,22600,88700,104000,285500,Isomerization bpsd,"Missing capacities estimated from median unit/CDU ratios (country where sufficient data; otherwise region; otherwise global). Values rounded to nearest 1,000 bpsd."
North America,United States,Mississippi,Ergon Refining Inc,Vicksburg,Vicksburg,27300,18000,0,2000.0,0,0,0,23000,Isomerization bpsd,"Missing capacities estimated from median unit/CDU ratios (country where sufficient data; otherwise region; otherwise global). Values rounded to nearest 1,000 bpsd."
North America,United States,Mississippi,Hunt Southland Refining Co,Sandersville,Sandersville,12500,6875,0,1000.0,0,0,0,0,Isomerization bpsd,"Missing capacities estimated from median unit/CDU ratios (country where sufficient data; otherwise region; otherwise global). Values rounded to nearest 1,000 bpsd."
North America,United States,New Mexico,HF Sinclair Navajo Refining LLC,Artesia,Artesia,124000,34300,24000,10000.0,9500,30000,0,118000,Isomerization bpsd,"Missing capacities estimated from median unit/CDU ratios (country where sufficient data; otherwise region; otherwise global). Values rounded to nearest 1,000 bpsd."
North America,United States,Texas,Alon USA Energy Inc,Big Spring,Big Spring,74000,28000,21500,6000.0,5000,23500,0,60800,Isomerization bpsd,"Missing capacities estimated from median unit/CDU ratios (country where sufficient data; otherwise region; otherwise global). Values rounded to nearest 1,000 bpsd."
North America,United States,Texas,Buckeye Texas Processing LLC,Corpus Christi,Corpus Christi,62500,0,0,5000.0,0,0,0,0,Isomerization bpsd,"Missing capacities estimated from median unit/CDU ratios (country where sufficient data; otherwise region; otherwise global). Values rounded to nearest 1,000 bpsd."
North America,United States,Texas,Citgo Refining & Chemical Inc,Corpus Christi,Corpus Christi,175500,85300,51500,14000.0,24878,70700,45100,273047,Isomerization bpsd,"Missing capacities estimated from median unit/CDU ratios (country where sufficient data; otherwise region; otherwise global). Values rounded to nearest 1,000 bpsd."
North America,United States,Texas,Deer Park Refining LP,Deer Park,Deer Park,340000,180000,68500,27000.0,21000,75100,96000,324600,Isomerization bpsd,"Missing capacities estimated from median unit/CDU ratios (country where sufficient data; otherwise region; otherwise global). Values rounded to nearest 1,000 bpsd."
North America,United States,Texas,Delek Refining LTD,Tyler,Tyler,77500,28000,17500,6000.0,4720,20250,7500,77000,Isomerization bpsd,"Missing capacities estimated from median unit/CDU ratios (country where sufficient data; otherwise region; otherwise global). Values rounded to nearest 1,000 bpsd."
North America,United States,Texas,Diamond Shamrock Refining Co LP,Sunray,Sunray,204000,50000,47500,16000.0,9800,56000,0,132000,Isomerization bpsd,"Missing capacities estimated from median unit/CDU ratios (country where sufficient data; otherwise region; otherwise global). Values rounded to nearest 1,000 bpsd."
North America,United States,Texas,Diamond Shamrock Refining Co LP,Three Rivers,Three Rivers,100000,33500,33500,8000.0,7100,23840,0,82600,Isomerization bpsd,"Missing capacities estimated from median unit/CDU ratios (country where sufficient data; otherwise region; otherwise global). Values rounded to nearest 1,000 bpsd."
North America,United States,Texas,Enterprise Prod Texas Operating LLC,Mont Belvieu,Mont Belvieu,0,0,0,0.0,0,0,0,65000,Isomerization bpsd,"Missing capacities estimated from median unit/CDU ratios (country where sufficient data; otherwise region; otherwise global). Values rounded to nearest 1,000 bpsd."
North America,United States,Texas,Equistar Chemicals LP,Channelview,Channelview,0,0,0,0.0,22370,0,0,0,Isomerization bpsd,"Missing capacities estimated from median unit/CDU ratios (country where sufficient data; otherwise region; otherwise global). Values rounded to nearest 1,000 bpsd."
North America,United States,Texas,ExxonMobil Refining & Supply Co,Baytown,Baytown,588000,297000,126500,47000.0,42600,220000,96000,830100,Isomerization bpsd,"Missing capacities estimated from median unit/CDU ratios (country where sufficient data; otherwise region; otherwise global). Values rounded to nearest 1,000 bpsd."
North America,United States,Texas,ExxonMobil Refining & Supply Co,Beaumont,Beaumont,637400,180000,146000,50000.0,16300,115000,47000,484700,Isomerization bpsd,"Missing capacities estimated from median unit/CDU ratios (country where sufficient data; otherwise region; otherwise global). Values rounded to nearest 1,000 bpsd."
North America,United States,Texas,Flint Hills Resources LP,Corpus Christi East,Corpus Christi East,90000,0,0,7000.0,0,50000,0,33000,Isomerization bpsd,"Missing capacities estimated from median unit/CDU ratios (country where sufficient data; otherwise region; otherwise global). Values rounded to nearest 1,000 bpsd."
North America,United States,Texas,Flint Hills Resources LP,Corpus Christi West,Corpus Christi West,300000,87500,0,24000.0,15500,58100,0,256000,Isomerization bpsd,"Missing capacities estimated from median unit/CDU ratios (country where sufficient data; otherwise region; otherwise global). Values rounded to nearest 1,000 bpsd."
North America,United States,Texas,Hartree Refining LLC,Channelview,Channelview,50000,0,0,4000.0,0,0,0,0,Isomerization bpsd,"Missing capacities estimated from median unit/CDU ratios (country where sufficient data; otherwise region; otherwise global). Values rounded to nearest 1,000 bpsd."
North America,United States,Texas,Kinder Morgan Crude & Condensate,Galena Park,Galena Park,121000,0,0,10000.0,0,0,0,0,Isomerization bpsd,"Missing capacities estimated from median unit/CDU ratios (country where sufficient data; otherwise region; otherwise global). Values rounded to nearest 1,000 bpsd."
North America,United States,Texas,Lazarus Energy LLC,Nixon,Nixon,15000,0,0,1000.0,0,0,0,0,Isomerization bpsd,"Missing capacities estimated from median unit/CDU ratios (country where sufficient data; otherwise region; otherwise global). Values rounded to nearest 1,000 bpsd."
North America,United States,Texas,Magellan Processing LP,Corpus Christi,Corpus Christi,55000,0,0,4000.0,0,0,0,0,Isomerization bpsd,"Missing capacities estimated from median unit/CDU ratios (country where sufficient data; otherwise region; otherwise global). Values rounded to nearest 1,000 bpsd."
North America,United States,Texas,Marathon Petroleum Co LP,Galveston Bay,Galveston Bay,665000,259500,147000,53000.0,67000,219500,32500,433500,Isomerization bpsd,"Missing capacities estimated from median unit/CDU ratios (country where sufficient data; otherwise region; otherwise global). Values rounded to nearest 1,000 bpsd."
North America,United States,Texas,Motiva Enterprises LLC,Port Arthur,Port Arthur,678000,336600,134500,54000.0,23000,92600,178000,599300,Isomerization bpsd,"Missing capacities estimated from median unit/CDU ratios (country where sufficient data; otherwise region; otherwise global). Values rounded to nearest 1,000 bpsd."
North America,United States,Texas,Pasadena Performance Products LLC,Pasadena,Pasadena,0,0,0,0.0,43000,0,0,0,Isomerization bpsd,"Missing capacities estimated from median unit/CDU ratios (country where sufficient data; otherwise region; otherwise global). Values rounded to nearest 1,000 bpsd."
North America,United States,Texas,Pasadena Refining Systems Inc,Pasadena,Pasadena,125000,38000,26000,10000.0,0,0,0,38400,Isomerization bpsd,"Missing capacities estimated from median unit/CDU ratios (country where sufficient data; otherwise region; otherwise global). Values rounded to nearest 1,000 bpsd."
North America,United States,Texas,Petromax Refining Co LLC,Houston,Houston,27500,0,0,2000.0,0,0,0,0,Isomerization bpsd,"Missing capacities estimated from median unit/CDU ratios (country where sufficient data; otherwise region; otherwise global). Values rounded to nearest 1,000 bpsd."
North America,United States,Texas,Phillips 66 Company,Sweeny,Sweeny,291700,132066,46176,23000.0,27304,116005,78732,392417,Isomerization bpsd,"Missing capacities estimated from median unit/CDU ratios (country where sufficient data; otherwise region; otherwise global). Values rounded to nearest 1,000 bpsd."
North America,United States,Texas,Premcor Refining Group Inc,Port Arthur,Port Arthur,424000,220000,58000,34000.0,20000,75000,161000,345600,Isomerization bpsd,"Missing capacities estimated from median unit/CDU ratios (country where sufficient data; otherwise region; otherwise global). Values rounded to nearest 1,000 bpsd."
North America,United States,Texas,Targa Downstream LLC,Mont Belvieu,Mont Belvieu,0,0,0,0.0,0,0,0,35000,Isomerization bpsd,"Missing capacities estimated from median unit/CDU ratios (country where sufficient data; otherwise region; otherwise global). Values rounded to nearest 1,000 bpsd."
North America,United States,Texas,Texas International Terminals,Galveston,Galveston,50000,0,0,4000.0,0,0,0,0,Isomerization bpsd,"Missing capacities estimated from median unit/CDU ratios (country where sufficient data; otherwise region; otherwise global). Values rounded to nearest 1,000 bpsd."
North America,United States,Texas,The San Antonio Refinery LLC,San Antonio,San Antonio,21000,0,6000,2000.0,0,0,0,16000,Isomerization bpsd,"Missing capacities estimated from median unit/CDU ratios (country where sufficient data; otherwise region; otherwise global). Values rounded to nearest 1,000 bpsd."
North America,United States,Texas,TotalEnergies Petrochem & Refg USA,Port Arthur,Port Arthur,245000,117000,43000,19000.0,7500,80000,60000,274500,Isomerization bpsd,"Missing capacities estimated from median unit/CDU ratios (country where sufficient data; otherwise region; otherwise global). Values rounded to nearest 1,000 bpsd."
North America,United States,Texas,Trecora Hydrocarbons LLC,Silsbee,Silsbee,0,0,5200,0.0,0,0,0,15000,Isomerization bpsd,"Missing capacities estimated from median unit/CDU ratios (country where sufficient data; otherwise region; otherwise global). Values rounded to nearest 1,000 bpsd."
North America,United States,Texas,Valero Refining Co Texas LP,Corpus Christi,Corpus Christi,301000,91000,50000,24000.0,24500,95500,19000,293500,Isomerization bpsd,"Missing capacities estimated from median unit/CDU ratios (country where sufficient data; otherwise region; otherwise global). Values rounded to nearest 1,000 bpsd."
North America,United States,Texas,Valero Refining Co Texas LP,Houston,Houston,218700,38000,0,17000.0,28875,75200,0,65240,Isomerization bpsd,"Missing capacities estimated from median unit/CDU ratios (country where sufficient data; otherwise region; otherwise global). Values rounded to nearest 1,000 bpsd."
North America,United States,Texas,Valero Refining Co Texas LP,Texas City,Texas City,227400,133500,18100,18000.0,14700,86000,53500,286000,Isomerization bpsd,"Missing capacities estimated from median unit/CDU ratios (country where sufficient data; otherwise region; otherwise global). Values rounded to nearest 1,000 bpsd."
North America,United States,Texas,Western Refining Company LP,El Paso,El Paso,140000,55500,31000,11000.0,14000,35000,0,132500,Isomerization bpsd,"Missing capacities estimated from median unit/CDU ratios (country where sufficient data; otherwise region; otherwise global). Values rounded to nearest 1,000 bpsd."
North America,United States,Texas,WRB Refining LP,Borger,Borger,165542,160671,31648,13000.0,14591,60975,28380,191165,Isomerization bpsd,"Missing capacities estimated from median unit/CDU ratios (country where sufficient data; otherwise region; otherwise global). Values rounded to nearest 1,000 bpsd."
South Asia,India,Assam,Indian Oil Corporation Limited,Digboi,Digboi,13000,7150,2600,1000.0,650,2860,520,9620,Isomerization bpsd,"Missing capacities estimated from median unit/CDU ratios (country where sufficient data; otherwise region; otherwise global). Values rounded to nearest 1,000 bpsd."
South Asia,India,Assam,Indian Oil Corporation Limited,Guwahati,Guwahati,24000,13200,4800,2000.0,1200,5280,960,17760,Isomerization bpsd,"Missing capacities estimated from median unit/CDU ratios (country where sufficient data; otherwise region; otherwise global). Values rounded to nearest 1,000 bpsd."
South Asia,India,Gujarat,Indian Oil Corporation Limited,Koyali (Gujarat Refinery),Koyali (Gujarat Refinery),274000,169880,60280,22000.0,13700,76720,21920,228242,Isomerization bpsd,"Missing capacities estimated from median unit/CDU ratios (country where sufficient data; otherwise region; otherwise global). Values rounded to nearest 1,000 bpsd."
South Asia,India,Bihar,Indian Oil Corporation Limited,Barauni,Barauni,120000,54000,19200,10000.0,1800,14400,0,83280,Isomerization bpsd,"Missing capacities estimated from median unit/CDU ratios (country where sufficient data; otherwise region; otherwise global). Values rounded to nearest 1,000 bpsd."
South Asia,India,West Bengal,Indian Oil Corporation Limited,Haldia,Haldia,160000,112000,38400,13000.0,8000,48000,25600,140160,Isomerization bpsd,"Missing capacities estimated from median unit/CDU ratios (country where sufficient data; otherwise region; otherwise global). Values rounded to nearest 1,000 bpsd."
South Asia,India,Uttar Pradesh,Indian Oil Corporation Limited,Mathura,Mathura,160000,88000,32000,13000.0,8000,35200,6400,118400,Isomerization bpsd,"Missing capacities estimated from median unit/CDU ratios (country where sufficient data; otherwise region; otherwise global). Values rounded to nearest 1,000 bpsd."
South Asia,India,Haryana,Indian Oil Corporation Limited,Panipat,Panipat,300000,210000,72000,24000.0,15000,90000,48000,262800,Isomerization bpsd,"Missing capacities estimated from median unit/CDU ratios (country where sufficient data; otherwise region; otherwise global). Values rounded to nearest 1,000 bpsd."
South Asia,India,Assam,Indian Oil Corporation Limited,Bongaigaon,Bongaigaon,54000,33480,11880,4000.0,2700,15120,4320,44982,Isomerization bpsd,"Missing capacities estimated from median unit/CDU ratios (country where sufficient data; otherwise region; otherwise global). Values rounded to nearest 1,000 bpsd."
South Asia,India,Odisha,Indian Oil Corporation Limited,Paradip,Paradip,300000,210000,72000,24000.0,15000,90000,48000,262800,Isomerization bpsd,"Missing capacities estimated from median unit/CDU ratios (country where sufficient data; otherwise region; otherwise global). Values rounded to nearest 1,000 bpsd."
South Asia,India,Maharashtra,Hindustan Petroleum Corporation Limited,Mumbai,Mumbai,190000,117800,41800,15000.0,9500,53200,15200,158270,Isomerization bpsd,"Missing capacities estimated from median unit/CDU ratios (country where sufficient data; otherwise region; otherwise global). Values rounded to nearest 1,000 bpsd."
South Asia,India,Andhra Pradesh,Hindustan Petroleum Corporation Limited,Visakhapatnam,Visakhapatnam,300000,186000,66000,24000.0,15000,84000,24000,243900,Isomerization bpsd,"Missing capacities estimated from median unit/CDU ratios (country where sufficient data; otherwise region; otherwise global). Values rounded to nearest 1,000 bpsd."
South Asia,India,Maharashtra,Bharat Petroleum Corporation Limited,Mumbai,Mumbai,240000,148800,52800,19000.0,12000,67200,19200,199920,Isomerization bpsd,"Missing capacities estimated from median unit/CDU ratios (country where sufficient data; otherwise region; otherwise global). Values rounded to nearest 1,000 bpsd."
South Asia,India,Kerala,Bharat Petroleum Corporation Limited,Kochi,Kochi,310000,217000,74400,25000.0,15500,93000,49600,271560,Isomerization bpsd,"Missing capacities estimated from median unit/CDU ratios (country where sufficient data; otherwise region; otherwise global). Values rounded to nearest 1,000 bpsd."
South Asia,India,Madhya Pradesh,Bharat Petroleum Corporation Limited,Bina,Bina,156000,109200,37440,12000.0,7800,46800,24960,136656,Isomerization bpsd,"Missing capacities estimated from median unit/CDU ratios (country where sufficient data; otherwise region; otherwise global). Values rounded to nearest 1,000 bpsd."
South Asia,India,Tamil Nadu,Chennai Petroleum Corporation Limited,Manali,Manali,210000,147000,50400,17000.0,10500,63000,33600,183960,Isomerization bpsd,"Missing capacities estimated from median unit/CDU ratios (country where sufficient data; otherwise region; otherwise global). Values rounded to nearest 1,000 bpsd."
South Asia,India,Assam,Numaligarh Refinery Limited,Numaligarh,Numaligarh,60000,37200,13200,5000.0,3000,16800,4800,48780,Isomerization bpsd,"Missing capacities estimated from median unit/CDU ratios (country where sufficient data; otherwise region; otherwise global). Values rounded to nearest 1,000 bpsd."
South Asia,India,Andhra Pradesh,Oil and Natural Gas Corporation Limited,Tatipaka,Tatipaka,1320,264,0,0.0,20,0,0,672,Isomerization bpsd,"Missing capacities estimated from median unit/CDU ratios (country where sufficient data; otherwise region; otherwise global). Values rounded to nearest 1,000 bpsd."
South Asia,India,Karnataka,Mangalore Refinery and Petrochemicals Limited,Mangalore,Mangalore,300000,186000,66000,24000.0,15000,84000,24000,249900,Isomerization bpsd,"Missing capacities estimated from median unit/CDU ratios (country where sufficient data; otherwise region; otherwise global). Values rounded to nearest 1,000 bpsd."
South Asia,India,Punjab,HPCL-Mittal Energy Limited,Bathinda (GGSR),Bathinda (GGSR),226000,169500,56500,18000.0,11300,72320,49720,200575,Isomerization bpsd,"Missing capacities estimated from median unit/CDU ratios (country where sufficient data; otherwise region; otherwise global). Values rounded to nearest 1,000 bpsd."
South Asia,India,Rajasthan,HPCL Rajasthan Refinery Limited,Pachpadra,Pachpadra,180000,126000,43200,14000.0,9000,54000,28800,157680,Isomerization bpsd,"Missing capacities estimated from median unit/CDU ratios (country where sufficient data; otherwise region; otherwise global). Values rounded to nearest 1,000 bpsd."
South Asia,India,Gujarat,Reliance Industries Limited,Jamnagar DTA,Jamnagar DTA,660000,495000,165000,52000.0,33000,211200,145200,585750,Isomerization bpsd,"Missing capacities estimated from median unit/CDU ratios (country where sufficient data; otherwise region; otherwise global). Values rounded to nearest 1,000 bpsd."
South Asia,India,Gujarat,Reliance Industries Limited,Jamnagar SEZ,Jamnagar SEZ,704000,563200,190080,56000.0,35200,239360,197120,640992,Isomerization bpsd,"Missing capacities estimated from median unit/CDU ratios (country where sufficient data; otherwise region; otherwise global). Values rounded to nearest 1,000 bpsd."
South Asia,India,Gujarat,Nayara Energy Limited,Vadinar,Vadinar,400000,280000,96000,32000.0,20000,120000,64000,350400,Isomerization bpsd,"Missing capacities estimated from median unit/CDU ratios (country where sufficient data; otherwise region; otherwise global). Values rounded to nearest 1,000 bpsd."
East Asia,China,Zhejiang,Zhejiang Petroleum & Chemical / Rongsheng,Zhoushan,Zhoushan,800000,544000,176000,63000.0,12000,160000,176000,760800,Isomerization bpsd,"Missing capacities estimated from median unit/CDU ratios (country where sufficient data; otherwise region; otherwise global). Values rounded to nearest 1,000 bpsd."
East Asia,China,Zhejiang,Sinopec,Ningbo/Zhenhai,Ningbo/Zhenhai,480000,326400,105600,38000.0,7200,96000,105600,456480,Isomerization bpsd,"Missing capacities estimated from median unit/CDU ratios (country where sufficient data; otherwise region; otherwise global). Values rounded to nearest 1,000 bpsd."
East Asia,China,Guangdong,CNOOC,Huizhou,Huizhou,440000,299200,96800,35000.0,6600,88000,96800,418440,Isomerization bpsd,"Missing capacities estimated from median unit/CDU ratios (country where sufficient data; otherwise region; otherwise global). Values rounded to nearest 1,000 bpsd."
East Asia,China,Jiangsu,Sinopec,Nanjing,Nanjing,420000,260400,75600,33000.0,10500,105000,50400,381780,Isomerization bpsd,"Missing capacities estimated from median unit/CDU ratios (country where sufficient data; otherwise region; otherwise global). Values rounded to nearest 1,000 bpsd."
East Asia,China,Liaoning,PetroChina / CNPC,Dalian,Dalian,410000,254200,73800,32000.0,10250,102500,49200,372690,Isomerization bpsd,"Missing capacities estimated from median unit/CDU ratios (country where sufficient data; otherwise region; otherwise global). Values rounded to nearest 1,000 bpsd."
East Asia,China,Liaoning,Hengli Petrochemical,"Changxing Island, Dalian","Changxing Island, Dalian",400000,272000,88000,32000.0,6000,80000,88000,380400,Isomerization bpsd,"Missing capacities estimated from median unit/CDU ratios (country where sufficient data; otherwise region; otherwise global). Values rounded to nearest 1,000 bpsd."
East Asia,China,Guangdong,PetroChina / CNPC,Jieyang,Jieyang,400000,272000,88000,32000.0,6000,80000,88000,380400,Isomerization bpsd,"Missing capacities estimated from median unit/CDU ratios (country where sufficient data; otherwise region; otherwise global). Values rounded to nearest 1,000 bpsd."
East Asia,China,Shandong,Shandong Yulong Petrochemical,Yantai / Longkou,Yantai / Longkou,400000,272000,88000,32000.0,6000,80000,88000,380400,Isomerization bpsd,"Missing capacities estimated from median unit/CDU ratios (country where sufficient data; otherwise region; otherwise global). Values rounded to nearest 1,000 bpsd."
East Asia,China,Guangdong,Sinopec,Maoming,Maoming,362000,224440,65160,29000.0,9050,90500,43440,329058,Isomerization bpsd,"Missing capacities estimated from median unit/CDU ratios (country where sufficient data; otherwise region; otherwise global). Values rounded to nearest 1,000 bpsd."
East Asia,China,Jiangsu,Shenghong Petrochemical,Lianyungang,Lianyungang,320000,217600,70400,25000.0,4800,64000,70400,304320,Isomerization bpsd,"Missing capacities estimated from median unit/CDU ratios (country where sufficient data; otherwise region; otherwise global). Values rounded to nearest 1,000 bpsd."
East Asia,China,Fujian,Sinochem,Quanzhou,Quanzhou,300000,186000,54000,24000.0,7500,75000,36000,272700,Isomerization bpsd,"Missing capacities estimated from median unit/CDU ratios (country where sufficient data; otherwise region; otherwise global). Values rounded to nearest 1,000 bpsd."
East Asia,China,Hunan,Sinopec,Yueyang,Yueyang,300000,186000,54000,24000.0,7500,75000,36000,272700,Isomerization bpsd,"Missing capacities estimated from median unit/CDU ratios (country where sufficient data; otherwise region; otherwise global). Values rounded to nearest 1,000 bpsd."
East Asia,China,Fujian,Sinopec / Fujian / ExxonMobil / Saudi Aramco,Quanzhou,Quanzhou,280000,173600,50400,22000.0,7000,70000,33600,254520,Isomerization bpsd,"Missing capacities estimated from median unit/CDU ratios (country where sufficient data; otherwise region; otherwise global). Values rounded to nearest 1,000 bpsd."
East Asia,China,Tianjin,Sinopec,Tianjin,Tianjin,276000,171120,49680,22000.0,6900,69000,33120,250884,Isomerization bpsd,"Missing capacities estimated from median unit/CDU ratios (country where sufficient data; otherwise region; otherwise global). Values rounded to nearest 1,000 bpsd."
East Asia,China,Gansu,PetroChina / CNPC,Lanzhou,Lanzhou,280000,154000,42000,22000.0,4200,61600,16800,245700,Isomerization bpsd,"Missing capacities estimated from median unit/CDU ratios (country where sufficient data; otherwise region; otherwise global). Values rounded to nearest 1,000 bpsd."
East Asia,China,Guangdong,Sinopec,Guangzhou,Guangzhou,264000,163680,47520,21000.0,6600,66000,31680,239976,Isomerization bpsd,"Missing capacities estimated from median unit/CDU ratios (country where sufficient data; otherwise region; otherwise global). Values rounded to nearest 1,000 bpsd."
East Asia,China,Shanghai,Sinopec,Shanghai/Pudong,Shanghai/Pudong,260000,161200,46800,21000.0,6500,65000,31200,236340,Isomerization bpsd,"Missing capacities estimated from median unit/CDU ratios (country where sufficient data; otherwise region; otherwise global). Values rounded to nearest 1,000 bpsd."
East Asia,China,Shandong,Sinopec,Zibo,Zibo,250000,155000,45000,20000.0,6250,62500,30000,227250,Isomerization bpsd,"Missing capacities estimated from median unit/CDU ratios (country where sufficient data; otherwise region; otherwise global). Values rounded to nearest 1,000 bpsd."
East Asia,China,Guangxi,PetroChina / CNPC,Qinzhou,Qinzhou,240000,148800,43200,19000.0,6000,60000,28800,218160,Isomerization bpsd,"Missing capacities estimated from median unit/CDU ratios (country where sufficient data; otherwise region; otherwise global). Values rounded to nearest 1,000 bpsd."
East Asia,China,Shandong,Sinopec,Qingdao,Qingdao,240000,148800,43200,19000.0,6000,60000,28800,218160,Isomerization bpsd,"Missing capacities estimated from median unit/CDU ratios (country where sufficient data; otherwise region; otherwise global). Values rounded to nearest 1,000 bpsd."
East Asia,China,Jiangsu,Sinopec,Nanjing,Nanjing,280000,173600,50400,22000.0,7000,70000,33600,254520,Isomerization bpsd,"Missing capacities estimated from median unit/CDU ratios (country where sufficient data; otherwise region; otherwise global). Values rounded to nearest 1,000 bpsd."
East Asia,China,Beijing,Sinopec,Beijing/Fangshan,Beijing/Fangshan,220000,136400,39600,17000.0,5500,55000,26400,199980,Isomerization bpsd,"Missing capacities estimated from median unit/CDU ratios (country where sufficient data; otherwise region; otherwise global). Values rounded to nearest 1,000 bpsd."
East Asia,China,Liaoning,PetroChina / CNPC,Fushun,Fushun,230000,142600,41400,18000.0,5750,57500,27600,209070,Isomerization bpsd,"Missing capacities estimated from median unit/CDU ratios (country where sufficient data; otherwise region; otherwise global). Values rounded to nearest 1,000 bpsd."
East Asia,China,Xinjiang,PetroChina / CNPC,Dushanzi,Dushanzi,320000,198400,57600,25000.0,8000,80000,38400,290880,Isomerization bpsd,"Missing capacities estimated from median unit/CDU ratios (country where sufficient data; otherwise region; otherwise global). Values rounded to nearest 1,000 bpsd."
East Asia,China,Jilin,PetroChina / CNPC,Jilin City,Jilin City,200000,124000,36000,16000.0,5000,50000,24000,181800,Isomerization bpsd,"Missing capacities estimated from median unit/CDU ratios (country where sufficient data; otherwise region; otherwise global). Values rounded to nearest 1,000 bpsd."
East Asia,China,Jiangxi,Sinopec,Jiujiang,Jiujiang,200000,124000,36000,16000.0,5000,50000,24000,181800,Isomerization bpsd,"Missing capacities estimated from median unit/CDU ratios (country where sufficient data; otherwise region; otherwise global). Values rounded to nearest 1,000 bpsd."
East Asia,China,Guangdong,Sinopec,Zhanjiang,Zhanjiang,200000,136000,44000,16000.0,3000,40000,44000,190200,Isomerization bpsd,"Missing capacities estimated from median unit/CDU ratios (country where sufficient data; otherwise region; otherwise global). Values rounded to nearest 1,000 bpsd."
East Asia,China,Hainan,Sinopec,Yangpu,Yangpu,184000,114080,33120,15000.0,4600,46000,22080,167256,Isomerization bpsd,"Missing capacities estimated from median unit/CDU ratios (country where sufficient data; otherwise region; otherwise global). Values rounded to nearest 1,000 bpsd."
East Asia,China,Liaoning,PetroChina / CNPC,Jinzhou,Jinzhou,180000,99000,27000,14000.0,2700,39600,10800,157950,Isomerization bpsd,"Missing capacities estimated from median unit/CDU ratios (country where sufficient data; otherwise region; otherwise global). Values rounded to nearest 1,000 bpsd."
East Asia,China,Anhui,Sinopec,Anqing,Anqing,180000,99000,27000,14000.0,2700,39600,10800,157950,Isomerization bpsd,"Missing capacities estimated from median unit/CDU ratios (country where sufficient data; otherwise region; otherwise global). Values rounded to nearest 1,000 bpsd."
East Asia,China,Hubei,Sinopec,Wuhan,Wuhan,170000,105400,30600,13000.0,4250,42500,20400,154530,Isomerization bpsd,"Missing capacities estimated from median unit/CDU ratios (country where sufficient data; otherwise region; otherwise global). Values rounded to nearest 1,000 bpsd."
East Asia,China,Henan,Sinopec,Luoyang,Luoyang,160000,99200,28800,13000.0,4000,40000,19200,145440,Isomerization bpsd,"Missing capacities estimated from median unit/CDU ratios (country where sufficient data; otherwise region; otherwise global). Values rounded to nearest 1,000 bpsd."
East Asia,China,Hebei,Sinopec,Shijiazhuang,Shijiazhuang,160000,88000,24000,13000.0,2400,35200,9600,140400,Isomerization bpsd,"Missing capacities estimated from median unit/CDU ratios (country where sufficient data; otherwise region; otherwise global). Values rounded to nearest 1,000 bpsd."
East Asia,China,Shandong,Dongming Petrochemical,Heze/Dongming,Heze/Dongming,151000,83050,22650,12000.0,2265,33220,9060,132502,Isomerization bpsd,"Missing capacities estimated from median unit/CDU ratios (country where sufficient data; otherwise region; otherwise global). Values rounded to nearest 1,000 bpsd."
East Asia,China,Shandong,Sinopec,Jinan,Jinan,150000,82500,22500,12000.0,2250,33000,9000,131625,Isomerization bpsd,"Missing capacities estimated from median unit/CDU ratios (country where sufficient data; otherwise region; otherwise global). Values rounded to nearest 1,000 bpsd."
East Asia,China,Liaoning,PetroChina / CNPC,Huludao,Huludao,140000,77000,21000,11000.0,2100,30800,8400,122850,Isomerization bpsd,"Missing capacities estimated from median unit/CDU ratios (country where sufficient data; otherwise region; otherwise global). Values rounded to nearest 1,000 bpsd."
East Asia,China,Shandong,Shandong Chambroad Petrochemicals,Binzhou,Binzhou,140000,86800,25200,11000.0,3500,35000,16800,127260,Isomerization bpsd,"Missing capacities estimated from median unit/CDU ratios (country where sufficient data; otherwise region; otherwise global). Values rounded to nearest 1,000 bpsd."
East Asia,China,Guangxi,Sinopec,Beihai,Beihai,128000,70400,19200,10000.0,1920,28160,7680,112320,Isomerization bpsd,"Missing capacities estimated from median unit/CDU ratios (country where sufficient data; otherwise region; otherwise global). Values rounded to nearest 1,000 bpsd."
East Asia,China,Xinjiang,PetroChina / CNPC,Urumqi,Urumqi,120000,66000,18000,10000.0,1800,26400,7200,105300,Isomerization bpsd,"Missing capacities estimated from median unit/CDU ratios (country where sufficient data; otherwise region; otherwise global). Values rounded to nearest 1,000 bpsd."
East Asia,China,Hebei,Sinopec,Cangzhou,Cangzhou,120000,66000,18000,10000.0,1800,26400,7200,105300,Isomerization bpsd,"Missing capacities estimated from median unit/CDU ratios (country where sufficient data; otherwise region; otherwise global). Values rounded to nearest 1,000 bpsd."
Asia Pacific,Japan,Hokkaido,ENEOS,"Muroran, Japan","Muroran, Japan",180000,117000,36000,14000.0,7200,43200,14400,135000,Isomerization bpsd,"Missing capacities estimated from median unit/CDU ratios (country where sufficient data; otherwise region; otherwise global). Values rounded to nearest 1,000 bpsd."
Asia Pacific,Japan,Chiba,Cosmo Oil,"Chiba, Japan","Chiba, Japan",177000,115050,35400,14000.0,7080,42480,14160,132750,Isomerization bpsd,"Missing capacities estimated from median unit/CDU ratios (country where sufficient data; otherwise region; otherwise global). Values rounded to nearest 1,000 bpsd."
Asia Pacific,Japan,Chiba,Idemitsu Kosan,"Chiba, Japan","Chiba, Japan",190000,123500,38000,15000.0,7600,45600,15200,142500,Isomerization bpsd,"Missing capacities estimated from median unit/CDU ratios (country where sufficient data; otherwise region; otherwise global). Values rounded to nearest 1,000 bpsd."
Asia Pacific,Japan,Kanagawa,ENEOS,"Negishi, Japan","Negishi, Japan",270000,175500,54000,21000.0,10800,64800,21600,202500,Isomerization bpsd,"Missing capacities estimated from median unit/CDU ratios (country where sufficient data; otherwise region; otherwise global). Values rounded to nearest 1,000 bpsd."
Asia Pacific,Japan,Kanagawa,ENEOS,"Kawasaki, Japan","Kawasaki, Japan",235000,152750,47000,19000.0,9400,56400,18800,176250,Isomerization bpsd,"Missing capacities estimated from median unit/CDU ratios (country where sufficient data; otherwise region; otherwise global). Values rounded to nearest 1,000 bpsd."
Asia Pacific,Japan,Aichi,Idemitsu Kosan,"Aichi, Japan","Aichi, Japan",160000,88000,25600,13000.0,3200,28800,4800,88000,Isomerization bpsd,"Missing capacities estimated from median unit/CDU ratios (country where sufficient data; otherwise region; otherwise global). Values rounded to nearest 1,000 bpsd."
Asia Pacific,Japan,Mie,Cosmo Oil,"Yokkaichi, Japan","Yokkaichi, Japan",175000,113750,35000,14000.0,7000,42000,14000,131250,Isomerization bpsd,"Missing capacities estimated from median unit/CDU ratios (country where sufficient data; otherwise region; otherwise global). Values rounded to nearest 1,000 bpsd."
Asia Pacific,Japan,Osaka,Cosmo Oil,"Sakai, Japan","Sakai, Japan",100000,55000,16000,8000.0,2000,18000,3000,55000,Isomerization bpsd,"Missing capacities estimated from median unit/CDU ratios (country where sufficient data; otherwise region; otherwise global). Values rounded to nearest 1,000 bpsd."
Asia Pacific,Japan,Yamaguchi,ENEOS,"Marifu, Japan","Marifu, Japan",128000,83200,25600,10000.0,5120,30720,10240,96000,Isomerization bpsd,"Missing capacities estimated from median unit/CDU ratios (country where sufficient data; otherwise region; otherwise global). Values rounded to nearest 1,000 bpsd."
Asia Pacific,Japan,Yamaguchi,Idemitsu Kosan,"Tokuyama, Japan","Tokuyama, Japan",120000,66000,19200,10000.0,2400,21600,3600,66000,Isomerization bpsd,"Missing capacities estimated from median unit/CDU ratios (country where sufficient data; otherwise region; otherwise global). Values rounded to nearest 1,000 bpsd."
Asia Pacific,Japan,Ehime,Taiyo Oil,"Shikoku, Japan","Shikoku, Japan",138000,89700,27600,11000.0,5520,33120,11040,103500,Isomerization bpsd,"Missing capacities estimated from median unit/CDU ratios (country where sufficient data; otherwise region; otherwise global). Values rounded to nearest 1,000 bpsd."
Asia Pacific,Japan,Okayama,ENEOS,"Mizushima, Japan","Mizushima, Japan",380000,247000,76000,30000.0,15200,91200,30400,285000,Isomerization bpsd,"Missing capacities estimated from median unit/CDU ratios (country where sufficient data; otherwise region; otherwise global). Values rounded to nearest 1,000 bpsd."
Asia Pacific,Japan,Oita,ENEOS,"Oita, Japan","Oita, Japan",136000,74800,21760,11000.0,2720,24480,4080,74800,Isomerization bpsd,"Missing capacities estimated from median unit/CDU ratios (country where sufficient data; otherwise region; otherwise global). Values rounded to nearest 1,000 bpsd."
Asia Pacific,South Korea,Ulsan,SK Energy,"Ulsan, South Korea","Ulsan, South Korea",840000,604800,184800,66000.0,33600,235200,134400,756000,Isomerization bpsd,"Missing capacities estimated from median unit/CDU ratios (country where sufficient data; otherwise region; otherwise global). Values rounded to nearest 1,000 bpsd."
Asia Pacific,South Korea,Ulsan,S-Oil,"Onsan, South Korea","Onsan, South Korea",669000,481680,147180,53000.0,26760,187320,107040,602100,Isomerization bpsd,"Missing capacities estimated from median unit/CDU ratios (country where sufficient data; otherwise region; otherwise global). Values rounded to nearest 1,000 bpsd."
Asia Pacific,South Korea,Jeollanam-do,GS Caltex,"Yeosu, South Korea","Yeosu, South Korea",800000,576000,176000,63000.0,32000,224000,128000,720000,Isomerization bpsd,"Missing capacities estimated from median unit/CDU ratios (country where sufficient data; otherwise region; otherwise global). Values rounded to nearest 1,000 bpsd."
Asia Pacific,South Korea,Chungcheongnam-do,HD Hyundai Oilbank,"Daesan, South Korea","Daesan, South Korea",690000,496800,151800,55000.0,27600,193200,110400,621000,Isomerization bpsd,"Missing capacities estimated from median unit/CDU ratios (country where sufficient data; otherwise region; otherwise global). Values rounded to nearest 1,000 bpsd."
Asia Pacific,South Korea,Incheon,SK Incheon Petrochem,"Incheon, South Korea","Incheon, South Korea",275000,178750,55000,22000.0,11000,66000,22000,206250,Isomerization bpsd,"Missing capacities estimated from median unit/CDU ratios (country where sufficient data; otherwise region; otherwise global). Values rounded to nearest 1,000 bpsd."
Asia Pacific,Taiwan,Yunlin,Formosa Petrochemical,"Mailiao, Taiwan","Mailiao, Taiwan",540000,388800,118800,43000.0,21600,151200,86400,486000,Isomerization bpsd,"Missing capacities estimated from median unit/CDU ratios (country where sufficient data; otherwise region; otherwise global). Values rounded to nearest 1,000 bpsd."
Asia Pacific,Taiwan,Taoyuan,CPC Corporation,"Taoyuan, Taiwan","Taoyuan, Taiwan",200000,130000,40000,16000.0,8000,48000,16000,150000,Isomerization bpsd,"Missing capacities estimated from median unit/CDU ratios (country where sufficient data; otherwise region; otherwise global). Values rounded to nearest 1,000 bpsd."
Asia Pacific,Taiwan,Kaohsiung,CPC Corporation,"Dalin, Taiwan","Dalin, Taiwan",400000,260000,80000,32000.0,16000,96000,32000,300000,Isomerization bpsd,"Missing capacities estimated from median unit/CDU ratios (country where sufficient data; otherwise region; otherwise global). Values rounded to nearest 1,000 bpsd."
Asia Pacific,Singapore,Jurong Island,ExxonMobil,"Jurong/Pulau Ayer Chawan, Singapore","Jurong/Pulau Ayer Chawan, Singapore",592000,426240,130240,47000.0,23680,165760,94720,532800,Isomerization bpsd,"Missing capacities estimated from median unit/CDU ratios (country where sufficient data; otherwise region; otherwise global). Values rounded to nearest 1,000 bpsd."
Asia Pacific,Singapore,Jurong Island,Singapore Refining Company,"Jurong Island, Singapore","Jurong Island, Singapore",290000,188500,58000,23000.0,11600,69600,23200,217500,Isomerization bpsd,"Missing capacities estimated from median unit/CDU ratios (country where sufficient data; otherwise region; otherwise global). Values rounded to nearest 1,000 bpsd."
Asia Pacific,Singapore,Pulau Bukom,Chandra Asri / Aster,"Bukom, Singapore","Bukom, Singapore",237000,154050,47400,19000.0,9480,56880,18960,177750,Isomerization bpsd,"Missing capacities estimated from median unit/CDU ratios (country where sufficient data; otherwise region; otherwise global). Values rounded to nearest 1,000 bpsd."
Asia Pacific,Indonesia,Central Java,Pertamina,"Cilacap, Indonesia","Cilacap, Indonesia",348000,226200,69600,28000.0,13920,83520,27840,261000,Isomerization bpsd,"Missing capacities estimated from median unit/CDU ratios (country where sufficient data; otherwise region; otherwise global). Values rounded to nearest 1,000 bpsd."
Asia Pacific,Indonesia,East Kalimantan,Pertamina,"Balikpapan, Indonesia","Balikpapan, Indonesia",360000,234000,72000,28000.0,14400,86400,28800,270000,Isomerization bpsd,"Missing capacities estimated from median unit/CDU ratios (country where sufficient data; otherwise region; otherwise global). Values rounded to nearest 1,000 bpsd."
Asia Pacific,Indonesia,West Java,Pertamina,"Balongan, Indonesia","Balongan, Indonesia",150000,97500,30000,12000.0,6000,36000,12000,112500,Isomerization bpsd,"Missing capacities estimated from median unit/CDU ratios (country where sufficient data; otherwise region; otherwise global). Values rounded to nearest 1,000 bpsd."
Asia Pacific,Indonesia,Riau,Pertamina,"Dumai, Indonesia","Dumai, Indonesia",170000,93500,27200,13000.0,3400,30600,5100,93500,Isomerization bpsd,"Missing capacities estimated from median unit/CDU ratios (country where sufficient data; otherwise region; otherwise global). Values rounded to nearest 1,000 bpsd."
Asia Pacific,Indonesia,South Sumatra,Pertamina,"Plaju, Indonesia","Plaju, Indonesia",134000,73700,21440,11000.0,2680,24120,4020,73700,Isomerization bpsd,"Missing capacities estimated from median unit/CDU ratios (country where sufficient data; otherwise region; otherwise global). Values rounded to nearest 1,000 bpsd."
Asia Pacific,Indonesia,East Java,TPPI,"Tuban, Indonesia","Tuban, Indonesia",100000,65000,20000,8000.0,4000,24000,8000,75000,Isomerization bpsd,"Missing capacities estimated from median unit/CDU ratios (country where sufficient data; otherwise region; otherwise global). Values rounded to nearest 1,000 bpsd."
Asia Pacific,Indonesia,West Papua,Pertamina,"Kasim, Indonesia","Kasim, Indonesia",10000,4500,800,1000.0,200,800,0,3500,Isomerization bpsd,"Missing capacities estimated from median unit/CDU ratios (country where sufficient data; otherwise region; otherwise global). Values rounded to nearest 1,000 bpsd."
Asia Pacific,Thailand,Chonburi,Thai Oil,"Sriracha, Thailand","Sriracha, Thailand",400000,288000,88000,32000.0,16000,112000,64000,360000,Isomerization bpsd,"Missing capacities estimated from median unit/CDU ratios (country where sufficient data; otherwise region; otherwise global). Values rounded to nearest 1,000 bpsd."
Asia Pacific,Thailand,Rayong,IRPC,"Rayong, Thailand","Rayong, Thailand",215000,139750,43000,17000.0,8600,51600,17200,161250,Isomerization bpsd,"Missing capacities estimated from median unit/CDU ratios (country where sufficient data; otherwise region; otherwise global). Values rounded to nearest 1,000 bpsd."
Asia Pacific,Thailand,Rayong,PTT Global Chemical,"Map Ta Phut, Thailand","Map Ta Phut, Thailand",280000,182000,56000,22000.0,11200,67200,22400,210000,Isomerization bpsd,"Missing capacities estimated from median unit/CDU ratios (country where sufficient data; otherwise region; otherwise global). Values rounded to nearest 1,000 bpsd."
Asia Pacific,Thailand,Rayong,Star Petroleum Refining,"Map Ta Phut, Thailand","Map Ta Phut, Thailand",175000,96250,28000,14000.0,3500,31500,5250,96250,Isomerization bpsd,"Missing capacities estimated from median unit/CDU ratios (country where sufficient data; otherwise region; otherwise global). Values rounded to nearest 1,000 bpsd."
Asia Pacific,Thailand,Bangkok,Bangchak,"Phra Khanong, Thailand","Phra Khanong, Thailand",120000,78000,24000,10000.0,4800,28800,9600,90000,Isomerization bpsd,"Missing capacities estimated from median unit/CDU ratios (country where sufficient data; otherwise region; otherwise global). Values rounded to nearest 1,000 bpsd."
Asia Pacific,Thailand,Chonburi,Bangchak,"Si Racha, Thailand","Si Racha, Thailand",174000,113100,34800,14000.0,6960,41760,13920,130500,Isomerization bpsd,"Missing capacities estimated from median unit/CDU ratios (country where sufficient data; otherwise region; otherwise global). Values rounded to nearest 1,000 bpsd."
Asia Pacific,Malaysia,Johor,PRefChem,"Pengerang, Malaysia","Pengerang, Malaysia",300000,216000,66000,24000.0,12000,84000,48000,270000,Isomerization bpsd,"Missing capacities estimated from median unit/CDU ratios (country where sufficient data; otherwise region; otherwise global). Values rounded to nearest 1,000 bpsd."
Asia Pacific,Malaysia,Negeri Sembilan,Petron Malaysia,"Port Dickson, Malaysia","Port Dickson, Malaysia",88000,48400,14080,7000.0,1760,15840,2640,48400,Isomerization bpsd,"Missing capacities estimated from median unit/CDU ratios (country where sufficient data; otherwise region; otherwise global). Values rounded to nearest 1,000 bpsd."
Asia Pacific,Malaysia,Negeri Sembilan,Hengyuan Refining,"Port Dickson, Malaysia","Port Dickson, Malaysia",156000,101400,31200,12000.0,6240,37440,12480,117000,Isomerization bpsd,"Missing capacities estimated from median unit/CDU ratios (country where sufficient data; otherwise region; otherwise global). Values rounded to nearest 1,000 bpsd."
Asia Pacific,Malaysia,Terengganu,PETRONAS,"Kertih, Malaysia","Kertih, Malaysia",124000,80600,24800,10000.0,4960,29760,9920,93000,Isomerization bpsd,"Missing capacities estimated from median unit/CDU ratios (country where sufficient data; otherwise region; otherwise global). Values rounded to nearest 1,000 bpsd."
Asia Pacific,Malaysia,Malacca,PETRONAS,"Melaka I, Malaysia","Melaka I, Malaysia",100000,55000,16000,8000.0,2000,18000,3000,55000,Isomerization bpsd,"Missing capacities estimated from median unit/CDU ratios (country where sufficient data; otherwise region; otherwise global). Values rounded to nearest 1,000 bpsd."
Asia Pacific,Malaysia,Malacca,PETRONAS / ConocoPhillips,"Melaka II, Malaysia","Melaka II, Malaysia",170000,110500,34000,13000.0,6800,40800,13600,127500,Isomerization bpsd,"Missing capacities estimated from median unit/CDU ratios (country where sufficient data; otherwise region; otherwise global). Values rounded to nearest 1,000 bpsd."
Asia Pacific,Vietnam,Quang Ngai,Binh Son Refining & Petrochemical,"Dung Quat, Vietnam","Dung Quat, Vietnam",148000,96200,29600,12000.0,5920,35520,11840,111000,Isomerization bpsd,"Missing capacities estimated from median unit/CDU ratios (country where sufficient data; otherwise region; otherwise global). Values rounded to nearest 1,000 bpsd."
Asia Pacific,Vietnam,Thanh Hoa,Nghi Son Refinery & Petrochemical,"Nghi Son, Vietnam","Nghi Son, Vietnam",200000,144000,44000,16000.0,8000,56000,32000,180000,Isomerization bpsd,"Missing capacities estimated from median unit/CDU ratios (country where sufficient data; otherwise region; otherwise global). Values rounded to nearest 1,000 bpsd."
Asia Pacific,Brunei,Pulau Muara Besar,Hengyi Industries,"Pulau Muara Besar, Brunei","Pulau Muara Besar, Brunei",175000,126000,38500,14000.0,7000,49000,28000,157500,Isomerization bpsd,"Missing capacities estimated from median unit/CDU ratios (country where sufficient data; otherwise region; otherwise global). Values rounded to nearest 1,000 bpsd."
Asia Pacific,Brunei,Seria,Brunei Shell Petroleum,"Seria, Brunei","Seria, Brunei",10000,4500,800,1000.0,200,800,0,3500,Isomerization bpsd,"Missing capacities estimated from median unit/CDU ratios (country where sufficient data; otherwise region; otherwise global). Values rounded to nearest 1,000 bpsd."
Asia Pacific,Philippines,Bataan,Petron Corporation,"Limay/Bataan, Philippines","Limay/Bataan, Philippines",180000,117000,36000,14000.0,7200,43200,14400,135000,Isomerization bpsd,"Missing capacities estimated from median unit/CDU ratios (country where sufficient data; otherwise region; otherwise global). Values rounded to nearest 1,000 bpsd."
Asia Pacific,Pakistan,Sindh,Cnergyico,"Hub/Balochistan, Pakistan","Hub/Balochistan, Pakistan",156000,85800,24960,12000.0,3120,28080,4680,85800,Isomerization bpsd,"Missing capacities estimated from median unit/CDU ratios (country where sufficient data; otherwise region; otherwise global). Values rounded to nearest 1,000 bpsd."
Asia Pacific,Pakistan,Sindh,Pakistan Refinery Limited,"Karachi, Pakistan","Karachi, Pakistan",50000,27500,8000,4000.0,1000,9000,1500,27500,Isomerization bpsd,"Missing capacities estimated from median unit/CDU ratios (country where sufficient data; otherwise region; otherwise global). Values rounded to nearest 1,000 bpsd."
Asia Pacific,Pakistan,Sindh,National Refinery Limited,"Karachi, Pakistan","Karachi, Pakistan",70000,45500,14000,6000.0,2800,16800,5600,52500,Isomerization bpsd,"Missing capacities estimated from median unit/CDU ratios (country where sufficient data; otherwise region; otherwise global). Values rounded to nearest 1,000 bpsd."
Asia Pacific,Pakistan,Punjab,Attock Refinery Limited,"Rawalpindi, Pakistan","Rawalpindi, Pakistan",54000,29700,8640,4000.0,1080,9720,1620,29700,Isomerization bpsd,"Missing capacities estimated from median unit/CDU ratios (country where sufficient data; otherwise region; otherwise global). Values rounded to nearest 1,000 bpsd."
Asia Pacific,Pakistan,Punjab,PARCO,"Mahmood Kot, Pakistan","Mahmood Kot, Pakistan",120000,78000,24000,10000.0,4800,28800,9600,90000,Isomerization bpsd,"Missing capacities estimated from median unit/CDU ratios (country where sufficient data; otherwise region; otherwise global). Values rounded to nearest 1,000 bpsd."
Asia Pacific,Bangladesh,Chattogram,Eastern Refinery Limited,"Chattogram, Bangladesh","Chattogram, Bangladesh",33000,18150,5280,3000.0,660,5940,990,18150,Isomerization bpsd,"Missing capacities estimated from median unit/CDU ratios (country where sufficient data; otherwise region; otherwise global). Values rounded to nearest 1,000 bpsd."
Asia Pacific,Sri Lanka,Western Province,Ceylon Petroleum Corporation,"Sapugaskanda, Sri Lanka","Sapugaskanda, Sri Lanka",50000,27500,8000,4000.0,1000,9000,1500,27500,Isomerization bpsd,"Missing capacities estimated from median unit/CDU ratios (country where sufficient data; otherwise region; otherwise global). Values rounded to nearest 1,000 bpsd."
Russia & CIS,Russia,Omsk Oblast,Gazprom Neft,Omsk Refinery — Omsk,Omsk Refinery — Omsk,440000,308000,88000,35000.0,9504,118800,66000,396000,Isomerization bpsd,"Missing capacities estimated from median unit/CDU ratios (country where sufficient data; otherwise region; otherwise global). Values rounded to nearest 1,000 bpsd."
Russia & CIS,Russia,Leningrad Oblast,Surgutneftegas,Kirishi Refinery (KINEF) — Kirishi,Kirishi Refinery (KINEF) — Kirishi,400000,280000,80000,32000.0,8640,108000,60000,360000,Isomerization bpsd,"Missing capacities estimated from median unit/CDU ratios (country where sufficient data; otherwise region; otherwise global). Values rounded to nearest 1,000 bpsd."
Russia & CIS,Russia,Ryazan Oblast,Rosneft,Ryazan Refining Company — Ryazan,Ryazan Refining Company — Ryazan,340000,221000,61200,27000.0,6528,81600,34000,265200,Isomerization bpsd,"Missing capacities estimated from median unit/CDU ratios (country where sufficient data; otherwise region; otherwise global). Values rounded to nearest 1,000 bpsd."
Russia & CIS,Russia,Nizhny Novgorod Oblast,LUKOIL,Nizhny Novgorod / Kstovo Refinery (NORSI) — Kstovo,Nizhny Novgorod / Kstovo Refinery (NORSI) — Kstovo,340000,238000,68000,27000.0,7344,91800,51000,306000,Isomerization bpsd,"Missing capacities estimated from median unit/CDU ratios (country where sufficient data; otherwise region; otherwise global). Values rounded to nearest 1,000 bpsd."
Russia & CIS,Russia,Republic of Tatarstan,Tatneft,TANECO Nizhnekamsk Refinery — Nizhnekamsk,TANECO Nizhnekamsk Refinery — Nizhnekamsk,324000,226800,64800,26000.0,6998,87480,48600,291600,Isomerization bpsd,"Missing capacities estimated from median unit/CDU ratios (country where sufficient data; otherwise region; otherwise global). Values rounded to nearest 1,000 bpsd."
Russia & CIS,Russia,Yaroslavl Oblast,Slavneft (Rosneft / Gazprom Neft),Yaroslavl Refinery (YANOS) — Yaroslavl,Yaroslavl Refinery (YANOS) — Yaroslavl,300000,195000,54000,24000.0,5760,72000,30000,234000,Isomerization bpsd,"Missing capacities estimated from median unit/CDU ratios (country where sufficient data; otherwise region; otherwise global). Values rounded to nearest 1,000 bpsd."
Russia & CIS,Russia,Volgograd Oblast,LUKOIL,Volgograd Refinery — Volgograd,Volgograd Refinery — Volgograd,315000,220500,63000,25000.0,6804,85050,47250,283500,Isomerization bpsd,"Missing capacities estimated from median unit/CDU ratios (country where sufficient data; otherwise region; otherwise global). Values rounded to nearest 1,000 bpsd."
Russia & CIS,Russia,Perm Krai,LUKOIL,Perm Refinery — Perm,Perm Refinery — Perm,280000,182000,50400,22000.0,5376,67200,28000,218400,Isomerization bpsd,"Missing capacities estimated from median unit/CDU ratios (country where sufficient data; otherwise region; otherwise global). Values rounded to nearest 1,000 bpsd."
Russia & CIS,Russia,Moscow,Gazprom Neft,Moscow Refinery — Moscow,Moscow Refinery — Moscow,243000,170100,48600,19000.0,5249,65610,36450,218700,Isomerization bpsd,"Missing capacities estimated from median unit/CDU ratios (country where sufficient data; otherwise region; otherwise global). Values rounded to nearest 1,000 bpsd."
Russia & CIS,Russia,Republic of Bashkortostan,Gazprom,Salavat Refinery / Gazprom Neftekhim Salavat — Salavat,Salavat Refinery / Gazprom Neftekhim Salavat — Salavat,201000,130650,36180,16000.0,3859,48240,20100,156780,Isomerization bpsd,"Missing capacities estimated from median unit/CDU ratios (country where sufficient data; otherwise region; otherwise global). Values rounded to nearest 1,000 bpsd."
Russia & CIS,Russia,Krasnodar Krai,Rosneft,Tuapse Refinery — Tuapse,Tuapse Refinery — Tuapse,240000,156000,43200,19000.0,4608,57600,24000,187200,Isomerization bpsd,"Missing capacities estimated from median unit/CDU ratios (country where sufficient data; otherwise region; otherwise global). Values rounded to nearest 1,000 bpsd."
Russia & CIS,Russia,Irkutsk Oblast,Rosneft,Angarsk Petrochemical Company Refinery — Angarsk,Angarsk Petrochemical Company Refinery — Angarsk,200000,130000,36000,16000.0,3840,48000,20000,156000,Isomerization bpsd,"Missing capacities estimated from median unit/CDU ratios (country where sufficient data; otherwise region; otherwise global). Values rounded to nearest 1,000 bpsd."
Russia & CIS,Russia,Khabarovsk Krai,Rosneft,Komsomolsk Refinery — Komsomolsk-on-Amur,Komsomolsk Refinery — Komsomolsk-on-Amur,180000,117000,32400,14000.0,3456,43200,18000,140400,Isomerization bpsd,"Missing capacities estimated from median unit/CDU ratios (country where sufficient data; otherwise region; otherwise global). Values rounded to nearest 1,000 bpsd."
Russia & CIS,Russia,Samara Oblast,Rosneft,Syzran Refinery — Syzran,Syzran Refinery — Syzran,171000,99180,27360,14000.0,2736,34200,8550,102600,Isomerization bpsd,"Missing capacities estimated from median unit/CDU ratios (country where sufficient data; otherwise region; otherwise global). Values rounded to nearest 1,000 bpsd."
Russia & CIS,Russia,Samara Oblast,Rosneft,Novokuibyshevsk Refinery — Novokuibyshevsk,Novokuibyshevsk Refinery — Novokuibyshevsk,191000,124150,34380,15000.0,3667,45840,19100,148980,Isomerization bpsd,"Missing capacities estimated from median unit/CDU ratios (country where sufficient data; otherwise region; otherwise global). Values rounded to nearest 1,000 bpsd."
Russia & CIS,Russia,Samara Oblast,Rosneft,Kuibyshev Refinery — Samara,Kuibyshev Refinery — Samara,142000,82360,22720,11000.0,2272,28400,7100,85200,Isomerization bpsd,"Missing capacities estimated from median unit/CDU ratios (country where sufficient data; otherwise region; otherwise global). Values rounded to nearest 1,000 bpsd."
Russia & CIS,Russia,Saratov Oblast,Rosneft,Saratov Refinery — Saratov,Saratov Refinery — Saratov,140000,81200,22400,11000.0,2240,28000,7000,84000,Isomerization bpsd,"Missing capacities estimated from median unit/CDU ratios (country where sufficient data; otherwise region; otherwise global). Values rounded to nearest 1,000 bpsd."
Russia & CIS,Russia,Republic of Bashkortostan,Bashneft / Rosneft,Ufaneftekhim Refinery — Ufa,Ufaneftekhim Refinery — Ufa,191000,124150,34380,15000.0,3667,45840,19100,148980,Isomerization bpsd,"Missing capacities estimated from median unit/CDU ratios (country where sufficient data; otherwise region; otherwise global). Values rounded to nearest 1,000 bpsd."
Russia & CIS,Russia,Republic of Bashkortostan,Bashneft / Rosneft,Novo-Ufa Refinery — Ufa,Novo-Ufa Refinery — Ufa,150000,87000,24000,12000.0,2400,30000,7500,90000,Isomerization bpsd,"Missing capacities estimated from median unit/CDU ratios (country where sufficient data; otherwise region; otherwise global). Values rounded to nearest 1,000 bpsd."
Russia & CIS,Russia,Republic of Bashkortostan,Bashneft / Rosneft,Ufa Refinery — Ufa,Ufa Refinery — Ufa,129000,74820,20640,10000.0,2064,25800,6450,77400,Isomerization bpsd,"Missing capacities estimated from median unit/CDU ratios (country where sufficient data; otherwise region; otherwise global). Values rounded to nearest 1,000 bpsd."
Russia & CIS,Russia,Krasnoyarsk Krai,Rosneft,Achinsk Refinery — Achinsk,Achinsk Refinery — Achinsk,129000,74820,20640,10000.0,2064,25800,6450,77400,Isomerization bpsd,"Missing capacities estimated from median unit/CDU ratios (country where sufficient data; otherwise region; otherwise global). Values rounded to nearest 1,000 bpsd."
Russia & CIS,Russia,Krasnodar Krai,SAFMAR / ForteInvest,Afipsky Refinery — Afipsky,Afipsky Refinery — Afipsky,125000,72500,20000,10000.0,2000,25000,6250,75000,Isomerization bpsd,"Missing capacities estimated from median unit/CDU ratios (country where sufficient data; otherwise region; otherwise global). Values rounded to nearest 1,000 bpsd."
Russia & CIS,Russia,Krasnodar Krai,KNGK,Ilsky Refinery — Ilsky,Ilsky Refinery — Ilsky,132000,59400,15840,10000.0,845,10560,1320,52800,Isomerization bpsd,"Missing capacities estimated from median unit/CDU ratios (country where sufficient data; otherwise region; otherwise global). Values rounded to nearest 1,000 bpsd."
Russia & CIS,Russia,Orenburg Oblast,ForteInvest,Orsk Refinery — Orsk,Orsk Refinery — Orsk,120000,69600,19200,10000.0,1920,24000,6000,72000,Isomerization bpsd,"Missing capacities estimated from median unit/CDU ratios (country where sufficient data; otherwise region; otherwise global). Values rounded to nearest 1,000 bpsd."
Russia & CIS,Russia,Rostov Oblast,NZNP,Novoshakhtinsk Refinery — Novoshakhtinsk,Novoshakhtinsk Refinery — Novoshakhtinsk,108000,48600,12960,9000.0,691,8640,1080,43200,Isomerization bpsd,"Missing capacities estimated from median unit/CDU ratios (country where sufficient data; otherwise region; otherwise global). Values rounded to nearest 1,000 bpsd."
Russia & CIS,Russia,Khabarovsk Krai,NNK,Khabarovsk Refinery — Khabarovsk,Khabarovsk Refinery — Khabarovsk,100000,58000,16000,8000.0,1600,20000,5000,60000,Isomerization bpsd,"Missing capacities estimated from median unit/CDU ratios (country where sufficient data; otherwise region; otherwise global). Values rounded to nearest 1,000 bpsd."
Russia & CIS,Russia,Komi Republic,LUKOIL,Ukhta Refinery — Ukhta,Ukhta Refinery — Ukhta,80000,46400,12800,6000.0,1280,16000,4000,48000,Isomerization bpsd,"Missing capacities estimated from median unit/CDU ratios (country where sufficient data; otherwise region; otherwise global). Values rounded to nearest 1,000 bpsd."
Russia & CIS,Russia,Krasnodar Krai,Krasnodar Oil Refinery,Krasnodar Refinery — Krasnodar,Krasnodar Refinery — Krasnodar,60000,27000,7200,5000.0,384,4800,600,24000,Isomerization bpsd,"Missing capacities estimated from median unit/CDU ratios (country where sufficient data; otherwise region; otherwise global). Values rounded to nearest 1,000 bpsd."
Russia & CIS,Russia,Kemerovo Oblast,NefteKhimService,Yaya Refinery — Yaya,Yaya Refinery — Yaya,60000,34800,9600,5000.0,960,12000,3000,36000,Isomerization bpsd,"Missing capacities estimated from median unit/CDU ratios (country where sufficient data; otherwise region; otherwise global). Values rounded to nearest 1,000 bpsd."
Russia & CIS,Russia,Mari El Republic,New Stream / Mariysky NPZ,Mari El Refinery — Tabashino,Mari El Refinery — Tabashino,34000,15300,4080,3000.0,218,2720,340,13600,Isomerization bpsd,"Missing capacities estimated from median unit/CDU ratios (country where sufficient data; otherwise region; otherwise global). Values rounded to nearest 1,000 bpsd."
Russia & CIS,Russia,Khanty-Mansi Autonomous Okrug,Independent / regional,Nizhnevartovsk Refinery — Nizhnevartovsk,Nizhnevartovsk Refinery — Nizhnevartovsk,27000,12150,3240,2000.0,173,2160,270,10800,Isomerization bpsd,"Missing capacities estimated from median unit/CDU ratios (country where sufficient data; otherwise region; otherwise global). Values rounded to nearest 1,000 bpsd."
Russia & CIS,Russia,Republic of Tatarstan,TAIF-NK,TAIF-NK Nizhnekamsk Refinery — Nizhnekamsk,TAIF-NK Nizhnekamsk Refinery — Nizhnekamsk,160000,104000,28800,13000.0,3072,38400,16000,124800,Isomerization bpsd,"Missing capacities estimated from median unit/CDU ratios (country where sufficient data; otherwise region; otherwise global). Values rounded to nearest 1,000 bpsd."
Latin America,Mexico,Nuevo León,PEMEX,Cadereyta / Héctor R. Lara Sosa,Cadereyta / Héctor R. Lara Sosa,275000,151250,49500,22000.0,6600,66000,49500,214500,Isomerization bpsd,"Missing capacities estimated from median unit/CDU ratios (country where sufficient data; otherwise region; otherwise global). Values rounded to nearest 1,000 bpsd."
Latin America,Mexico,Tamaulipas,PEMEX,Ciudad Madero / Francisco I. Madero,Ciudad Madero / Francisco I. Madero,190000,104500,34200,15000.0,4560,45600,34200,148200,Isomerization bpsd,"Missing capacities estimated from median unit/CDU ratios (country where sufficient data; otherwise region; otherwise global). Values rounded to nearest 1,000 bpsd."
Latin America,Mexico,Veracruz,PEMEX,Minatitlán / Lázaro Cárdenas,Minatitlán / Lázaro Cárdenas,285000,156750,51300,23000.0,6840,68400,51300,222300,Isomerization bpsd,"Missing capacities estimated from median unit/CDU ratios (country where sufficient data; otherwise region; otherwise global). Values rounded to nearest 1,000 bpsd."
Latin America,Mexico,Guanajuato,PEMEX,Salamanca / Ing. Antonio M. Amor,Salamanca / Ing. Antonio M. Amor,245000,110250,31850,19000.0,5390,53900,7350,134750,Isomerization bpsd,"Missing capacities estimated from median unit/CDU ratios (country where sufficient data; otherwise region; otherwise global). Values rounded to nearest 1,000 bpsd."
Latin America,Mexico,Oaxaca,PEMEX,Salina Cruz / Antonio Dovalí Jaime,Salina Cruz / Antonio Dovalí Jaime,330000,171600,52800,26000.0,8910,89100,33000,231000,Isomerization bpsd,"Missing capacities estimated from median unit/CDU ratios (country where sufficient data; otherwise region; otherwise global). Values rounded to nearest 1,000 bpsd."
Latin America,Mexico,Hidalgo,PEMEX,Tula / Miguel Hidalgo,Tula / Miguel Hidalgo,315000,173250,56700,25000.0,7560,75600,56700,245700,Isomerization bpsd,"Missing capacities estimated from median unit/CDU ratios (country where sufficient data; otherwise region; otherwise global). Values rounded to nearest 1,000 bpsd."
Latin America,Mexico,Tabasco,PEMEX,Dos Bocas / Olmeca,Dos Bocas / Olmeca,340000,187000,61200,27000.0,8160,81600,61200,265200,Isomerization bpsd,"Missing capacities estimated from median unit/CDU ratios (country where sufficient data; otherwise region; otherwise global). Values rounded to nearest 1,000 bpsd."
Latin America,Brazil,São Paulo,Petrobras,Paulínia / REPLAN,Paulínia / REPLAN,434000,225680,69440,34000.0,11718,117180,43400,303800,Isomerization bpsd,"Missing capacities estimated from median unit/CDU ratios (country where sufficient data; otherwise region; otherwise global). Values rounded to nearest 1,000 bpsd."
Latin America,Brazil,Rio de Janeiro,Petrobras,Duque de Caxias / REDUC,Duque de Caxias / REDUC,252000,131040,40320,20000.0,6804,68040,25200,176400,Isomerization bpsd,"Missing capacities estimated from median unit/CDU ratios (country where sufficient data; otherwise region; otherwise global). Values rounded to nearest 1,000 bpsd."
Latin America,Brazil,Bahia,Acelen,Mataripe (RLAM),Mataripe (RLAM),333000,173160,53280,26000.0,8991,89910,33300,233100,Isomerization bpsd,"Missing capacities estimated from median unit/CDU ratios (country where sufficient data; otherwise region; otherwise global). Values rounded to nearest 1,000 bpsd."
Latin America,Brazil,São Paulo,Petrobras,Henrique Lage / REVAP,Henrique Lage / REVAP,252000,131040,40320,20000.0,6804,68040,25200,176400,Isomerization bpsd,"Missing capacities estimated from median unit/CDU ratios (country where sufficient data; otherwise region; otherwise global). Values rounded to nearest 1,000 bpsd."
Latin America,Brazil,São Paulo,Petrobras,Presidente Bernardes / RPBC,Presidente Bernardes / RPBC,178000,92560,28480,14000.0,4806,48060,17800,124600,Isomerization bpsd,"Missing capacities estimated from median unit/CDU ratios (country where sufficient data; otherwise region; otherwise global). Values rounded to nearest 1,000 bpsd."
Latin America,Brazil,Paraná,Petrobras,Presidente Getúlio Vargas / REPAR,Presidente Getúlio Vargas / REPAR,208000,108160,33280,16000.0,5616,56160,20800,145600,Isomerization bpsd,"Missing capacities estimated from median unit/CDU ratios (country where sufficient data; otherwise region; otherwise global). Values rounded to nearest 1,000 bpsd."
Latin America,Brazil,Rio Grande do Sul,Petrobras,Alberto Pasqualini / REFAP,Alberto Pasqualini / REFAP,208000,108160,33280,16000.0,5616,56160,20800,145600,Isomerization bpsd,"Missing capacities estimated from median unit/CDU ratios (country where sufficient data; otherwise region; otherwise global). Values rounded to nearest 1,000 bpsd."
Latin America,Brazil,Minas Gerais,Petrobras,Gabriel Passos / REGAP,Gabriel Passos / REGAP,166000,74700,21580,13000.0,3652,36520,4980,91300,Isomerization bpsd,"Missing capacities estimated from median unit/CDU ratios (country where sufficient data; otherwise region; otherwise global). Values rounded to nearest 1,000 bpsd."
Latin America,Brazil,Pernambuco,Petrobras,Abreu e Lima / RNEST,Abreu e Lima / RNEST,130000,67600,20800,10000.0,3510,35100,13000,91000,Isomerization bpsd,"Missing capacities estimated from median unit/CDU ratios (country where sufficient data; otherwise region; otherwise global). Values rounded to nearest 1,000 bpsd."
Latin America,Brazil,Amazonas,Ream,Isaac Sabbá / REMAN,Isaac Sabbá / REMAN,46000,20700,5980,4000.0,1012,10120,1380,25300,Isomerization bpsd,"Missing capacities estimated from median unit/CDU ratios (country where sufficient data; otherwise region; otherwise global). Values rounded to nearest 1,000 bpsd."
Latin America,Brazil,Ceará,Petrobras,Lubrificantes e Derivados do Nordeste / LUBNOR,Lubrificantes e Derivados do Nordeste / LUBNOR,10000,3200,900,1000.0,80,800,0,3500,Isomerization bpsd,"Missing capacities estimated from median unit/CDU ratios (country where sufficient data; otherwise region; otherwise global). Values rounded to nearest 1,000 bpsd."
Latin America,Brazil,Rio Grande do Sul,Refinaria de Petróleo Riograndense,Rio Grande,Rio Grande,17000,7650,2210,1000.0,374,3740,510,9350,Isomerization bpsd,"Missing capacities estimated from median unit/CDU ratios (country where sufficient data; otherwise region; otherwise global). Values rounded to nearest 1,000 bpsd."
Latin America,Brazil,Rio de Janeiro,Refit,Manguinhos,Manguinhos,14000,4480,1260,1000.0,112,1120,0,4900,Isomerization bpsd,"Missing capacities estimated from median unit/CDU ratios (country where sufficient data; otherwise region; otherwise global). Values rounded to nearest 1,000 bpsd."
Latin America,Argentina,Buenos Aires,YPF,La Plata / Ensenada,La Plata / Ensenada,201280,104666,32205,16000.0,5435,54346,20128,140896,Isomerization bpsd,"Missing capacities estimated from median unit/CDU ratios (country where sufficient data; otherwise region; otherwise global). Values rounded to nearest 1,000 bpsd."
Latin America,Argentina,Mendoza,YPF,Luján de Cuyo,Luján de Cuyo,128945,67051,20631,10000.0,3482,34815,12894,90262,Isomerization bpsd,"Missing capacities estimated from median unit/CDU ratios (country where sufficient data; otherwise region; otherwise global). Values rounded to nearest 1,000 bpsd."
Latin America,Argentina,Buenos Aires,Raízen,Dock Sud,Dock Sud,110075,57239,17612,9000.0,2972,29720,11008,77052,Isomerization bpsd,"Missing capacities estimated from median unit/CDU ratios (country where sufficient data; otherwise region; otherwise global). Values rounded to nearest 1,000 bpsd."
Latin America,Argentina,Buenos Aires,AXION energy,Campana,Campana,94350,49062,15096,7000.0,2547,25474,9435,66045,Isomerization bpsd,"Missing capacities estimated from median unit/CDU ratios (country where sufficient data; otherwise region; otherwise global). Values rounded to nearest 1,000 bpsd."
Latin America,Argentina,Buenos Aires,Trafigura,Bahía Blanca / Ricardo Elicabe,Bahía Blanca / Ricardo Elicabe,37740,16983,4906,3000.0,830,8303,1132,20757,Isomerization bpsd,"Missing capacities estimated from median unit/CDU ratios (country where sufficient data; otherwise region; otherwise global). Values rounded to nearest 1,000 bpsd."
Latin America,Argentina,Neuquén,YPF,Plaza Huincul,Plaza Huincul,25160,11322,3271,2000.0,554,5535,755,13838,Isomerization bpsd,"Missing capacities estimated from median unit/CDU ratios (country where sufficient data; otherwise region; otherwise global). Values rounded to nearest 1,000 bpsd."
Latin America,Argentina,Salta,Refinor,Campo Durán,Campo Durán,31450,14152,4088,2000.0,692,6919,944,17298,Isomerization bpsd,"Missing capacities estimated from median unit/CDU ratios (country where sufficient data; otherwise region; otherwise global). Values rounded to nearest 1,000 bpsd."
Latin America,Argentina,La Pampa,Refipampa,Colonia 25 de Mayo,Colonia 25 de Mayo,5032,1610,453,0.0,40,403,0,1761,Isomerization bpsd,"Missing capacities estimated from median unit/CDU ratios (country where sufficient data; otherwise region; otherwise global). Values rounded to nearest 1,000 bpsd."
Latin America,Colombia,Santander,Ecopetrol,Barrancabermeja,Barrancabermeja,250000,130000,40000,20000.0,6750,67500,25000,175000,Isomerization bpsd,"Missing capacities estimated from median unit/CDU ratios (country where sufficient data; otherwise region; otherwise global). Values rounded to nearest 1,000 bpsd."
Latin America,Colombia,Bolívar,Ecopetrol,Cartagena / Reficar,Cartagena / Reficar,210000,115500,37800,17000.0,5040,50400,37800,163800,Isomerization bpsd,"Missing capacities estimated from median unit/CDU ratios (country where sufficient data; otherwise region; otherwise global). Values rounded to nearest 1,000 bpsd."
Latin America,Venezuela,Falcón,PDVSA,Amuay,Amuay,645000,354750,116100,51000.0,15480,154800,116100,503100,Isomerization bpsd,"Missing capacities estimated from median unit/CDU ratios (country where sufficient data; otherwise region; otherwise global). Values rounded to nearest 1,000 bpsd."
Latin America,Venezuela,Falcón,PDVSA,Cardón,Cardón,310000,170500,55800,25000.0,7440,74400,55800,241800,Isomerization bpsd,"Missing capacities estimated from median unit/CDU ratios (country where sufficient data; otherwise region; otherwise global). Values rounded to nearest 1,000 bpsd."
Latin America,Venezuela,Carabobo,PDVSA,El Palito,El Palito,140000,72800,22400,11000.0,3780,37800,14000,98000,Isomerization bpsd,"Missing capacities estimated from median unit/CDU ratios (country where sufficient data; otherwise region; otherwise global). Values rounded to nearest 1,000 bpsd."
Latin America,Venezuela,Anzoátegui,PDVSA,Puerto La Cruz,Puerto La Cruz,187000,97240,29920,15000.0,5049,50490,18700,130900,Isomerization bpsd,"Missing capacities estimated from median unit/CDU ratios (country where sufficient data; otherwise region; otherwise global). Values rounded to nearest 1,000 bpsd."
Latin America,Peru,Callao,Petroperú,Talara,Talara,95000,52250,17100,8000.0,2280,22800,17100,74100,Isomerization bpsd,"Missing capacities estimated from median unit/CDU ratios (country where sufficient data; otherwise region; otherwise global). Values rounded to nearest 1,000 bpsd."
Latin America,Peru,Callao,Repsol,La Pampilla,La Pampilla,117000,60840,18720,9000.0,3159,31590,11700,81900,Isomerization bpsd,"Missing capacities estimated from median unit/CDU ratios (country where sufficient data; otherwise region; otherwise global). Values rounded to nearest 1,000 bpsd."
Latin America,Chile,Valparaíso,ENAP,Aconcagua / Concón,Aconcagua / Concón,104000,54080,16640,8000.0,2808,28080,10400,72800,Isomerization bpsd,"Missing capacities estimated from median unit/CDU ratios (country where sufficient data; otherwise region; otherwise global). Values rounded to nearest 1,000 bpsd."
Latin America,Chile,Biobío,ENAP,Bío Bío,Bío Bío,116000,60320,18560,9000.0,3132,31320,11600,81200,Isomerization bpsd,"Missing capacities estimated from median unit/CDU ratios (country where sufficient data; otherwise region; otherwise global). Values rounded to nearest 1,000 bpsd."
Latin America,Ecuador,Esmeraldas,EP Petroecuador,Esmeraldas,Esmeraldas,110000,57200,17600,9000.0,2970,29700,11000,77000,Isomerization bpsd,"Missing capacities estimated from median unit/CDU ratios (country where sufficient data; otherwise region; otherwise global). Values rounded to nearest 1,000 bpsd."
Latin America,Ecuador,Santa Elena,EP Petroecuador,La Libertad,La Libertad,45000,20250,5850,4000.0,990,9900,1350,24750,Isomerization bpsd,"Missing capacities estimated from median unit/CDU ratios (country where sufficient data; otherwise region; otherwise global). Values rounded to nearest 1,000 bpsd."
Latin America,Ecuador,Sucumbíos,EP Petroecuador,Shushufindi,Shushufindi,20000,6400,1800,2000.0,160,1600,0,7000,Isomerization bpsd,"Missing capacities estimated from median unit/CDU ratios (country where sufficient data; otherwise region; otherwise global). Values rounded to nearest 1,000 bpsd."
Latin America,Bolivia,Santa Cruz,YPFB Refinación,Guillermo Elder Bell,Guillermo Elder Bell,24000,10800,3120,2000.0,528,5280,720,13200,Isomerization bpsd,"Missing capacities estimated from median unit/CDU ratios (country where sufficient data; otherwise region; otherwise global). Values rounded to nearest 1,000 bpsd."
Latin America,Bolivia,Cochabamba,YPFB Refinación,Gualberto Villarroel,Gualberto Villarroel,40000,18000,5200,3000.0,880,8800,1200,22000,Isomerization bpsd,"Missing capacities estimated from median unit/CDU ratios (country where sufficient data; otherwise region; otherwise global). Values rounded to nearest 1,000 bpsd."
Latin America,Paraguay,Central,Petropar,Villa Elisa,Villa Elisa,7500,2400,675,1000.0,60,600,0,2625,Isomerization bpsd,"Missing capacities estimated from median unit/CDU ratios (country where sufficient data; otherwise region; otherwise global). Values rounded to nearest 1,000 bpsd."
Latin America,Uruguay,Montevideo,ANCAP,La Teja,La Teja,50000,22500,6500,4000.0,1100,11000,1500,27500,Isomerization bpsd,"Missing capacities estimated from median unit/CDU ratios (country where sufficient data; otherwise region; otherwise global). Values rounded to nearest 1,000 bpsd."
Latin America,Curaçao,Willemstad,Refineria di Kòrsou,Isla / Curaçao,Isla / Curaçao,335000,174200,53600,27000.0,9045,90450,33500,234500,Isomerization bpsd,"Missing capacities estimated from median unit/CDU ratios (country where sufficient data; otherwise region; otherwise global). Values rounded to nearest 1,000 bpsd."
Latin America,Dominican Republic,Haina,Refidomsa,Haina,Haina,34000,15300,4420,3000.0,748,7480,1020,18700,Isomerization bpsd,"Missing capacities estimated from median unit/CDU ratios (country where sufficient data; otherwise region; otherwise global). Values rounded to nearest 1,000 bpsd."
Latin America,Jamaica,Kingston,Petrojam,Kingston,Kingston,36500,16425,4745,3000.0,803,8030,1095,20075,Isomerization bpsd,"Missing capacities estimated from median unit/CDU ratios (country where sufficient data; otherwise region; otherwise global). Values rounded to nearest 1,000 bpsd."
Latin America,Trinidad and Tobago,Pointe-à-Pierre,Heritage / Guaracara,Pointe-à-Pierre,Pointe-à-Pierre,165000,85800,26400,13000.0,4455,44550,16500,115500,Isomerization bpsd,"Missing capacities estimated from median unit/CDU ratios (country where sufficient data; otherwise region; otherwise global). Values rounded to nearest 1,000 bpsd."
Latin America,Nicaragua,Managua,Puma Energy,Managua,Managua,20000,6400,1800,2000.0,160,1600,0,7000,Isomerization bpsd,"Missing capacities estimated from median unit/CDU ratios (country where sufficient data; otherwise region; otherwise global). Values rounded to nearest 1,000 bpsd."
Latin America,El Salvador,La Libertad,RASA,Acajutla,Acajutla,22000,7040,1980,2000.0,176,1760,0,7700,Isomerization bpsd,"Missing capacities estimated from median unit/CDU ratios (country where sufficient data; otherwise region; otherwise global). Values rounded to nearest 1,000 bpsd."
Europe,Austria,,OMV,Schwechat,Schwechat,195000,105000,33000,16000.0,9000,58000,0,152000,,"Missing capacities estimated from median unit/CDU ratios (country where sufficient data; otherwise region; otherwise global). Values rounded to nearest 1,000 bpsd."
Europe,Belgium,,TotalEnergies,Antwerp,Antwerp,338000,183000,57000,27000.0,15000,101000,0,264000,,"Missing capacities estimated from median unit/CDU ratios (country where sufficient data; otherwise region; otherwise global). Values rounded to nearest 1,000 bpsd."
Europe,Belgium,,ExxonMobil,Antwerp,Antwerp,320000,173000,54000,26000.0,14000,96000,0,250000,,"Missing capacities estimated from median unit/CDU ratios (country where sufficient data; otherwise region; otherwise global). Values rounded to nearest 1,000 bpsd."
Europe,Bulgaria,,Lukoil Neftochim,Burgas,Burgas,185000,100000,31000,15000.0,8000,56000,0,144000,,"Missing capacities estimated from median unit/CDU ratios (country where sufficient data; otherwise region; otherwise global). Values rounded to nearest 1,000 bpsd."
Europe,Croatia,,INA,Rijeka,Rijeka,90000,31000,14000,5000.0,2000,14000,0,47000,,"Missing capacities estimated from median unit/CDU ratios (country where sufficient data; otherwise region; otherwise global). Values rounded to nearest 1,000 bpsd."
Europe,Czechia,,ORLEN Unipetrol,Litvínov,Litvínov,110000,59000,19000,9000.0,5000,33000,0,86000,,"Missing capacities estimated from median unit/CDU ratios (country where sufficient data; otherwise region; otherwise global). Values rounded to nearest 1,000 bpsd."
Europe,Czechia,,ORLEN Unipetrol,Kralupy,Kralupy,65000,23000,10000,4000.0,1000,10000,0,34000,,"Missing capacities estimated from median unit/CDU ratios (country where sufficient data; otherwise region; otherwise global). Values rounded to nearest 1,000 bpsd."
Europe,Denmark,,Crossbridge Energy,Fredericia,Fredericia,70000,24000,11000,4000.0,1000,11000,0,36000,,"Missing capacities estimated from median unit/CDU ratios (country where sufficient data; otherwise region; otherwise global). Values rounded to nearest 1,000 bpsd."
Europe,Denmark,,Kalundborg Refinery,Kalundborg,Kalundborg,110000,38000,18000,7000.0,2000,18000,0,57000,,"Missing capacities estimated from median unit/CDU ratios (country where sufficient data; otherwise region; otherwise global). Values rounded to nearest 1,000 bpsd."
Europe,Finland,,Neste,Porvoo,Porvoo,205000,111000,35000,16000.0,9000,62000,0,160000,,"Missing capacities estimated from median unit/CDU ratios (country where sufficient data; otherwise region; otherwise global). Values rounded to nearest 1,000 bpsd."
Europe,France,,TotalEnergies,Gonfreville (Normandy),Gonfreville (Normandy),240000,130000,41000,19000.0,11000,72000,0,187000,,"Missing capacities estimated from median unit/CDU ratios (country where sufficient data; otherwise region; otherwise global). Values rounded to nearest 1,000 bpsd."
Europe,France,,TotalEnergies,Donges,Donges,220000,119000,37000,18000.0,10000,66000,0,172000,,"Missing capacities estimated from median unit/CDU ratios (country where sufficient data; otherwise region; otherwise global). Values rounded to nearest 1,000 bpsd."
Europe,France,,TotalEnergies,Feyzin,Feyzin,115000,40000,18000,7000.0,2000,18000,0,60000,,"Missing capacities estimated from median unit/CDU ratios (country where sufficient data; otherwise region; otherwise global). Values rounded to nearest 1,000 bpsd."
Europe,France,,Esso / ExxonMobil,Port-Jérôme-Gravenchon,Port-Jérôme-Gravenchon,240000,130000,41000,19000.0,11000,72000,0,187000,,"Missing capacities estimated from median unit/CDU ratios (country where sufficient data; otherwise region; otherwise global). Values rounded to nearest 1,000 bpsd."
Europe,France,,Petroineos,Lavera,Lavera,190000,103000,32000,15000.0,9000,57000,0,148000,,"Missing capacities estimated from median unit/CDU ratios (country where sufficient data; otherwise region; otherwise global). Values rounded to nearest 1,000 bpsd."
Europe,France,,Esso / ExxonMobil,Fos-sur-Mer,Fos-sur-Mer,130000,46000,21000,8000.0,3000,21000,0,68000,,"Missing capacities estimated from median unit/CDU ratios (country where sufficient data; otherwise region; otherwise global). Values rounded to nearest 1,000 bpsd."
Europe,Germany,,MiRO,Karlsruhe,Karlsruhe,310000,167000,53000,25000.0,14000,93000,0,242000,,"Missing capacities estimated from median unit/CDU ratios (country where sufficient data; otherwise region; otherwise global). Values rounded to nearest 1,000 bpsd."
Europe,Germany,,PCK Raffinerie,Schwedt,Schwedt,245000,132000,42000,20000.0,11000,74000,0,191000,,"Missing capacities estimated from median unit/CDU ratios (country where sufficient data; otherwise region; otherwise global). Values rounded to nearest 1,000 bpsd."
Europe,Germany,,TotalEnergies,Leuna,Leuna,225000,79000,36000,14000.0,4000,36000,0,117000,,"Missing capacities estimated from median unit/CDU ratios (country where sufficient data; otherwise region; otherwise global). Values rounded to nearest 1,000 bpsd."
Europe,Germany,,Klesch / bp (transition),Gelsenkirchen,Gelsenkirchen,265000,143000,45000,21000.0,12000,80000,0,207000,,"Missing capacities estimated from median unit/CDU ratios (country where sufficient data; otherwise region; otherwise global). Values rounded to nearest 1,000 bpsd."
Europe,Germany,,Shell,Cologne-Godorf,Cologne-Godorf,190000,103000,32000,15000.0,9000,57000,0,148000,,"Missing capacities estimated from median unit/CDU ratios (country where sufficient data; otherwise region; otherwise global). Values rounded to nearest 1,000 bpsd."
Europe,Germany,,Bayernoil,Neustadt an der Donau / Vohburg,Neustadt an der Donau / Vohburg,205000,72000,33000,12000.0,4000,33000,0,107000,,"Missing capacities estimated from median unit/CDU ratios (country where sufficient data; otherwise region; otherwise global). Values rounded to nearest 1,000 bpsd."
Europe,Germany,,Raffinerie Heide,Heide,Heide,95000,33000,15000,6000.0,2000,15000,0,49000,,"Missing capacities estimated from median unit/CDU ratios (country where sufficient data; otherwise region; otherwise global). Values rounded to nearest 1,000 bpsd."
Europe,Germany,,bp,Lingen,Lingen,100000,35000,16000,6000.0,2000,16000,0,52000,,"Missing capacities estimated from median unit/CDU ratios (country where sufficient data; otherwise region; otherwise global). Values rounded to nearest 1,000 bpsd."
Europe,Germany,,OMV,Burghausen,Burghausen,70000,24000,11000,4000.0,1000,11000,0,36000,,"Missing capacities estimated from median unit/CDU ratios (country where sufficient data; otherwise region; otherwise global). Values rounded to nearest 1,000 bpsd."
Europe,Greece,,HELLENiQ ENERGY,Aspropyrgos,Aspropyrgos,145000,78000,25000,12000.0,7000,44000,0,113000,,"Missing capacities estimated from median unit/CDU ratios (country where sufficient data; otherwise region; otherwise global). Values rounded to nearest 1,000 bpsd."
Europe,Greece,,HELLENiQ ENERGY,Elefsina,Elefsina,100000,54000,17000,8000.0,4000,30000,0,78000,,"Missing capacities estimated from median unit/CDU ratios (country where sufficient data; otherwise region; otherwise global). Values rounded to nearest 1,000 bpsd."
Europe,Greece,,HELLENiQ ENERGY,Thessaloniki,Thessaloniki,90000,31000,14000,5000.0,2000,14000,0,47000,,"Missing capacities estimated from median unit/CDU ratios (country where sufficient data; otherwise region; otherwise global). Values rounded to nearest 1,000 bpsd."
Europe,Greece,,Motor Oil,Corinth / Agioi Theodoroi,Corinth / Agioi Theodoroi,185000,126000,28000,17000.0,9000,41000,35000,174000,,"Missing capacities estimated from median unit/CDU ratios (country where sufficient data; otherwise region; otherwise global). Values rounded to nearest 1,000 bpsd."
Europe,Hungary,,MOL,Százhalombatta (Danube),Százhalombatta (Danube),165000,89000,28000,13000.0,7000,50000,0,129000,,"Missing capacities estimated from median unit/CDU ratios (country where sufficient data; otherwise region; otherwise global). Values rounded to nearest 1,000 bpsd."
Europe,Ireland,,Irving Oil,Whitegate,Whitegate,75000,26000,12000,4000.0,2000,12000,0,39000,,"Missing capacities estimated from median unit/CDU ratios (country where sufficient data; otherwise region; otherwise global). Values rounded to nearest 1,000 bpsd."
Europe,Italy,,Eni,Sannazzaro de’ Burgondi,Sannazzaro de’ Burgondi,190000,129000,28000,17000.0,10000,42000,36000,179000,,"Missing capacities estimated from median unit/CDU ratios (country where sufficient data; otherwise region; otherwise global). Values rounded to nearest 1,000 bpsd."
Europe,Italy,,Saras,Sarroch,Sarroch,300000,162000,51000,24000.0,14000,90000,0,234000,,"Missing capacities estimated from median unit/CDU ratios (country where sufficient data; otherwise region; otherwise global). Values rounded to nearest 1,000 bpsd."
Europe,Italy,,Sonatrach Raffineria Italiana,Augusta,Augusta,170000,59000,27000,10000.0,3000,27000,0,88000,,"Missing capacities estimated from median unit/CDU ratios (country where sufficient data; otherwise region; otherwise global). Values rounded to nearest 1,000 bpsd."
Europe,Italy,,RAM / Q8-ENI,Milazzo,Milazzo,190000,103000,32000,15000.0,9000,57000,0,148000,,"Missing capacities estimated from median unit/CDU ratios (country where sufficient data; otherwise region; otherwise global). Values rounded to nearest 1,000 bpsd."
Europe,Italy,,Eni,Taranto,Taranto,115000,40000,18000,7000.0,2000,18000,0,60000,,"Missing capacities estimated from median unit/CDU ratios (country where sufficient data; otherwise region; otherwise global). Values rounded to nearest 1,000 bpsd."
Europe,Italy,,API,Falconara Marittima,Falconara Marittima,85000,30000,14000,5000.0,2000,14000,0,44000,,"Missing capacities estimated from median unit/CDU ratios (country where sufficient data; otherwise region; otherwise global). Values rounded to nearest 1,000 bpsd."
Europe,Italy,,ISAB,Priolo Gargallo,Priolo Gargallo,300000,162000,51000,24000.0,14000,90000,0,234000,,"Missing capacities estimated from median unit/CDU ratios (country where sufficient data; otherwise region; otherwise global). Values rounded to nearest 1,000 bpsd."
Europe,Lithuania,,ORLEN Lietuva,Mažeikiai,Mažeikiai,190000,103000,32000,15000.0,9000,57000,0,148000,,"Missing capacities estimated from median unit/CDU ratios (country where sufficient data; otherwise region; otherwise global). Values rounded to nearest 1,000 bpsd."
Europe,Netherlands,,Shell,Pernis,Pernis,400000,216000,68000,32000.0,18000,120000,0,312000,,"Missing capacities estimated from median unit/CDU ratios (country where sufficient data; otherwise region; otherwise global). Values rounded to nearest 1,000 bpsd."
Europe,Netherlands,,bp,Rotterdam / Europoort,Rotterdam / Europoort,390000,211000,66000,31000.0,18000,117000,0,304000,,"Missing capacities estimated from median unit/CDU ratios (country where sufficient data; otherwise region; otherwise global). Values rounded to nearest 1,000 bpsd."
Europe,Netherlands,,Zeeland Refinery,Vlissingen,Vlissingen,180000,97000,31000,14000.0,8000,54000,0,140000,,"Missing capacities estimated from median unit/CDU ratios (country where sufficient data; otherwise region; otherwise global). Values rounded to nearest 1,000 bpsd."
Europe,Netherlands,,ExxonMobil,Rotterdam,Rotterdam,190000,103000,32000,15000.0,9000,57000,0,148000,,"Missing capacities estimated from median unit/CDU ratios (country where sufficient data; otherwise region; otherwise global). Values rounded to nearest 1,000 bpsd."
Europe,Norway,,Equinor,Mongstad,Mongstad,225000,122000,38000,18000.0,10000,68000,0,176000,,"Missing capacities estimated from median unit/CDU ratios (country where sufficient data; otherwise region; otherwise global). Values rounded to nearest 1,000 bpsd."
Europe,Poland,,ORLEN,Płock,Płock,330000,178000,56000,26000.0,15000,99000,0,257000,,"Missing capacities estimated from median unit/CDU ratios (country where sufficient data; otherwise region; otherwise global). Values rounded to nearest 1,000 bpsd."
Europe,Poland,,ORLEN,Gdańsk,Gdańsk,210000,113000,36000,17000.0,9000,63000,0,164000,,"Missing capacities estimated from median unit/CDU ratios (country where sufficient data; otherwise region; otherwise global). Values rounded to nearest 1,000 bpsd."
Europe,Portugal,,Galp,Sines,Sines,225000,122000,38000,18000.0,10000,68000,0,176000,,"Missing capacities estimated from median unit/CDU ratios (country where sufficient data; otherwise region; otherwise global). Values rounded to nearest 1,000 bpsd."
Europe,Romania,,OMV Petrom,Petrobrazi,Petrobrazi,85000,30000,14000,5000.0,2000,14000,0,44000,,"Missing capacities estimated from median unit/CDU ratios (country where sufficient data; otherwise region; otherwise global). Values rounded to nearest 1,000 bpsd."
Europe,Romania,,Rompetrol / KMG,Petromidia,Petromidia,115000,62000,20000,9000.0,5000,34000,0,90000,,"Missing capacities estimated from median unit/CDU ratios (country where sufficient data; otherwise region; otherwise global). Values rounded to nearest 1,000 bpsd."
Europe,Romania,,Lukoil,Petrotel-Lukoil (Ploiești),Petrotel-Lukoil (Ploiești),50000,18000,8000,3000.0,1000,8000,0,26000,,"Missing capacities estimated from median unit/CDU ratios (country where sufficient data; otherwise region; otherwise global). Values rounded to nearest 1,000 bpsd."
Europe,Serbia,,NIS,Pančevo,Pančevo,95000,51000,16000,8000.0,4000,28000,0,74000,,"Missing capacities estimated from median unit/CDU ratios (country where sufficient data; otherwise region; otherwise global). Values rounded to nearest 1,000 bpsd."
Europe,Slovakia,,Slovnaft / MOL,Bratislava,Bratislava,120000,65000,20000,10000.0,5000,36000,0,94000,,"Missing capacities estimated from median unit/CDU ratios (country where sufficient data; otherwise region; otherwise global). Values rounded to nearest 1,000 bpsd."
Europe,Spain,,Repsol,Cartagena,Cartagena,220000,150000,33000,20000.0,11000,48000,42000,207000,,"Missing capacities estimated from median unit/CDU ratios (country where sufficient data; otherwise region; otherwise global). Values rounded to nearest 1,000 bpsd."
Europe,Spain,,Repsol / Petronor,Bilbao,Bilbao,220000,119000,37000,18000.0,10000,66000,0,172000,,"Missing capacities estimated from median unit/CDU ratios (country where sufficient data; otherwise region; otherwise global). Values rounded to nearest 1,000 bpsd."
Europe,Spain,,Repsol,Tarragona,Tarragona,185000,100000,31000,15000.0,8000,56000,0,144000,,"Missing capacities estimated from median unit/CDU ratios (country where sufficient data; otherwise region; otherwise global). Values rounded to nearest 1,000 bpsd."
Europe,Spain,,Repsol,Puertollano,Puertollano,150000,81000,26000,12000.0,7000,45000,0,117000,,"Missing capacities estimated from median unit/CDU ratios (country where sufficient data; otherwise region; otherwise global). Values rounded to nearest 1,000 bpsd."
Europe,Spain,,Repsol,A Coruña,A Coruña,120000,42000,19000,7000.0,2000,19000,0,62000,,"Missing capacities estimated from median unit/CDU ratios (country where sufficient data; otherwise region; otherwise global). Values rounded to nearest 1,000 bpsd."
Europe,Spain,,bp,Castellón,Castellón,110000,38000,18000,7000.0,2000,18000,0,57000,,"Missing capacities estimated from median unit/CDU ratios (country where sufficient data; otherwise region; otherwise global). Values rounded to nearest 1,000 bpsd."
Europe,Spain,,Moeve (formerly Cepsa),San Roque,San Roque,235000,127000,40000,19000.0,11000,70000,0,183000,,"Missing capacities estimated from median unit/CDU ratios (country where sufficient data; otherwise region; otherwise global). Values rounded to nearest 1,000 bpsd."
Europe,Spain,,Moeve (formerly Cepsa),La Rábida (Huelva),La Rábida (Huelva),210000,113000,36000,17000.0,9000,63000,0,164000,,"Missing capacities estimated from median unit/CDU ratios (country where sufficient data; otherwise region; otherwise global). Values rounded to nearest 1,000 bpsd."
Europe,Sweden,,Preem,Lysekil,Lysekil,220000,119000,37000,18000.0,10000,66000,0,172000,,"Missing capacities estimated from median unit/CDU ratios (country where sufficient data; otherwise region; otherwise global). Values rounded to nearest 1,000 bpsd."
Europe,Sweden,,Preem,Gothenburg,Gothenburg,125000,44000,20000,8000.0,2000,20000,0,65000,,"Missing capacities estimated from median unit/CDU ratios (country where sufficient data; otherwise region; otherwise global). Values rounded to nearest 1,000 bpsd."
Europe,Sweden,,St1,Gothenburg,Gothenburg,80000,28000,13000,5000.0,2000,13000,0,42000,,"Missing capacities estimated from median unit/CDU ratios (country where sufficient data; otherwise region; otherwise global). Values rounded to nearest 1,000 bpsd."
Europe,United Kingdom,,Essar Oil UK,Stanlow,Stanlow,200000,108000,34000,16000.0,9000,60000,0,156000,,"Missing capacities estimated from median unit/CDU ratios (country where sufficient data; otherwise region; otherwise global). Values rounded to nearest 1,000 bpsd."
Europe,United Kingdom,,Phillips 66,Humber,Humber,220000,119000,37000,18000.0,10000,66000,0,172000,,"Missing capacities estimated from median unit/CDU ratios (country where sufficient data; otherwise region; otherwise global). Values rounded to nearest 1,000 bpsd."
Europe,United Kingdom,,Valero,Pembroke,Pembroke,270000,146000,46000,22000.0,12000,81000,0,211000,,"Missing capacities estimated from median unit/CDU ratios (country where sufficient data; otherwise region; otherwise global). Values rounded to nearest 1,000 bpsd."
Europe,United Kingdom,,ExxonMobil,Fawley,Fawley,270000,146000,46000,22000.0,12000,81000,0,211000,,"Missing capacities estimated from median unit/CDU ratios (country where sufficient data; otherwise region; otherwise global). Values rounded to nearest 1,000 bpsd."
Middle East,Saudi Arabia,,Saudi Aramco,Ras Tanura Refinery,Ras Tanura,550000,240000,90000,44000.0,25000,90000,0,320000,Isomerization bpsd,"Missing capacities estimated from median unit/CDU ratios (country where sufficient data; otherwise region; otherwise global). Values rounded to nearest 1,000 bpsd."
Middle East,Saudi Arabia,,SATORP (Aramco/TotalEnergies),SATORP Jubail Refinery,Jubail,460000,210000,70000,36000.0,0,0,103000,305000,Isomerization bpsd,"Missing capacities estimated from median unit/CDU ratios (country where sufficient data; otherwise region; otherwise global). Values rounded to nearest 1,000 bpsd."
Middle East,Saudi Arabia,,YASREF (Aramco/Sinopec),YASREF Yanbu Refinery,Yanbu,430000,190000,85000,34000.0,0,0,114000,261000,Isomerization bpsd,"Missing capacities estimated from median unit/CDU ratios (country where sufficient data; otherwise region; otherwise global). Values rounded to nearest 1,000 bpsd."
Middle East,Saudi Arabia,,SAMREF (Aramco/ExxonMobil),SAMREF Yanbu Refinery,Yanbu,400000,170000,65000,32000.0,25000,90000,0,260000,Isomerization bpsd,"Missing capacities estimated from median unit/CDU ratios (country where sufficient data; otherwise region; otherwise global). Values rounded to nearest 1,000 bpsd."
Middle East,Saudi Arabia,,Petro Rabigh,Petro Rabigh Refinery,Rabigh,400000,170000,70000,32000.0,32000,92000,0,235000,Isomerization bpsd,"Missing capacities estimated from median unit/CDU ratios (country where sufficient data; otherwise region; otherwise global). Values rounded to nearest 1,000 bpsd."
Middle East,Saudi Arabia,,Saudi Aramco,Jazan Refinery,Jazan,400000,180000,65000,32000.0,0,0,0,285000,Isomerization bpsd,"Missing capacities estimated from median unit/CDU ratios (country where sufficient data; otherwise region; otherwise global). Values rounded to nearest 1,000 bpsd."
Middle East,Saudi Arabia,,Saudi Aramco,SASREF Jubail Refinery,Jubail,305000,140000,55000,24000.0,20000,65000,0,190000,Isomerization bpsd,"Missing capacities estimated from median unit/CDU ratios (country where sufficient data; otherwise region; otherwise global). Values rounded to nearest 1,000 bpsd."
Middle East,Saudi Arabia,,Saudi Aramco,Yanbu Refinery,Yanbu,250000,100000,45000,20000.0,12000,45000,0,152000,Isomerization bpsd,"Missing capacities estimated from median unit/CDU ratios (country where sufficient data; otherwise region; otherwise global). Values rounded to nearest 1,000 bpsd."
Middle East,Saudi Arabia,,Saudi Aramco,Riyadh Refinery,Riyadh,130000,50000,25000,10000.0,8000,30000,0,80000,Isomerization bpsd,"Missing capacities estimated from median unit/CDU ratios (country where sufficient data; otherwise region; otherwise global). Values rounded to nearest 1,000 bpsd."
Middle East,United Arab Emirates,,ADNOC Refining,Ruwais Refinery Complex,"Ruwais, Abu Dhabi",837000,350000,115000,66000.0,37000,127000,30000,448000,Isomerization bpsd,"Missing capacities estimated from median unit/CDU ratios (country where sufficient data; otherwise region; otherwise global). Values rounded to nearest 1,000 bpsd."
Middle East,United Arab Emirates,,ENOC,Jebel Ali Condensate Refinery,"Jebel Ali, Dubai",210500,0,62000,17000.0,0,0,0,147000,Isomerization bpsd,"Missing capacities estimated from median unit/CDU ratios (country where sufficient data; otherwise region; otherwise global). Values rounded to nearest 1,000 bpsd."
Middle East,Kuwait,,Kuwait National Petroleum Company,Al-Zour Refinery,Al-Zour,615000,250000,85000,49000.0,0,0,0,415000,Isomerization bpsd,"Missing capacities estimated from median unit/CDU ratios (country where sufficient data; otherwise region; otherwise global). Values rounded to nearest 1,000 bpsd."
Middle East,Kuwait,,Kuwait National Petroleum Company,Mina Abdullah Refinery,Mina Abdullah,454000,210000,70000,36000.0,0,0,0,330000,Isomerization bpsd,"Missing capacities estimated from median unit/CDU ratios (country where sufficient data; otherwise region; otherwise global). Values rounded to nearest 1,000 bpsd."
Middle East,Kuwait,,Kuwait National Petroleum Company,Mina Al-Ahmadi Refinery,Mina Al-Ahmadi,346000,150000,60000,27000.0,18000,55000,0,255000,Isomerization bpsd,"Missing capacities estimated from median unit/CDU ratios (country where sufficient data; otherwise region; otherwise global). Values rounded to nearest 1,000 bpsd."
Middle East,Oman,,OQ8 (OQ/Kuwait Petroleum International),Duqm Refinery,Duqm,230000,110000,35000,18000.0,0,0,52000,153000,Isomerization bpsd,"Missing capacities estimated from median unit/CDU ratios (country where sufficient data; otherwise region; otherwise global). Values rounded to nearest 1,000 bpsd."
Middle East,Oman,,OQ,Sohar Refinery,Sohar,198000,95000,38000,16000.0,12000,44000,38000,128000,Isomerization bpsd,"Missing capacities estimated from median unit/CDU ratios (country where sufficient data; otherwise region; otherwise global). Values rounded to nearest 1,000 bpsd."
Middle East,Oman,,OQ,Mina Al Fahal Refinery,Muscat,106000,38000,22000,8000.0,0,0,0,66000,Isomerization bpsd,"Missing capacities estimated from median unit/CDU ratios (country where sufficient data; otherwise region; otherwise global). Values rounded to nearest 1,000 bpsd."
Middle East,Qatar,,QatarEnergy,Mesaieed Refinery,Mesaieed,137000,0,30000,11000.0,0,0,0,85000,Isomerization bpsd,"Missing capacities estimated from median unit/CDU ratios (country where sufficient data; otherwise region; otherwise global). Values rounded to nearest 1,000 bpsd."
Middle East,Qatar,,QatarEnergy / partners,Laffan Refinery,Ras Laffan,306000,0,48000,24000.0,0,0,0,196000,Isomerization bpsd,"Missing capacities estimated from median unit/CDU ratios (country where sufficient data; otherwise region; otherwise global). Values rounded to nearest 1,000 bpsd."
Middle East,Bahrain,,Bapco Refining,Sitra / Bapco Refinery,Sitra,405000,225000,65000,32000.0,22000,65000,0,285000,Isomerization bpsd,"Missing capacities estimated from median unit/CDU ratios (country where sufficient data; otherwise region; otherwise global). Values rounded to nearest 1,000 bpsd."
Middle East,Iraq,,South Refineries Company,Basra Refinery,Basra,280000,65000,35000,22000.0,0,0,0,117000,Isomerization bpsd,"Missing capacities estimated from median unit/CDU ratios (country where sufficient data; otherwise region; otherwise global). Values rounded to nearest 1,000 bpsd."
Middle East,Iraq,,Midland Refineries Company,Karbala Refinery,Karbala,140000,65000,30000,11000.0,0,0,0,108000,Isomerization bpsd,"Missing capacities estimated from median unit/CDU ratios (country where sufficient data; otherwise region; otherwise global). Values rounded to nearest 1,000 bpsd."
Middle East,Iraq,,North Refineries Company,Baiji / North Refinery,Baiji,150000,55000,26000,12000.0,6000,25000,0,78000,Isomerization bpsd,"Missing capacities estimated from median unit/CDU ratios (country where sufficient data; otherwise region; otherwise global). Values rounded to nearest 1,000 bpsd."
Middle East,Iraq,,Midland Refineries Company,Daura Refinery,Baghdad,210000,55000,32000,17000.0,7000,30000,0,104000,Isomerization bpsd,"Missing capacities estimated from median unit/CDU ratios (country where sufficient data; otherwise region; otherwise global). Values rounded to nearest 1,000 bpsd."
Middle East,Iran,,Persian Gulf Star Oil Company,Persian Gulf Star Condensate Refinery,Bandar Abbas,360000,0,70000,28000.0,0,0,0,235000,Isomerization bpsd,"Missing capacities estimated from median unit/CDU ratios (country where sufficient data; otherwise region; otherwise global). Values rounded to nearest 1,000 bpsd."
Middle East,Iran,,National Iranian Oil Refining & Distribution Co.,Isfahan Refinery,Isfahan,375000,170000,65000,30000.0,18000,70000,0,245000,Isomerization bpsd,"Missing capacities estimated from median unit/CDU ratios (country where sufficient data; otherwise region; otherwise global). Values rounded to nearest 1,000 bpsd."
Middle East,Iran,,National Iranian Oil Refining & Distribution Co.,Abadan Refinery,Abadan,360000,140000,60000,28000.0,15000,65000,0,215000,Isomerization bpsd,"Missing capacities estimated from median unit/CDU ratios (country where sufficient data; otherwise region; otherwise global). Values rounded to nearest 1,000 bpsd."
Middle East,Iran,,Bandar Abbas Oil Refining Co.,Bandar Abbas Refinery,Bandar Abbas,350000,150000,55000,28000.0,12000,50000,0,215000,Isomerization bpsd,"Missing capacities estimated from median unit/CDU ratios (country where sufficient data; otherwise region; otherwise global). Values rounded to nearest 1,000 bpsd."
Middle East,Iran,,Tehran Oil Refining Co.,Tehran Refinery,Tehran,250000,90000,42000,20000.0,10000,45000,0,151000,Isomerization bpsd,"Missing capacities estimated from median unit/CDU ratios (country where sufficient data; otherwise region; otherwise global). Values rounded to nearest 1,000 bpsd."
Middle East,Iran,,Shazand (Imam Khomeini) Oil Refining Co.,Shazand Refinery,Arak,250000,110000,45000,20000.0,10000,45000,0,162000,Isomerization bpsd,"Missing capacities estimated from median unit/CDU ratios (country where sufficient data; otherwise region; otherwise global). Values rounded to nearest 1,000 bpsd."
