Product,Region,Country,Operating Company,Location,Source,Capacity (kt),Latitude,Longitude,Coordinate Status
Benzene,North America,Canada,Shell Chemicals,Scotford,HDA,205,53.8,-113.09,Location coordinate
Benzene,North America,Canada,Suncor,Montreal,HDA,164,45.5017,-73.5673,Location coordinate
Benzene,North America,Mexico,Pemex,La Cangrejera,HDA,114,18.12,-94.42,Location coordinate
Benzene,North America,US,Dow,Plaquemine,HDA,341,30.2891,-91.2343,Location coordinate
Benzene,North America,US,Phillips 66,Belle Chasse,HDA,214,29.8549,-89.9906,Location coordinate
Benzene,Latin America and Caribbean,Argentina,Pampa Energia,San Lorenzo,HDA,23,-32.75,-60.73,Location coordinate
Benzene,Latin America and Caribbean,Argentina,YPF,Ensenada,HDA,12,-34.86,-57.91,Location coordinate
Benzene,Latin America and Caribbean,Brazil,Braskem,Sao Paulo,HDA,27,-23.5505,-46.6333,Location coordinate
Benzene,Latin America and Caribbean,Brazil,Braskem,Triunfo,HDA,40,-29.93,-51.72,Location coordinate
Benzene,Latin America and Caribbean,Venezuela,Pequiven,El Palito,HDA,40,10.48,-68.11,Location coordinate
Benzene,Western Europe,Germany,BASF,Mannheim,HDA,160,49.4875,8.466,Location coordinate
Benzene,Western Europe,Germany,BP Europa,Gelsenkirchen,HDA,0,51.5177,7.0857,Location coordinate
Benzene,Central and Eastern Europe,Serbia,NIS,Pancevo,HDA,40,44.8708,20.6403,Location coordinate
Benzene,Central and Eastern Europe,Slovakia,Slovnaft,Bratislava,HDA,50,48.1486,17.1077,Location coordinate
Benzene,Central and Eastern Europe,Ukraine,Ukrtatnafta,Kremenchug,HDA,50,49.068,33.4204,Location coordinate
Benzene,Middle East,Iran,Esfahan Petrochemical,Esfahan,HDA,26,32.6546,51.668,Location coordinate
Benzene,Middle East,Iran,Faravaresh Bandar Imam,Bandar Imam,HDA,149,30.44,49.08,Location coordinate
Benzene,Middle East,Iraq,Aradet,Bayji,HDA,20,34.93,43.49,Location coordinate
Benzene,Middle East,Saudi Arabia,SASREF,Al Jubail,HDA,250,27,49.66,Location coordinate
Benzene,Northeast Asia,China,Sinopec Beijing Yanshan Petrochemical,Beijing,HDA,40,39.9042,116.4074,Location coordinate
Benzene,Northeast Asia,Japan,Fuji Oil,Chiba,HDA,130,35.6074,140.1065,Location coordinate
Benzene,Northeast Asia,Japan,Idemitsu Kosan,Chiba,HDA,250,35.6074,140.1065,Location coordinate
Benzene,Northeast Asia,Japan,JXTG Nippon Oil & Energy,Mizushima,HDA,100,34.53,133.74,Location coordinate
Benzene,Northeast Asia,Japan,Maruzen Petrochemical,Chiba,HDA,100,35.6074,140.1065,Location coordinate
Benzene,Northeast Asia,Japan,Mitsubishi Chemical,Kashima,HDA,262,35.965,140.645,Location coordinate
Benzene,Northeast Asia,South Korea,Hanwha Total,Daesan,HDA,75,36.94,126.43,Location coordinate
Benzene,Northeast Asia,South Korea,Lotte Chemical,Daesan,HDA,160,36.94,126.43,Location coordinate
Benzene,Northeast Asia,South Korea,YNCC,Yeosu,HDA,74,34.7604,127.6622,Location coordinate
Phenol,South Asia,India,Gujarat Industrial Development Corporation,Vadodara,Toluene,15,22.3072,73.1812,Location coordinate
Phenol,Northeast Asia,Japan,JXTG Nippon Oil & Energy,Kitakyushu,Toluene,0,33.8834,130.8751,Location coordinate
Purified Terephthalic Acid,North America,Canada,Indorama,Montreal, ,650,45.5017,-73.5673,Location coordinate
Purified Terephthalic Acid,North America,Mexico,Alpek,Altamira, ,1000,22.3936,-97.938,Location coordinate
Purified Terephthalic Acid,North America,Mexico,Alpek,Costaleacaque, ,610,23,-102,Country capital fallback
Purified Terephthalic Acid,North America,US,BP,Cooper River, ,1478,32.9,-79.95,Location coordinate
Purified Terephthalic Acid,North America,US,Eastman Chemical,Kingsport, ,229,36.5484,-82.5618,Location coordinate
Purified Terephthalic Acid,North America,US,Alpek,Columbia [SC], ,600,34.0007,-81.0348,Location coordinate
Purified Terephthalic Acid,North America,US,Indorama Ventures,Decatur [AL], ,1050,34.6059,-86.9833,Location coordinate
Purified Terephthalic Acid,North America,US,Corpus Christi Polymers,Corpus Christi, ,1300,27.8006,-97.3964,Location coordinate
Purified Terephthalic Acid,Latin America and Caribbean,Brazil,Alpek,Suape, ,1000,-8.4,-34.96,Location coordinate
Purified Terephthalic Acid,Western Europe,Belgium,BP,Geel, ,1374,51.1656,4.9892,Location coordinate
Purified Terephthalic Acid,Western Europe,Netherlands,Indorama,Rotterdam, ,700,51.9244,4.4777,Location coordinate
Purified Terephthalic Acid,Western Europe,Portugal,Indorama Ventures,Sines, ,700,37.9562,-8.8698,Location coordinate
Purified Terephthalic Acid,Western Europe,Spain,Indorama Ventures,San Roque, ,600,36.2107,-5.3842,Location coordinate
Purified Terephthalic Acid,Central and Eastern Europe,Poland,PKN Orlen,Wloclawek, ,600,52.6483,19.0678,Location coordinate
Purified Terephthalic Acid,Russia and Central Asia,Russia,Polief,Blagoveshchensk, ,350,50.2907,127.5272,Location coordinate
Purified Terephthalic Acid,Russia and Central Asia,Russia,SafPET,Nizhnekamsk, ,210,55.6366,51.8245,Location coordinate
Purified Terephthalic Acid,Middle East,Iran,Shahid Tondguyan Petrochemical,Bandar Imam, ,700,30.44,49.08,Location coordinate
Purified Terephthalic Acid,Middle East,Qatar,Qatar Petroleum,Ras Laffan, ,1200,25.92,51.53,Location coordinate
Purified Terephthalic Acid,Middle East,Saudi Arabia,SABIC,Yanbu, ,650,24.0895,38.0618,Location coordinate
Purified Terephthalic Acid,Middle East,Saudi Arabia,Pan-Asia Saudi,Jazan, ,2500,16.8892,42.5511,Location coordinate
Purified Terephthalic Acid,Middle East,Turkey,Petkim,Aliaga, ,105,38.7996,26.972,Location coordinate
Purified Terephthalic Acid,Middle East,Turkey,SOCAR,Aliaga, ,1250,38.7996,26.972,Location coordinate
Purified Terephthalic Acid,South Asia,India,Indian Oil Corporation,Panipat, ,720,29.3909,76.9635,Location coordinate
Purified Terephthalic Acid,South Asia,India,Indian Oil Corporation,Paradip, ,1200,20.3166,86.6114,Location coordinate
Purified Terephthalic Acid,South Asia,India,Reliance,Dahej, ,2900,21.72,72.58,Location coordinate
Purified Terephthalic Acid,South Asia,India,Reliance,Hazira, ,1800,21.17,72.65,Location coordinate
Purified Terephthalic Acid,South Asia,India,Reliance,Patalganga, ,200,18.85,73.17,Location coordinate
Purified Terephthalic Acid,South Asia,India,Indorama,Manali, ,1250,13.1667,80.2667,Location coordinate
Purified Terephthalic Acid,South Asia,India,KKR,Mangalore, ,1250,12.9141,74.856,Location coordinate
Purified Terephthalic Acid,South Asia,India,MCPI,Haldia, ,1190,22.0667,88.0698,Location coordinate
Purified Terephthalic Acid,South Asia,Pakistan,Lotte Pakistan PTA,Port Qasim, ,500,24.78,67.33,Location coordinate
Purified Terephthalic Acid,Northeast Asia,China,Formosa Chemicals & Fiber Corporation,Ningbo, ,3200,29.8683,121.544,Location coordinate
Purified Terephthalic Acid,Northeast Asia,China,Liaoyang Petrochemical,Liaoyang, ,600,41.2694,123.1728,Location coordinate
Purified Terephthalic Acid,Northeast Asia,China,Shenghong Petrochemical,Lianyungang, ,3900,34.5967,119.2216,Location coordinate
Purified Terephthalic Acid,Northeast Asia,China,Sinopec Luoyang,Luoyang, ,350,34.6197,112.454,Location coordinate
Purified Terephthalic Acid,Northeast Asia,China,Sinopec Shanghai Petrochemical,Jinshan, ,400,30.741,121.34,Location coordinate
Purified Terephthalic Acid,Northeast Asia,China,Sinopec Tianjin,Tianjin, ,350,39.3434,117.3616,Location coordinate
Purified Terephthalic Acid,Northeast Asia,China,Sinopec Yangzi Petrochemical,Nanjing, ,600,32.0603,118.7969,Location coordinate
Purified Terephthalic Acid,Northeast Asia,China,Urumqi Petrochemical,Urumqi, ,75,43.8256,87.6168,Location coordinate
Purified Terephthalic Acid,Northeast Asia,China,BP Zhuhai,Zhuhai, ,2850,22.271,113.5767,Location coordinate
Purified Terephthalic Acid,Northeast Asia,China,Chongqing Pengwei,Chongqing, ,900,29.4316,106.9123,Location coordinate
Purified Terephthalic Acid,Northeast Asia,China,Fujian Billion,Quanzhou, ,2500,24.8741,118.6757,Location coordinate
Purified Terephthalic Acid,Northeast Asia,China,Hainan Yisheng,Sanya, ,2200,18.2528,109.5119,Location coordinate
Purified Terephthalic Acid,Northeast Asia,China,Hanbang Petrochemical,Jiangyin, ,600,31.9207,120.2843,Location coordinate
Purified Terephthalic Acid,Northeast Asia,China,Jialong Petrochemical Fiber,Shishi, ,1800,24.7318,118.648,Location coordinate
Purified Terephthalic Acid,Northeast Asia,China,Jiangsu Hengli,Dalian, ,11600,38.914,121.6147,Location coordinate
Purified Terephthalic Acid,Northeast Asia,China,Jiangsu Sanfangxiang,Jiangyin, ,2400,31.9207,120.2843,Location coordinate
Purified Terephthalic Acid,Northeast Asia,China,Luoyang Longyu,Luoyang, ,1000,34.6197,112.454,Location coordinate
Purified Terephthalic Acid,Northeast Asia,China,Oriental Petrochemical Shanghai,Shanghai, ,700,31.2304,121.4737,Location coordinate
Purified Terephthalic Acid,Northeast Asia,China,Sichuan Shengda Chemical,Guang'an, ,1000,30.4559,106.6332,Location coordinate
Purified Terephthalic Acid,Northeast Asia,China,Sinopec Yizheng Chemical Fibre,Yizheng, ,2900,32.272,119.184,Location coordinate
Purified Terephthalic Acid,Northeast Asia,China,Tongkun Group,Nantong, ,5000,31.9802,120.8943,Location coordinate
Purified Terephthalic Acid,Northeast Asia,China,Tongkun Group,Jiaxing, ,3700,30.7461,120.7555,Location coordinate
Purified Terephthalic Acid,Northeast Asia,China,Xianglu Petrochemicals,Gulei, ,4500,23.75,117.6,Location coordinate
Purified Terephthalic Acid,Northeast Asia,China,Xinfengming,Pinghu, ,4400,30.6772,121.0151,Location coordinate
Purified Terephthalic Acid,Northeast Asia,China,Xinjiang Zhongtai,Urumqi, ,1200,43.8256,87.6168,Location coordinate
Purified Terephthalic Acid,Northeast Asia,China,Yisheng Dahua,Dalian, ,6250,38.914,121.6147,Location coordinate
Purified Terephthalic Acid,Northeast Asia,China,Zhejiang Yisheng,Ningbo, ,11150,29.8683,121.544,Location coordinate
Purified Terephthalic Acid,Northeast Asia,China,Ningbo Liwan,Ningbo, ,700,29.8683,121.544,Location coordinate
Purified Terephthalic Acid,Northeast Asia,China,Zhejiang Reignwood,Shaoxing, ,3200,30.0303,120.5802,Location coordinate
Purified Terephthalic Acid,Northeast Asia,Japan,Mitsui Chemicals,Iwakuni, ,400,34.1666,132.2197,Location coordinate
Purified Terephthalic Acid,Northeast Asia,Japan,Toray,Tokai, ,280,35.0229,136.9026,Location coordinate
Purified Terephthalic Acid,Northeast Asia,South Korea,Hanwha Chemical,Daesan, ,700,36.94,126.43,Location coordinate
Purified Terephthalic Acid,Northeast Asia,South Korea,Hanwha Chemical,Ulsan, ,1300,35.5384,129.3114,Location coordinate
Purified Terephthalic Acid,Northeast Asia,South Korea,Lotte Chemical,Ulsan, ,600,35.5384,129.3114,Location coordinate
Purified Terephthalic Acid,Northeast Asia,South Korea,Hyosung,Ulsan, ,430,35.5384,129.3114,Location coordinate
Purified Terephthalic Acid,Northeast Asia,South Korea,Samnam Petrochemical,Yeosu, ,1850,34.7604,127.6622,Location coordinate
Purified Terephthalic Acid,Northeast Asia,South Korea,Taekwang,Ulsan, ,1000,35.5384,129.3114,Location coordinate
Purified Terephthalic Acid,Northeast Asia,Taiwan,Formosa Chemicals & Fiber Corporation,Mailiao, ,1100,23.79,120.18,Location coordinate
Purified Terephthalic Acid,Northeast Asia,Taiwan,Formosa Chemicals & Fiber Corporation,Loong-der, ,700,25.033,121.5654,Country capital fallback
Purified Terephthalic Acid,Northeast Asia,Taiwan,CAPCO,Kaohsiung, ,700,22.6273,120.3014,Location coordinate
Purified Terephthalic Acid,Northeast Asia,Taiwan,Oriental Petrochemicals,Kuan Yin, ,1500,25.03,121.08,Location coordinate
Purified Terephthalic Acid,Northeast Asia,Taiwan,Oriental Petrochemicals,Taoyuan, ,500,24.9937,121.301,Location coordinate
Purified Terephthalic Acid,Southeast Asia,Indonesia,Asia Pacific Fibres,Karawang, ,340,-6.3054,107.3,Location coordinate
Purified Terephthalic Acid,Southeast Asia,Indonesia,BP Indonesia,Merak, ,600,-5.93,106,Location coordinate
Purified Terephthalic Acid,Southeast Asia,Indonesia,Indorama,Cilegon, ,500,-6.0025,106.0111,Location coordinate
Purified Terephthalic Acid,Southeast Asia,Indonesia,Mitsubishi Chemical Indonesia,Merak, ,640,-5.93,106,Location coordinate
Purified Terephthalic Acid,Southeast Asia,Malaysia,RP Chemicals,Kuantan, ,600,3.8077,103.326,Location coordinate
Purified Terephthalic Acid,Southeast Asia,Thailand,Indorama,Rayong, ,700,12.6814,101.2816,Location coordinate
Purified Terephthalic Acid,Southeast Asia,Thailand,TPT Petrochemicals,Rayong, ,600,12.6814,101.2816,Location coordinate
Purified Terephthalic Acid,Southeast Asia,Thailand,GCM-PTA,Map Ta Phut, ,1450,12.68,101.16,Location coordinate
Isophthalic Acid,North America,US,Eastman Chemical,Kingsport, ,68,36.5484,-82.5618,Location coordinate
Isophthalic Acid,North America,US,Flint Hills Resources,Joliet, ,230,41.525,-88.0817,Location coordinate
Isophthalic Acid,Western Europe,Spain,Indorama Ventures,San Roque, ,220,36.2107,-5.3842,Location coordinate
Isophthalic Acid,Northeast Asia,China,Jiangsu Donglian Chemical,Danyang, ,8,32.0094,119.6065,Location coordinate
Isophthalic Acid,Northeast Asia,South Korea,Lotte Chemical,Ulsan, ,200,35.5384,129.3114,Location coordinate
Isophthalic Acid,Southeast Asia,Singapore,Lonza,Jurong Island, ,50,1.265,103.695,Location coordinate
Toluene,North America,Canada,Imperial Oil,Sarnia,PyGas,15,42.9745,-82.4066,Location coordinate
Toluene,North America,Canada,Imperial Oil,Sarnia,Reformer,60,42.9745,-82.4066,Location coordinate
Toluene,North America,Canada,Shell Chemicals,Sarnia,Reformer,90,42.9745,-82.4066,Location coordinate
Toluene,North America,Canada,Shell Chemicals,Scotford,Reformer,150,53.8,-113.09,Location coordinate
Toluene,North America,Canada,Suncor,Montreal,Reformer,164,45.5017,-73.5673,Location coordinate
Toluene,North America,Canada,Suncor,Sarnia,Reformer,140,42.9745,-82.4066,Location coordinate
Toluene,North America,Mexico,Pemex,La Cangrejera,Reformer,362,18.12,-94.42,Location coordinate
Toluene,North America,US,Americas Styrenics,Donaldsonville,Styrene,41,30.101,-90.9929,Location coordinate
Toluene,North America,US,BASF Total Petrochemicals,Port Arthur,PyGas,100,29.8849,-93.9399,Location coordinate
Toluene,North America,US,Chevron Phillips Chemical,Pascagoula,Reformer,82,30.3658,-88.5561,Location coordinate
Toluene,North America,US,Chevron Phillips Chemical,Sweeny,Reformer,132,29.0389,-95.6986,Location coordinate
Toluene,North America,US,Citgo,Lake Charles,Reformer,400,30.2266,-93.2174,Location coordinate
Toluene,North America,US,Citgo,Corpus Christi,Reformer,140,27.8006,-97.3964,Location coordinate
Toluene,North America,US,Citgo,Lemont,Reformer,49,41.6736,-88.0017,Location coordinate
Toluene,North America,US,Cos-Mar,Carville,Styrene,32,30.217,-91.1,Location coordinate
Toluene,North America,US,ExxonMobil,Baton Rouge,Reformer,365,30.4515,-91.1871,Location coordinate
Toluene,North America,US,ExxonMobil,Baytown,Reformer,643,29.7355,-94.9774,Location coordinate
Toluene,North America,US,ExxonMobil,Beaumont [TX],PyGas,20,30.0802,-94.1266,Location coordinate
Toluene,North America,US,Flint Hills Resources,Corpus Christi,Reformer,474,27.8006,-97.3964,Location coordinate
Toluene,North America,US,HollyFrontier,El Dorado [KS],Reformer,13,37.8172,-96.8623,Location coordinate
Toluene,North America,US,INEOS Styrolution,Bayport [TX],Styrene,34,29.61,-95.02,Location coordinate
Toluene,North America,US,INEOS Styrolution,Texas City,Styrene,47,29.3838,-94.9027,Location coordinate
Toluene,North America,US,LyondellBasell,Channelview,PyGas,99,29.7761,-95.1147,Location coordinate
Toluene,North America,US,LyondellBasell,Chocolate Bayou,PyGas,66,29.23,-95.33,Location coordinate
Toluene,North America,US,Marathon Petroleum,Catlettsburg,Coal,20,38.4048,-82.6004,Location coordinate
Toluene,North America,US,Marathon Petroleum,Catlettsburg,Reformer,125,38.4048,-82.6004,Location coordinate
Toluene,North America,US,Marathon Petroleum,Texas City,Reformer,813,29.3838,-94.9027,Location coordinate
Toluene,North America,US,PBF Energy,Chalmette,Reformer,180,29.9427,-89.9634,Location coordinate
Toluene,North America,US,PBF Energy,Toledo,Reformer,237,41.6528,-83.5379,Location coordinate
Toluene,North America,US,Philadelphia Energy Solutions,Philadelphia,Reformer,0,39.9526,-75.1652,Location coordinate
Toluene,North America,US,Phillips 66,Belle Chasse,Reformer,191,29.8549,-89.9906,Location coordinate
Toluene,North America,US,Shell Chemicals,Deer Park ,Reformer,248,29.7052,-95.1238,Location coordinate
Toluene,North America,US,Total Petrochemicals,Port Arthur,Reformer,353,29.8849,-93.9399,Location coordinate
Toluene,North America,US,Valero,Corpus Christi,Reformer,172,27.8006,-97.3964,Location coordinate
Toluene,North America,US,Valero,Three Rivers,Reformer,170,28.4603,-98.182,Location coordinate
Toluene,North America,US,Westlake Chemical,Lake Charles,Styrene,14,30.2266,-93.2174,Location coordinate
Toluene,Latin America and Caribbean,Argentina,Pampa Energia,San Lorenzo,Reformer,150,-32.75,-60.73,Location coordinate
Toluene,Latin America and Caribbean,Argentina,YPF,Ensenada,Reformer,175,-34.86,-57.91,Location coordinate
Toluene,Latin America and Caribbean,Brazil,Braskem,Camacari,PyGas,115,-12.6975,-38.3242,Location coordinate
Toluene,Latin America and Caribbean,Brazil,Braskem,Camacari,Reformer,40,-12.6975,-38.3242,Location coordinate
Toluene,Latin America and Caribbean,Brazil,Braskem,Triunfo ,PyGas,50,-29.93,-51.72,Location coordinate
Toluene,Latin America and Caribbean,Brazil,CSN,Volta Redonda,Coal,3,-22.5202,-44.0996,Location coordinate
Toluene,Latin America and Caribbean,Brazil,Petrobras,Cubatao,Reformer,78,-23.8953,-46.4256,Location coordinate
Toluene,Latin America and Caribbean,Brazil,Unigel,Cubatao,Styrene,7,-23.8953,-46.4256,Location coordinate
Toluene,Latin America and Caribbean,Brazil,Usiminas,Cubatao,Coal,4,-23.8953,-46.4256,Location coordinate
Toluene,Latin America and Caribbean,Colombia,Ecopetrol,Barrancabermeja,Reformer,42,7.0653,-73.8547,Location coordinate
Toluene,Latin America and Caribbean,Venezuela,Pequiven,El Palito,Reformer,36,10.48,-68.11,Location coordinate
Toluene,Western Europe,Belgium,Rutgers,Zelzate,Coal,6,51.1896,3.8078,Location coordinate
Toluene,Western Europe,Belgium,Total Petrochemicals,Antwerp,PyGas,100,51.2194,4.4025,Location coordinate
Toluene,Western Europe,Belgium,Total Petrochemicals,Antwerp,Reformer,150,51.2194,4.4025,Location coordinate
Toluene,Western Europe,France,A.P. Feyzin,Feyzin,PyGas,40,45.673,4.858,Location coordinate
Toluene,Western Europe,France,Total Petrochemicals,Gonfreville,Reformer,35,49.5,0.23,Location coordinate
Toluene,Western Europe,Germany,Arsol Aromatics,Gelsenkirchen,Coal,30,51.5177,7.0857,Location coordinate
Toluene,Western Europe,Germany,BASF,Ludwigshafen,Styrene,15,49.4774,8.4452,Location coordinate
Toluene,Western Europe,Germany,BASF,Mannheim,PyGas,140,49.4875,8.466,Location coordinate
Toluene,Western Europe,Germany,BP Europa,Gelsenkirchen,PyGas,123,51.5177,7.0857,Location coordinate
Toluene,Western Europe,Germany,BP Europa,Gelsenkirchen,Reformer,130,51.5177,7.0857,Location coordinate
Toluene,Western Europe,Germany,INEOS,Cologne,PyGas,130,50.9375,6.9603,Location coordinate
Toluene,Western Europe,Germany,PCK,Schwedt,Reformer,52,53.0596,14.2815,Location coordinate
Toluene,Western Europe,Germany,Raffinerie Heide,Heide,Reformer,125,54.1952,9.0988,Location coordinate
Toluene,Western Europe,Germany,Shell Chemicals,Godorf,PyGas,75,50.85,6.98,Location coordinate
Toluene,Western Europe,Germany,Shell Chemicals,Godorf,Reformer,55,50.85,6.98,Location coordinate
Toluene,Western Europe,Germany,Shell Chemicals,Wesseling,PyGas,150,50.8271,6.9747,Location coordinate
Toluene,Western Europe,Italy,Versalis,Porto Marghera,PyGas,50,45.47,12.25,Location coordinate
Toluene,Western Europe,Italy,Versalis,Priolo,PyGas,180,37.16,15.18,Location coordinate
Toluene,Western Europe,Netherlands,Dow,Terneuzen,Styrene,30,51.3358,3.8277,Location coordinate
Toluene,Western Europe,Netherlands,ExxonMobil,Botlek,Reformer,260,51.88,4.3,Location coordinate
Toluene,Western Europe,Portugal,Petrogal,Porto,Reformer,140,41.1579,-8.6291,Location coordinate
Toluene,Western Europe,Spain,CEPSA,Algeciras,Reformer,200,36.1408,-5.4562,Location coordinate
Toluene,Western Europe,United Kingdom,Essar Energy,Stanlow,Reformer,80,53.285,-2.84,Location coordinate
Toluene,Central and Eastern Europe,Belarus,Naftan,Novopolotsk,Reformer,60,55.5318,28.5987,Location coordinate
Toluene,Central and Eastern Europe,Czech Republic,DEZA,Valasske Mezirici,Coal,20,49.4718,17.9711,Location coordinate
Toluene,Central and Eastern Europe,Hungary,MOL Petrochemicals,Szazhalombatta,Reformer,110,47.3258,18.9214,Location coordinate
Toluene,Central and Eastern Europe,Poland,Petrochemia Blachownia,Kedzierzyn-Kozle,Coal,40,50.3498,18.2261,Location coordinate
Toluene,Central and Eastern Europe,Poland,PKN Orlen,Plock,Reformer,180,52.5463,19.7065,Location coordinate
Toluene,Central and Eastern Europe,Romania,Petrobrazi,Ploiesti,Reformer,30,44.9367,26.0129,Location coordinate
Toluene,Central and Eastern Europe,Serbia,NIS,Pancevo,Reformer,50,44.8708,20.6403,Location coordinate
Toluene,Central and Eastern Europe,Slovakia,Slovnaft,Bratislava,PyGas,6,48.1486,17.1077,Location coordinate
Toluene,Central and Eastern Europe,Slovakia,Slovnaft,Bratislava,Reformer,80,48.1486,17.1077,Location coordinate
Toluene,Central and Eastern Europe,Ukraine,Ukrtatnafta,Kremenchug,Reformer,80,49.068,33.4204,Location coordinate
Toluene,Russia and Central Asia,Russia,EVRAZ ZSMK,Novokuznetsk,Coal,15,53.7557,87.1099,Location coordinate
Toluene,Russia and Central Asia,Russia,Gazprom Neft,Omsk,Reformer,80,54.9885,73.3242,Location coordinate
Toluene,Russia and Central Asia,Russia,Gazprom Neftekhim Salavat,Salavat,Reformer,46,53.3616,55.9246,Location coordinate
Toluene,Russia and Central Asia,Russia,Kirishinefteorgsintez,Kirishi,Reformer,55,59.4471,32.0205,Location coordinate
Toluene,Russia and Central Asia,Russia,Lukoil-Permnefteorgsintez,Perm,Reformer,60,58.0105,56.2502,Location coordinate
Toluene,Russia and Central Asia,Russia,Rosneft,Ryazan,Reformer,63,54.6296,39.7425,Location coordinate
Toluene,Russia and Central Asia,Russia,Slavneft,Yaroslavl,Reformer,45,57.6261,39.8845,Location coordinate
Toluene,Russia and Central Asia,Russia,Ufaneftekhim,Ufa,Reformer,40,54.7388,55.9721,Location coordinate
Toluene,Africa,South Africa,ArcelorMittal,Pretoria,Coal,3,-25.7479,28.2293,Location coordinate
Toluene,Middle East,Iran,Bou Ali Sina Petrochemical,Bandar Imam,PyGas,12,30.44,49.08,Location coordinate
Toluene,Middle East,Iran,Bou Ali Sina Petrochemical,Bandar Imam,Reformer,141,30.44,49.08,Location coordinate
Toluene,Middle East,Iran,Esfahan Petrochemical,Esfahan,Reformer,81,32.6546,51.668,Location coordinate
Toluene,Middle East,Iran,Nouri (Borzuyeh) Petrochemical,Assaluyeh,PyGas,30,27.48,52.61,Location coordinate
Toluene,Middle East,Iran,Nouri (Borzuyeh) Petrochemical,Assaluyeh,Reformer,398,27.48,52.61,Location coordinate
Toluene,Middle East,Iran,Pars Petrochemical,Assaluyeh,Reformer,14,27.48,52.61,Location coordinate
Toluene,Middle East,Iran,Bandar Imam Petrochemical,Bandar Imam,Reformer,250,30.44,49.08,Location coordinate
Toluene,Middle East,Iraq,Aradet,Bayji,Reformer,30,34.93,43.49,Location coordinate
Toluene,Middle East,Israel,Gadiv Petrochemical,Haifa,Reformer,195,32.794,34.9896,Location coordinate
Toluene,Middle East,Saudi Arabia,Farabi Petrochemicals,Al Jubail,PyGas,2,27,49.66,Location coordinate
Toluene,Middle East,Saudi Arabia,SABIC,Yanbu,Reformer,100,24.0895,38.0618,Location coordinate
Toluene,Middle East,Saudi Arabia,Sadara,Al Jubail,PyGas,131,27,49.66,Location coordinate
Toluene,Middle East,Saudi Arabia,Safra,Yanbu,Reformer,160,24.0895,38.0618,Location coordinate
Toluene,Middle East,Saudi Arabia,SASREF,Al Jubail,Reformer,213,27,49.66,Location coordinate
Toluene,Middle East,Saudi Arabia,Saudi Aramco,Ras Tanura,Reformer,70,26.64,50.16,Location coordinate
Toluene,Middle East,Saudi Arabia,Yansab,Yanbu,Reformer,60,24.0895,38.0618,Location coordinate
Toluene,Middle East,Turkey,Erdemir,Eregli,Coal,1,37.51,34.05,Location coordinate
Toluene,Middle East,Turkey,Petkim,Aliaga,PyGas,34,38.7996,26.972,Location coordinate
Toluene,Middle East,Turkey,Petkim,Aliaga,Reformer,63,38.7996,26.972,Location coordinate
Toluene,South Asia,India,Bharat Petroleum,Kochi,Reformer,35,9.9312,76.2673,Location coordinate
Toluene,South Asia,India,Indian Oil Corporation,Koyali,Reformer,21,22.33,73.1,Location coordinate
Toluene,South Asia,India,Indian Oil Corporation,Bongaigaon,Reformer,20,26.48,90.56,Location coordinate
Toluene,South Asia,India,IPCL,Vadodara,Reformer,20,22.3072,73.1812,Location coordinate
Toluene,South Asia,India,ONGC Petro-additions,Dahej,PyGas,95,21.72,72.58,Location coordinate
Toluene,South Asia,India,Reliance,Hazira,PyGas,140,21.17,72.65,Location coordinate
Toluene,South Asia,India,Steel Authority of India,Bhilai,Coal,8,21.1938,81.3509,Location coordinate
Toluene,South Asia,India,Steel Authority of India,Durgapur,Coal,8,23.5204,87.3119,Location coordinate
Toluene,South Asia,India,Steel Authority of India,Rourkela,Coal,8,22.2604,84.8536,Location coordinate
Toluene,South Asia,Pakistan,National Refinery of Pakistan,Korangi,Reformer,11,24.83,67.13,Location coordinate
Toluene,Northeast Asia,China,Baosteel,Baoshan,Coal,24,31.4,121.49,Location coordinate
Toluene,Northeast Asia,China,BASF-YPC,Nanjing,PyGas,120,32.0603,118.7969,Location coordinate
Toluene,Northeast Asia,China,CNOOC Oil & Petrochemicals,Huizhou,Reformer,250,23.1115,114.4152,Location coordinate
Toluene,Northeast Asia,China,CNOOC Shell Petrochemicals,Huizhou,PyGas,200,23.1115,114.4152,Location coordinate
Toluene,Northeast Asia,China,CNOOC Shell Petrochemicals,Huizhou,Reformer,350,23.1115,114.4152,Location coordinate
Toluene,Northeast Asia,China,CNOOC Taizhou Petrochemical,Taizhou,Reformer,175,32.4558,119.9231,Location coordinate
Toluene,Northeast Asia,China,Dalian Fujia Dahua,Dalian,Reformer,320,38.914,121.6147,Location coordinate
Toluene,Northeast Asia,China,Dalian Petrochemical,Dalian,Reformer,450,38.914,121.6147,Location coordinate
Toluene,Northeast Asia,China,Dalian West Pacific Petrochemical,Dalian,Reformer,374,38.914,121.6147,Location coordinate
Toluene,Northeast Asia,China,Daqing Refining & Chemicals,Daqing,PyGas,200,46.5893,125.1038,Location coordinate
Toluene,Northeast Asia,China,Dushanzi Petrochemical,Dushanzi,PyGas,220,44.33,84.85,Location coordinate
Toluene,Northeast Asia,China,Fujian Refining & Petrochemical,Quanzhou,Reformer,240,24.8741,118.6757,Location coordinate
Toluene,Northeast Asia,China,Fushun Petrochemical,Fushun,PyGas,100,41.8809,123.9572,Location coordinate
Toluene,Northeast Asia,China,Fushun Petrochemical,Fushun,Reformer,60,41.8809,123.9572,Location coordinate
Toluene,Northeast Asia,China,Huabei Petrochemical,Renqiu,PyGas,130,38.7116,116.0995,Location coordinate
Toluene,Northeast Asia,China,Jilin Petrochemical,Jilin City,PyGas,75,43.8378,126.5496,Location coordinate
Toluene,Northeast Asia,China,Jilin Petrochemical,Jilin City,Reformer,314,43.8378,126.5496,Location coordinate
Toluene,Northeast Asia,China,Jinxi Petrochemical,Huludao,Coal,20,40.711,120.8369,Location coordinate
Toluene,Northeast Asia,China,Jinxi Petrochemical,Huludao,Reformer,180,40.711,120.8369,Location coordinate
Toluene,Northeast Asia,China,Jinzhou Petrochemical,Jinzhou,Reformer,28,41.0957,121.127,Location coordinate
Toluene,Northeast Asia,China,Kunming Refinery,Kunming,Reformer,250,25.0389,102.7183,Location coordinate
Toluene,Northeast Asia,China,Lanzhou Petrochemical,Lanzhou,PyGas,75,36.0611,103.8343,Location coordinate
Toluene,Northeast Asia,China,Lanzhou Petrochemical,Lanzhou,Reformer,110,36.0611,103.8343,Location coordinate
Toluene,Northeast Asia,China,Liaoning Ansteel Coking,Anshan,Coal,26,41.1086,122.9943,Location coordinate
Toluene,Northeast Asia,China,Liaoyang Petrochemical,Liaoyang,Reformer,350,41.2694,123.1728,Location coordinate
Toluene,Northeast Asia,China,Panjin Ethylene,Panjin,PyGas,20,41.1199,122.0707,Location coordinate
Toluene,Northeast Asia,China,Panjin Ethylene,Panjin,Reformer,155,41.1199,122.0707,Location coordinate
Toluene,Northeast Asia,China,PetroChina Sichuan,Chengdu,PyGas,120,30.5728,104.0668,Location coordinate
Toluene,Northeast Asia,China,PetroChina Sichuan,Chengdu,Reformer,200,30.5728,104.0668,Location coordinate
Toluene,Northeast Asia,China,PetroChina Taizhou,Taizhou,Reformer,450,32.4558,119.9231,Location coordinate
Toluene,Northeast Asia,China,PetroChina Weihai,Weihai,Reformer,390,37.5131,122.1204,Location coordinate
Toluene,Northeast Asia,China,Qingdao Lidong Chemicals,Qingdao,Reformer,300,36.0671,120.3826,Location coordinate
Toluene,Northeast Asia,China,Shaanxi Yanchang Petroleum,Yanchang,Reformer,30,35,105,Country capital fallback
Toluene,Northeast Asia,China,Shanghai SECCO Petrochemical,Caojing,Reformer,140,35,105,Country capital fallback
Toluene,Northeast Asia,China,Sinochem Quanzhou Petrochemical,Quanzhou,Reformer,550,24.8741,118.6757,Location coordinate
Toluene,Northeast Asia,China,Sinopec Baling Petrochemical,Yueyang,Reformer,90,29.3571,113.129,Location coordinate
Toluene,Northeast Asia,China,Sinopec Beijing Yanhua,Beijing,PyGas,75,39.9042,116.4074,Location coordinate
Toluene,Northeast Asia,China,Sinopec Guangzhou Petrochemical,Guangzhou,PyGas,45,23.1291,113.2644,Location coordinate
Toluene,Northeast Asia,China,Sinopec Hainan Refining & Chemical,Yangpu,Reformer,200,35,105,Country capital fallback
Toluene,Northeast Asia,China,Sinopec Jingmen,Jingmen,Reformer,80,31.0354,112.1995,Location coordinate
Toluene,Northeast Asia,China,Sinopec Jinling Petrochemical,Nanjing,Reformer,650,32.0603,118.7969,Location coordinate
Toluene,Northeast Asia,China,Sinopec Jiujiang,Jiujiang,Coal,30,29.7051,116.0019,Location coordinate
Toluene,Northeast Asia,China,Sinopec Luoyang,Luoyang,PyGas,120,34.6197,112.454,Location coordinate
Toluene,Northeast Asia,China,Sinopec Maoming Petrochemical,Maoming,PyGas,140,21.6627,110.9255,Location coordinate
Toluene,Northeast Asia,China,Sinopec Maoming Petrochemical,Maoming,Reformer,300,21.6627,110.9255,Location coordinate
Toluene,Northeast Asia,China,Sinopec Qilu Petrochemical,Zibo,PyGas,44,36.8135,118.055,Location coordinate
Toluene,Northeast Asia,China,Sinopec Qilu Petrochemical,Zibo,Reformer,200,36.8135,118.055,Location coordinate
Toluene,Northeast Asia,China,Sinopec SABIC Tianjin,Tianjin,PyGas,200,39.3434,117.3616,Location coordinate
Toluene,Northeast Asia,China,Sinopec Shanghai Gaoqiao,Gaoqiao,Reformer,80,35,105,Country capital fallback
Toluene,Northeast Asia,China,Sinopec Shanghai Petrochemical,Jinshan,PyGas,200,30.741,121.34,Location coordinate
Toluene,Northeast Asia,China,Sinopec Shanghai Petrochemical,Jinshan,Reformer,250,30.741,121.34,Location coordinate
Toluene,Northeast Asia,China,Sinopec Shanghai Petrochemical,Shanghai,PyGas,200,31.2304,121.4737,Location coordinate
Toluene,Northeast Asia,China,Sinopec Shanghai Petrochemical,Shanghai,Reformer,280,31.2304,121.4737,Location coordinate
Toluene,Northeast Asia,China,Sinopec Tianjin,Tianjin,Reformer,135,39.3434,117.3616,Location coordinate
Toluene,Northeast Asia,China,Sinopec Yangzi Petrochemical,Nanjing,Reformer,270,32.0603,118.7969,Location coordinate
Toluene,Northeast Asia,China,Sinopec Zhenhai Refining & Chemical,Ningbo,PyGas,150,29.8683,121.544,Location coordinate
Toluene,Northeast Asia,China,Sinopec Zhenhai Refining & Chemical,Ningbo,Reformer,250,29.8683,121.544,Location coordinate
Toluene,Northeast Asia,China,Sinopec-KPC,Zhanjiang,PyGas,100,21.2707,110.3594,Location coordinate
Toluene,Northeast Asia,China,Sinopec-KPC,Zhanjiang,Reformer,400,21.2707,110.3594,Location coordinate
Toluene,Northeast Asia,China,Fujian Fuhaichuang Petrochemical,Xiamen,Reformer,670,24.4798,118.0894,Location coordinate
Toluene,Northeast Asia,China,BP Zhuhai,Zhuhai,Reformer,150,22.271,113.5767,Location coordinate
Toluene,Northeast Asia,China,CNOOC-Daxie,Ningbo,Reformer,280,29.8683,121.544,Location coordinate
Toluene,Northeast Asia,China,Dalian Wanhai,Dalian,PyGas,30,38.914,121.6147,Location coordinate
Toluene,Northeast Asia,China,Hbon Chemical,Zhoushan,Reformer,120,29.9853,122.2072,Location coordinate
Toluene,Northeast Asia,China,PetroChina-Rosneft Orient Petrochemical Tianjin,Tianjin,Reformer,280,39.3434,117.3616,Location coordinate
Toluene,Northeast Asia,China,Qinzhou Refinery,Qinzhou,Reformer,100,21.9799,108.6541,Location coordinate
Toluene,Northeast Asia,China,Shandong Qiwangda,Zibo,Reformer,70,36.8135,118.055,Location coordinate
Toluene,Northeast Asia,China,Sinopec Cangzhou,Cangzhou,Reformer,20,38.3045,116.8388,Location coordinate
Toluene,Northeast Asia,China,Sinopec Qingdao,Qingdao,Reformer,300,36.0671,120.3826,Location coordinate
Toluene,Northeast Asia,China,Sinopec Shijiazhuang Refining and Chemical,Shijiazhuang,Reformer,67,38.0428,114.5149,Location coordinate
Toluene,Northeast Asia,China,Urumqi General Petrochemical,Urumqi,Reformer,233,43.8256,87.6168,Location coordinate
Toluene,Northeast Asia,China,Zhejiang Huachen,Pinghu,Reformer,50,30.6772,121.0151,Location coordinate
Toluene,Northeast Asia,China,Sinopec-SK Wuhan Petrochemical,Wuhan,PyGas,100,30.5928,114.3055,Location coordinate
Toluene,Northeast Asia,Japan,Asahi Kasei,Mizushima,PyGas,0,34.53,133.74,Location coordinate
Toluene,Northeast Asia,Japan,Idemitsu Kosan,Chiba,Reformer,8,35.6074,140.1065,Location coordinate
Toluene,Northeast Asia,Japan,Idemitsu Kosan,Tokuyama,PyGas,130,34.055,131.806,Location coordinate
Toluene,Northeast Asia,Japan,JFE Chemical,Chiba,Reformer,20,35.6074,140.1065,Location coordinate
Toluene,Northeast Asia,Japan,JFE Chemical,Kasaoka,Coal,20,34.507,133.507,Location coordinate
Toluene,Northeast Asia,Japan,JXTG Nippon Oil & Energy,Chita,Reformer,207,34.99,136.86,Location coordinate
Toluene,Northeast Asia,Japan,JXTG Nippon Oil & Energy,Kashima,PyGas,185,35.965,140.645,Location coordinate
Toluene,Northeast Asia,Japan,JXTG Nippon Oil & Energy,Kawasaki,PyGas,67,35.5309,139.703,Location coordinate
Toluene,Northeast Asia,Japan,JXTG Nippon Oil & Energy,Marifu,Reformer,100,34.04,131.84,Location coordinate
Toluene,Northeast Asia,Japan,JXTG Nippon Oil & Energy,Mizushima,Reformer,280,34.53,133.74,Location coordinate
Toluene,Northeast Asia,Japan,JXTG Nippon Oil & Energy,Muroran,Reformer,150,42.3152,140.9738,Location coordinate
Toluene,Northeast Asia,Japan,JXTG Nippon Oil & Energy,Oita,Coal,10,33.2396,131.6093,Location coordinate
Toluene,Northeast Asia,Japan,JXTG Nippon Oil & Energy,Sakai,Reformer,150,34.5733,135.483,Location coordinate
Toluene,Northeast Asia,Japan,JXTG Nippon Oil & Energy,Wakayama,Reformer,150,34.2305,135.1708,Location coordinate
Toluene,Northeast Asia,Japan,JXTG Nippon Oil & Energy,Tobata,Coal,15,33.9,130.83,Location coordinate
Toluene,Northeast Asia,Japan,Maruzen Petrochemical,Chiba,PyGas,108,35.6074,140.1065,Location coordinate
Toluene,Northeast Asia,Japan,Mitsubishi Chemical,Kashima,PyGas,44,35.965,140.645,Location coordinate
Toluene,Northeast Asia,Japan,Mitsubishi Chemical,Mizushima,Coal,15,34.53,133.74,Location coordinate
Toluene,Northeast Asia,Japan,Mitsubishi Chemical,Mizushima,PyGas,62,34.53,133.74,Location coordinate
Toluene,Northeast Asia,Japan,Mitsui Chemicals,Chiba,PyGas,70,35.6074,140.1065,Location coordinate
Toluene,Northeast Asia,Japan,Nippon Steel & Sumikin Chemical,Oita,PyGas,72,33.2396,131.6093,Location coordinate
Toluene,Northeast Asia,Japan,Nippon Steel Chemicals,Hirohata,Coal,10,34.8,134.63,Location coordinate
Toluene,Northeast Asia,Japan,Sumitomo Chemical,Chiba,Coal,7,35.6074,140.1065,Location coordinate
Toluene,Northeast Asia,Japan,Sumitomo Chemical,Chiba,PyGas,76,35.6074,140.1065,Location coordinate
Toluene,Northeast Asia,Japan,Taiyo Oil,Imabari,Reformer,11,34.066,132.998,Location coordinate
Toluene,Northeast Asia,Japan,Tosoh,Yokkaichi,PyGas,65,34.965,136.624,Location coordinate
Toluene,Northeast Asia,Japan,CM Aromatics,Chiba,Reformer,260,35.6074,140.1065,Location coordinate
Toluene,Northeast Asia,Japan,CM Aromatics,Matsuyama,Reformer,320,36,138,Country capital fallback
Toluene,Northeast Asia,Japan,Keiyo Ethylene,Chita,PyGas,100,34.99,136.86,Location coordinate
Toluene,Northeast Asia,South Korea,GS Caltex,Yeosu,Reformer,850,34.7604,127.6622,Location coordinate
Toluene,Northeast Asia,South Korea,Hanwha Total,Daesan,PyGas,275,36.94,126.43,Location coordinate
Toluene,Northeast Asia,South Korea,Hanwha Total,Daesan,Reformer,400,36.94,126.43,Location coordinate
Toluene,Northeast Asia,South Korea,Hyundai Chemical,Daesan,Reformer,500,36.94,126.43,Location coordinate
Toluene,Northeast Asia,South Korea,Hyundai Cosmo Petrochemical,Daesan,Reformer,540,36.94,126.43,Location coordinate
Toluene,Northeast Asia,South Korea,KPIC,Ulsan,PyGas,70,35.5384,129.3114,Location coordinate
Toluene,Northeast Asia,South Korea,LG Chem,Daesan,PyGas,100,36.94,126.43,Location coordinate
Toluene,Northeast Asia,South Korea,LG Chem,Yeosu,PyGas,96,34.7604,127.6622,Location coordinate
Toluene,Northeast Asia,South Korea,Lotte Chemical,Daesan,PyGas,120,36.94,126.43,Location coordinate
Toluene,Northeast Asia,South Korea,Lotte Chemical,Yeosu,PyGas,100,34.7604,127.6622,Location coordinate
Toluene,Northeast Asia,South Korea,OCI,Gwangyang,Coal,40,34.9407,127.6959,Location coordinate
Toluene,Northeast Asia,South Korea,SK Global Chemicals,Ulsan,PyGas,100,35.5384,129.3114,Location coordinate
Toluene,Northeast Asia,South Korea,SK Global Chemicals,Ulsan,Reformer,1200,35.5384,129.3114,Location coordinate
Toluene,Northeast Asia,South Korea,SK Incheon Petrochem,Incheon,Reformer,600,37.4563,126.7052,Location coordinate
Toluene,Northeast Asia,South Korea,S-Oil,Ulsan,Reformer,660,35.5384,129.3114,Location coordinate
Toluene,Northeast Asia,South Korea,YNCC,Yeosu,PyGas,233,34.7604,127.6622,Location coordinate
Toluene,Northeast Asia,Taiwan,CPC Corporation,Linyuan,PyGas,100,22.49,120.41,Location coordinate
Toluene,Northeast Asia,Taiwan,CPC Corporation,Linyuan,Reformer,260,22.49,120.41,Location coordinate
Toluene,Southeast Asia,Indonesia,Pertamina,Cilacap,Reformer,100,-7.7278,109.0154,Location coordinate
Toluene,Southeast Asia,Indonesia,TPPI,Tuban,Reformer,275,-6.8976,112.0649,Location coordinate
Toluene,Southeast Asia,Malaysia,Aromatics Malaysia,Kerteh,Reformer,160,4.514,103.448,Location coordinate
Toluene,Southeast Asia,Malaysia,Lotte Chemical Titan,Pasir Gudang,PyGas,60,1.4707,103.9029,Location coordinate
Toluene,Southeast Asia,Philippines,Petron,Limay,Reformer,140,14.5619,120.5983,Location coordinate
Toluene,Southeast Asia,Singapore,ExxonMobil,Jurong Island,PyGas,380,1.265,103.695,Location coordinate
Toluene,Southeast Asia,Singapore,ExxonMobil,Jurong Island,Reformer,242,1.265,103.695,Location coordinate
Toluene,Southeast Asia,Singapore,PCS,Jurong Island,PyGas,145,1.265,103.695,Location coordinate
Toluene,Southeast Asia,Thailand,IRPC,Rayong,Reformer,100,12.6814,101.2816,Location coordinate
Toluene,Southeast Asia,Thailand,Map Ta Phut Olefins,Map Ta Phut,PyGas,100,12.68,101.16,Location coordinate
Toluene,Southeast Asia,Thailand,PTT Aromatics and Refining,Map Ta Phut,Reformer,637,12.68,101.16,Location coordinate
Toluene,Southeast Asia,Thailand,Rayong Olefins,Rayong,PyGas,70,12.6814,101.2816,Location coordinate
Toluene,Southeast Asia,Thailand,Thai Paraxylene,Sri Racha,Reformer,144,13.1737,100.9311,Location coordinate
Toluene,Southeast Asia,Vietnam,Nghi Son Refinery & Petrochemical,Nghi Son,Reformer,350,19.34,105.78,Location coordinate
Toluene,Australasia,Australia,Shell Chemicals,Clyde,Reformer,20,-33.83,151.02,Location coordinate
Toluene,Australasia,Australia,Caltex Australia,Brisbane,Reformer,4,-27.4698,153.0251,Location coordinate
Toluene,Australasia,Australia,Sinopec,Matraville,PyGas,15,-33.96,151.23,Location coordinate
Paraxylene,North America,Canada,ParaChem,Montreal,MSTDP,196,45.5017,-73.5673,Location coordinate
Paraxylene,North America,Canada,ParaChem,Montreal,Conv. Ext,220,45.5017,-73.5673,Location coordinate
Paraxylene,North America,US,BP,Texas City,MSTDP,261,29.3838,-94.9027,Location coordinate
Paraxylene,North America,US,BP,Texas City,Conv. Ext,905,29.3838,-94.9027,Location coordinate
Paraxylene,North America,US,Chevron Phillips Chemical,Pascagoula,Conv. Ext,0,30.3658,-88.5561,Location coordinate
Paraxylene,North America,US,ExxonMobil,Baytown,MSTDP,313,29.7355,-94.9774,Location coordinate
Paraxylene,North America,US,ExxonMobil,Baytown,Conv. Ext,454,29.7355,-94.9774,Location coordinate
Paraxylene,North America,US,ExxonMobil,Beaumont [TX],MTPX,278,30.0802,-94.1266,Location coordinate
Paraxylene,North America,US,Flint Hills Resources,Corpus Christi,MSTDP,350,27.8006,-97.3964,Location coordinate
Paraxylene,North America,US,Flint Hills Resources,Corpus Christi,Conv. Ext,435,27.8006,-97.3964,Location coordinate
Paraxylene,North America,US,PBF Energy,Chalmette,MTPX,41,29.9427,-89.9634,Location coordinate
Paraxylene,North America,US,Unspecified,Unspecified,MSTDP,700,38.9072,-77.0369,Country capital fallback
Paraxylene,North America,US,Indorama Ventures,Decatur [AL],Conv. Ext,1075,34.6059,-86.9833,Location coordinate
Paraxylene,Latin America and Caribbean,Argentina,YPF,Ensenada,Conv. Ext,40,-34.86,-57.91,Location coordinate
Paraxylene,Latin America and Caribbean,Brazil,Braskem,Camacari,MSTDP,125,-12.6975,-38.3242,Location coordinate
Paraxylene,Latin America and Caribbean,Brazil,Braskem,Camacari,Conv. Ext,78,-12.6975,-38.3242,Location coordinate
Paraxylene,Western Europe,Belgium,BP,Geel,Conv. Ext/Cryst (BP),700,51.1656,4.9892,Location coordinate
Paraxylene,Western Europe,France,Total Petrochemicals,Gonfreville,Conv. Ext/Adsorp,130,49.5,0.23,Location coordinate
Paraxylene,Western Europe,Germany,BP Europa,Gelsenkirchen,Conv. Ext/Adsorp,175,51.5177,7.0857,Location coordinate
Paraxylene,Western Europe,Germany,PCK,Schwedt,Conv. Ext/Cryst,65,53.0596,14.2815,Location coordinate
Paraxylene,Western Europe,Germany,Shell Chemicals,Wesseling,Conv. Ext/Adsorp,140,50.8271,6.9747,Location coordinate
Paraxylene,Western Europe,Italy,Versalis,Priolo,MSTDP/Cryst,60,37.16,15.18,Location coordinate
Paraxylene,Western Europe,Netherlands,ExxonMobil,Botlek,MTPX,135,51.88,4.3,Location coordinate
Paraxylene,Western Europe,Netherlands,ExxonMobil,Botlek,Conv. Ext/Adsorp,400,51.88,4.3,Location coordinate
Paraxylene,Western Europe,Netherlands,ExxonMobil,Botlek,Conv. Ext/Cryst (Hybrid),165,51.88,4.3,Location coordinate
Paraxylene,Western Europe,Portugal,Petrogal,Porto,Conv. Ext/Adsorp,0,41.1579,-8.6291,Location coordinate
Paraxylene,Western Europe,Spain,CEPSA,Algeciras,Conv. Ext/Cryst (Hybrid),65,36.1408,-5.4562,Location coordinate
Paraxylene,Western Europe,Spain,CEPSA,Algeciras,MSTDP/Cryst,80,36.1408,-5.4562,Location coordinate
Paraxylene,Central and Eastern Europe,Belarus,Naftan,Novopolotsk,Conv. Ext,65,55.5318,28.5987,Location coordinate
Paraxylene,Central and Eastern Europe,Poland,PKN Orlen,Plock,Conv. Ext,400,52.5463,19.7065,Location coordinate
Paraxylene,Russia and Central Asia,Kazakhstan,KazMunayGas,Atyrau,Conv. Ext,500,47.0945,51.9238,Location coordinate
Paraxylene,Russia and Central Asia,Russia,Gazprom Neft,Omsk,Conv. Ext,240,54.9885,73.3242,Location coordinate
Paraxylene,Russia and Central Asia,Russia,Kirishinefteorgsintez,Kirishi,Conv. Ext,60,59.4471,32.0205,Location coordinate
Paraxylene,Russia and Central Asia,Russia,Taneco,Nizhnekamsk,Conv. Ext,159,55.6366,51.8245,Location coordinate
Paraxylene,Russia and Central Asia,Russia,Ufaneftekhim,Ufa,Conv. Ext,260,54.7388,55.9721,Location coordinate
Paraxylene,Africa,Algeria,Sonatrach,Skikda,Conv. Ext,220,36.8667,6.9069,Location coordinate
Paraxylene,Middle East,Iran,Bou Ali Sina Petrochemical,Bandar Imam,Conv. Ext,0,30.44,49.08,Location coordinate
Paraxylene,Middle East,Iran,Esfahan Petrochemical,Esfahan,Conv. Ext,44,32.6546,51.668,Location coordinate
Paraxylene,Middle East,Iran,Kian Petrochemical,Assaluyeh,Conv. Ext,528,27.48,52.61,Location coordinate
Paraxylene,Middle East,Iran,Nouri (Borzuyeh) Petrochemical,Assaluyeh,Conv. Ext,750,27.48,52.61,Location coordinate
Paraxylene,Middle East,Iran,Bandar Imam Petrochemical,Bandar Imam,Conv. Ext,0,30.44,49.08,Location coordinate
Paraxylene,Middle East,Israel,Gadiv Petrochemical,Haifa,MSTDP,88,32.794,34.9896,Location coordinate
Paraxylene,Middle East,Israel,Gadiv Petrochemical,Haifa,Conv. Ext,105,32.794,34.9896,Location coordinate
Paraxylene,Middle East,Kuwait,KIPIC,Al Zour,Conv. Ext,1400,28.72,48.37,Location coordinate
Paraxylene,Middle East,Kuwait,Petrochemical Industries Corporation,Shuaiba,Conv. Ext,830,29.04,48.14,Location coordinate
Paraxylene,Middle East,Oman,Orpic,Sohar,Conv. Ext,819,24.347,56.709,Location coordinate
Paraxylene,Middle East,Qatar,Qatar Petroleum,Ras Laffan,Conv. Ext,1000,25.92,51.53,Location coordinate
Paraxylene,Middle East,Saudi Arabia,Petro Rabigh,Rabigh,Conv. Ext,1340,22.7986,39.0349,Location coordinate
Paraxylene,Middle East,Saudi Arabia,SABIC,Yanbu,Conv. Ext,700,24.0895,38.0618,Location coordinate
Paraxylene,Middle East,Saudi Arabia,SATORP,Al Jubail,Conv. Ext,700,27,49.66,Location coordinate
Paraxylene,Middle East,Saudi Arabia,Saudi Aramco,Jazan,Conv. Ext,700,16.8892,42.5511,Location coordinate
Paraxylene,Middle East,Saudi Arabia,Saudi Aramco,Ras Tanura,Conv. Ext,1100,26.64,50.16,Location coordinate
Paraxylene,Middle East,Saudi Arabia,Saudi Aramco,Yanbu,Conv. Ext,700,24.0895,38.0618,Location coordinate
Paraxylene,Middle East,Turkey,Petkim,Aliaga,Conv. Ext,135,38.7996,26.972,Location coordinate
Paraxylene,Middle East,Turkey,SOCAR,Aliaga,Conv. Ext,840,38.7996,26.972,Location coordinate
Paraxylene,Middle East,UAE,ADNOC,Ruwais,Conv. Ext,3880,24.11,52.73,Location coordinate
Paraxylene,Middle East,UAE,Fujairah Petrochemical,Fujairah,Conv. Ext,700,25.1288,56.3265,Location coordinate
Paraxylene,Middle East,Bahrain,PIC & NOGA of Bahrain,Sitra,Conv. Ext,1440,26.1547,50.6206,Location coordinate
Paraxylene,South Asia,India,Haldia Petrochemicals,Haldia,Conv. Ext/Adsorp,1600,22.0667,88.0698,Location coordinate
Paraxylene,South Asia,India,Indian Oil Corporation,Panipat,Conv. Ext/Adsorp,360,29.3909,76.9635,Location coordinate
Paraxylene,South Asia,India,Indian Oil Corporation,Paradip,Conv. Ext/Adsorp,800,20.3166,86.6114,Location coordinate
Paraxylene,South Asia,India,ONGC Mangalore Petrochemicals,Mangalore,Conv. Ext,914,12.9141,74.856,Location coordinate
Paraxylene,South Asia,India,Reliance,Jamnagar,Conv. Ext/Adsorp,1800,22.4707,70.0577,Location coordinate
Paraxylene,South Asia,India,Reliance,Jamnagar,Conv. Ext/Cryst,2200,22.4707,70.0577,Location coordinate
Paraxylene,South Asia,India,Reliance,Patalganga,Conv. Ext/Cryst,180,18.85,73.17,Location coordinate
Paraxylene,South Asia,Pakistan,Byco Oil,Mouza Kund,Conv. Ext,92,30,70,Country capital fallback
Paraxylene,Northeast Asia,China,CNOOC Oil & Petrochemicals,Huizhou,Conv. Ext/Adsorp,900,23.1115,114.4152,Location coordinate
Paraxylene,Northeast Asia,China,Dalian Fujia Dahua,Dalian,Conv. Ext/Adsorp,1400,38.914,121.6147,Location coordinate
Paraxylene,Northeast Asia,China,Fujian Refining & Petrochemical,Quanzhou,Conv. Ext/Adsorp,800,24.8741,118.6757,Location coordinate
Paraxylene,Northeast Asia,China,Jilin Petrochemical,Jilin City,Conv. Ext/Adsorp,120,43.8378,126.5496,Location coordinate
Paraxylene,Northeast Asia,China,Liaoyang Petrochemical,Liaoyang,Conv. Ext/Adsorp,1000,41.2694,123.1728,Location coordinate
Paraxylene,Northeast Asia,China,Ningbo Zhongjin Petrochemical,Ningbo,Conv. Ext/Adsorp,3600,29.8683,121.544,Location coordinate
Paraxylene,Northeast Asia,China,Qingdao Lidong Chemicals,Qingdao,Conv. Ext/Adsorp,1000,36.0671,120.3826,Location coordinate
Paraxylene,Northeast Asia,China,Shenghong Petrochemical,Lianyungang,Conv. Ext/Adsorp,2500,34.5967,119.2216,Location coordinate
Paraxylene,Northeast Asia,China,Sichuan Petrochemical,Chengdu,Conv. Ext/Adsorp,650,30.5728,104.0668,Location coordinate
Paraxylene,Northeast Asia,China,Sinochem Hongrun Petrochemical,Weifang,Conv. Ext/Adsorp,1400,36.7069,119.1618,Location coordinate
Paraxylene,Northeast Asia,China,Sinochem Quanzhou Petrochemical,Quanzhou,Conv. Ext/Adsorp,800,24.8741,118.6757,Location coordinate
Paraxylene,Northeast Asia,China,Sinopec Hainan Refining & Chemical,Yangpu,Conv. Ext/Adsorp,1650,35,105,Country capital fallback
Paraxylene,Northeast Asia,China,Sinopec Jinling Petrochemical,Nanjing,Conv. Ext/Adsorp,700,32.0603,118.7969,Location coordinate
Paraxylene,Northeast Asia,China,Sinopec Luoyang,Luoyang,Conv. Ext/Adsorp,220,34.6197,112.454,Location coordinate
Paraxylene,Northeast Asia,China,Sinopec Qilu Petrochemical,Zibo,Conv. Ext/Adsorp,100,36.8135,118.055,Location coordinate
Paraxylene,Northeast Asia,China,Sinopec Shanghai Petrochemical,Shanghai,Conv. Ext/Adsorp,600,31.2304,121.4737,Location coordinate
Paraxylene,Northeast Asia,China,Sinopec Tianjin,Tianjin,Conv. Ext/Adsorp,410,39.3434,117.3616,Location coordinate
Paraxylene,Northeast Asia,China,Sinopec Yangzi Petrochemical,Nanjing,Conv. Ext/Adsorp,950,32.0603,118.7969,Location coordinate
Paraxylene,Northeast Asia,China,Sinopec Zhenhai Refining & Chemical,Ningbo,Conv. Ext/Adsorp,530,29.8683,121.544,Location coordinate
Paraxylene,Northeast Asia,China,Unspecified,Unspecified,Conv. Ext/Adsorp,,35,105,Country capital fallback
Paraxylene,Northeast Asia,China,Urumqi Petrochemical,Urumqi,Conv. Ext/Adsorp,1000,43.8256,87.6168,Location coordinate
Paraxylene,Northeast Asia,China,Zhejiang Petrochemical,Zhoushan,Conv. Ext/Adsorp,8000,29.9853,122.2072,Location coordinate
Paraxylene,Northeast Asia,China,Fujian Fuhaichuang Petrochemical,Gulei,Conv. Ext/Adsorp,1600,23.75,117.6,Location coordinate
Paraxylene,Northeast Asia,China,Shandong Fuhai Petrochemical,Dongying,Conv. Ext/Adsorp,1000,37.4348,118.6747,Location coordinate
Paraxylene,Northeast Asia,China,Huajin Aramco Petrochemical,Panjin,Conv. Ext/Adsorp,1300,41.1199,122.0707,Location coordinate
Paraxylene,Northeast Asia,China,Jiangsu Hengli,Dalian,Conv. Ext/Adsorp,4500,38.914,121.6147,Location coordinate
Paraxylene,Northeast Asia,Japan,Idemitsu Kosan,Chiba,Conv. Ext/Adsorp,265,35.6074,140.1065,Location coordinate
Paraxylene,Northeast Asia,Japan,Idemitsu Kosan,Tokuyama,Conv. Ext/Adsorp,214,34.055,131.806,Location coordinate
Paraxylene,Northeast Asia,Japan,JXTG Nippon Oil & Energy,Chita,Conv. Ext/Adsorp,400,34.99,136.86,Location coordinate
Paraxylene,Northeast Asia,Japan,JXTG Nippon Oil & Energy,Kashima,Conv. Ext/Adsorp,580,35.965,140.645,Location coordinate
Paraxylene,Northeast Asia,Japan,JXTG Nippon Oil & Energy,Kawasaki,Conv. Ext/Adsorp,350,35.5309,139.703,Location coordinate
Paraxylene,Northeast Asia,Japan,JXTG Nippon Oil & Energy,Mizushima,MTPX,100,34.53,133.74,Location coordinate
Paraxylene,Northeast Asia,Japan,JXTG Nippon Oil & Energy,Mizushima,Conv. Ext/Adsorp,800,34.53,133.74,Location coordinate
Paraxylene,Northeast Asia,Japan,JXTG Nippon Oil & Energy,Oita,Conv. Ext/Adsorp,410,33.2396,131.6093,Location coordinate
Paraxylene,Northeast Asia,Japan,JXTG Nippon Oil & Energy,Sakai,Conv. Ext/Adsorp,190,34.5733,135.483,Location coordinate
Paraxylene,Northeast Asia,Japan,JXTG Nippon Oil & Energy,Shimotsu,Conv. Ext/Adsorp,330,34.11,135.14,Location coordinate
Paraxylene,Northeast Asia,South Korea,GS Caltex,Yeosu,Conv. Ext/Adsorp,950,34.7604,127.6622,Location coordinate
Paraxylene,Northeast Asia,South Korea,GS Caltex,Yeosu,MTPX/Cryst,400,34.7604,127.6622,Location coordinate
Paraxylene,Northeast Asia,South Korea,Hanwha Total,Daesan,Conv. Ext/Adsorp,1900,36.94,126.43,Location coordinate
Paraxylene,Northeast Asia,South Korea,Hyundai Cosmo Petrochemical,Daesan,Conv. Ext/Adsorp,1200,36.94,126.43,Location coordinate
Paraxylene,Northeast Asia,South Korea,Lotte Chemical,Ulsan,Conv. Ext/Adsorp,775,35.5384,129.3114,Location coordinate
Paraxylene,Northeast Asia,South Korea,SK Global Chemicals,Ulsan,Conv. Ext/Adsorp,800,35.5384,129.3114,Location coordinate
Paraxylene,Northeast Asia,South Korea,SK Incheon Petrochem,Incheon,Conv. Ext/Adsorp,1300,37.4563,126.7052,Location coordinate
Paraxylene,Northeast Asia,South Korea,S-Oil,Ulsan,Conv. Ext/Adsorp,1790,35.5384,129.3114,Location coordinate
Paraxylene,Northeast Asia,South Korea,Ulsan Aromatics Company,Ulsan,Conv. Ext/Adsorp,1000,35.5384,129.3114,Location coordinate
Paraxylene,Northeast Asia,Taiwan,Formosa Chemicals & Fiber Corporation,Mailiao,Conv. Ext/Adsorp,1770,23.79,120.18,Location coordinate
Paraxylene,Southeast Asia,Brunei,Hengyi Industries,Pulau Muara Besar,Conv. Ext/Adsorp,2500,5.01,115.07,Location coordinate
Paraxylene,Southeast Asia,Indonesia,Pertamina,Cilacap,Conv. Ext/Adsorp,270,-7.7278,109.0154,Location coordinate
Paraxylene,Southeast Asia,Indonesia,TPPI,Tuban,Conv. Ext/Adsorp,550,-6.8976,112.0649,Location coordinate
Paraxylene,Southeast Asia,Malaysia,Aromatics Malaysia,Kerteh,Conv. Ext/Adsorp,550,4.514,103.448,Location coordinate
Paraxylene,Southeast Asia,Singapore,ExxonMobil,Jurong Island,Conv. Ext/Adsorp,1750,1.265,103.695,Location coordinate
Paraxylene,Southeast Asia,Thailand,IRPC,Map Ta Phut,Conv. Ext/Adsorp,1500,12.68,101.16,Location coordinate
Paraxylene,Southeast Asia,Thailand,PTT Aromatics and Refining,Map Ta Phut,MSTDP/Adsorp,0,12.68,101.16,Location coordinate
Paraxylene,Southeast Asia,Thailand,PTT Global Chemical,Map Ta Phut,Conv. Ext/Adsorp,1291,12.68,101.16,Location coordinate
Paraxylene,Southeast Asia,Thailand,Thai Paraxylene,Map Ta Phut,Conv. Ext/Adsorp,530,12.68,101.16,Location coordinate
Paraxylene,Southeast Asia,Thailand,Esso Thai,Sri Racha,Conv. Ext/Adsorp,500,13.1737,100.9311,Location coordinate
Paraxylene,Southeast Asia,Vietnam,Nghi Son Refinery & Petrochemical,Nghi Son,Conv. Ext/Adsorp,700,19.34,105.78,Location coordinate
Xylenes,North America,Canada,Imperial Oil,Sarnia,Reformer,25,42.9745,-82.4066,Location coordinate
Xylenes,North America,Canada,ParaChem,Montreal,BPX,31,45.5017,-73.5673,Location coordinate
Xylenes,North America,Canada,Shell Chemicals,Sarnia,Reformer,100,42.9745,-82.4066,Location coordinate
Xylenes,North America,Canada,Suncor,Montreal,Reformer,160,45.5017,-73.5673,Location coordinate
Xylenes,North America,Canada,Suncor,Sarnia,Reformer,160,42.9745,-82.4066,Location coordinate
Xylenes,North America,Mexico,Pemex,La Cangrejera,Reformer,480,18.12,-94.42,Location coordinate
Xylenes,North America,Mexico,Pemex,La Cangrejera,TDP,50,18.12,-94.42,Location coordinate
Xylenes,North America,US,BP,Whiting [IN],Reformer,339,41.6798,-87.4945,Location coordinate
Xylenes,North America,US,Chevron Phillips Chemical,Pascagoula,Reformer,685,30.3658,-88.5561,Location coordinate
Xylenes,North America,US,Citgo,Lake Charles,Reformer,500,30.2266,-93.2174,Location coordinate
Xylenes,North America,US,Citgo,Corpus Christi,Reformer,248,27.8006,-97.3964,Location coordinate
Xylenes,North America,US,Citgo,Corpus Christi,TDP,80,27.8006,-97.3964,Location coordinate
Xylenes,North America,US,Citgo,Lemont,Reformer,49,41.6736,-88.0017,Location coordinate
Xylenes,North America,US,ExxonMobil,Baton Rouge,Reformer,500,30.4515,-91.1871,Location coordinate
Xylenes,North America,US,ExxonMobil,Baytown,Reformer,743,29.7355,-94.9774,Location coordinate
Xylenes,North America,US,ExxonMobil,Baytown,BPX,50,29.7355,-94.9774,Location coordinate
Xylenes,North America,US,ExxonMobil,Beaumont [TX],BPX,75,30.0802,-94.1266,Location coordinate
Xylenes,North America,US,Flint Hills Resources,Corpus Christi,Reformer,412,27.8006,-97.3964,Location coordinate
Xylenes,North America,US,Flint Hills Resources,Corpus Christi,BPX,70,27.8006,-97.3964,Location coordinate
Xylenes,North America,US,Marathon Petroleum,Catlettsburg,Reformer,141,38.4048,-82.6004,Location coordinate
Xylenes,North America,US,Marathon Petroleum,Texas City,Reformer,879,29.3838,-94.9027,Location coordinate
Xylenes,North America,US,Marathon Petroleum,Texas City,BPX,65,29.3838,-94.9027,Location coordinate
Xylenes,North America,US,PBF Energy,Chalmette,Reformer,151,29.9427,-89.9634,Location coordinate
Xylenes,North America,US,PBF Energy,Chalmette,BPX,11,29.9427,-89.9634,Location coordinate
Xylenes,North America,US,PBF Energy,Toledo [OH],Reformer,164,41.6528,-83.5379,Location coordinate
Xylenes,North America,US,Phillips 66,Belle Chasse,Reformer,197,29.8549,-89.9906,Location coordinate
Xylenes,North America,US,Phillips 66,Sweeny,Reformer,99,29.0389,-95.6986,Location coordinate
Xylenes,North America,US,Shell Chemicals,Deer Park [TX],Reformer,247,29.7052,-95.1238,Location coordinate
Xylenes,North America,US,Total Petrochemicals,Port Arthur,Reformer,165,29.8849,-93.9399,Location coordinate
Xylenes,North America,US,Total Petrochemicals,Port Arthur,TDP,189,29.8849,-93.9399,Location coordinate
Xylenes,North America,US,Valero,Corpus Christi,Reformer,290,27.8006,-97.3964,Location coordinate
Xylenes,North America,US,Valero,Three Rivers [TX],Reformer,145,28.4603,-98.182,Location coordinate
Xylenes,Latin America and Caribbean,Argentina,Pampa Energia,San Lorenzo,Reformer,40,-32.75,-60.73,Location coordinate
Xylenes,Latin America and Caribbean,Argentina,YPF,Ensenada,Reformer,86,-34.86,-57.91,Location coordinate
Xylenes,Latin America and Caribbean,Argentina,YPF,Ensenada,TDP,35,-34.86,-57.91,Location coordinate
Xylenes,Latin America and Caribbean,Argentina,DGFM,Buenos Aires,Reformer,40,-34.6037,-58.3816,Location coordinate
Xylenes,Latin America and Caribbean,Brazil,Braskem,Camacari,PyGas,100,-12.6975,-38.3242,Location coordinate
Xylenes,Latin America and Caribbean,Brazil,Braskem,Camacari,Reformer,95,-12.6975,-38.3242,Location coordinate
Xylenes,Latin America and Caribbean,Brazil,Braskem,Camacari,BPX,29,-12.6975,-38.3242,Location coordinate
Xylenes,Latin America and Caribbean,Brazil,Braskem,Sao Paulo,PyGas,80,-23.5505,-46.6333,Location coordinate
Xylenes,Latin America and Caribbean,Brazil,Braskem,Sao Paulo,Reformer,70,-23.5505,-46.6333,Location coordinate
Xylenes,Latin America and Caribbean,Brazil,Braskem,Porto Alegre,PyGas,105,-30.0346,-51.2177,Location coordinate
Xylenes,Latin America and Caribbean,Brazil,Petrobras,Cubatao,Reformer,28,-23.8953,-46.4256,Location coordinate
Xylenes,Latin America and Caribbean,Colombia,Ecopetrol,Barrancabermeja,Reformer,35,7.0653,-73.8547,Location coordinate
Xylenes,Latin America and Caribbean,Venezuela,Pequiven,El Palito,Reformer,60,10.48,-68.11,Location coordinate
Xylenes,Latin America and Caribbean,Venezuela,Corporation Petroquimica Venezolana,Punta Cardon,Reformer,19,11.62,-70.22,Location coordinate
Xylenes,Western Europe,Belgium,ExxonMobil,Antwerp,Reformer,170,51.2194,4.4025,Location coordinate
Xylenes,Western Europe,Belgium,Rutgers,Zelzate,Coal,3,51.1896,3.8078,Location coordinate
Xylenes,Western Europe,Belgium,Total Petrochemicals,Antwerp,Reformer,650,51.2194,4.4025,Location coordinate
Xylenes,Western Europe,France,ExxonMobil,Port Jerome,Reformer,140,49.48,0.53,Location coordinate
Xylenes,Western Europe,France,Total Petrochemicals,Gonfreville,Reformer,300,49.5,0.23,Location coordinate
Xylenes,Western Europe,Germany,Arsol Aromatics,Gelsenkirchen,Coal,20,51.5177,7.0857,Location coordinate
Xylenes,Western Europe,Germany,BP Europa,Gelsenkirchen,Reformer,175,51.5177,7.0857,Location coordinate
Xylenes,Western Europe,Germany,PCK,Schwedt,Reformer,130,53.0596,14.2815,Location coordinate
Xylenes,Western Europe,Germany,Raffinerie Heide,Heide,Reformer,100,54.1952,9.0988,Location coordinate
Xylenes,Western Europe,Germany,Shell Chemicals,Godorf,PyGas,100,50.85,6.98,Location coordinate
Xylenes,Western Europe,Germany,Shell Chemicals,Godorf,Reformer,180,50.85,6.98,Location coordinate
Xylenes,Western Europe,Germany,Shell Chemicals,Wesseling,Reformer,250,50.8271,6.9747,Location coordinate
Xylenes,Western Europe,Italy,Versalis,Priolo,PyGas,120,37.16,15.18,Location coordinate
Xylenes,Western Europe,Italy,Versalis,Priolo,BPX,15,37.16,15.18,Location coordinate
Xylenes,Western Europe,Netherlands,ExxonMobil,Botlek,Reformer,150,51.88,4.3,Location coordinate
Xylenes,Western Europe,Netherlands,ExxonMobil,Botlek,BPX,16,51.88,4.3,Location coordinate
Xylenes,Western Europe,Netherlands,Zeeland Refinery,Vlissingen,Reformer,230,51.4427,3.5736,Location coordinate
Xylenes,Western Europe,Portugal,Petrogal,Porto,Reformer,0,41.1579,-8.6291,Location coordinate
Xylenes,Western Europe,Spain,CEPSA,Algeciras,Reformer,200,36.1408,-5.4562,Location coordinate
Xylenes,Western Europe,Spain,CEPSA,Algeciras,BPX,19.75,36.1408,-5.4562,Location coordinate
Xylenes,Western Europe,United Kingdom,ExxonMobil,Fawley,Reformer,295,50.827,-1.35,Location coordinate
Xylenes,Central and Eastern Europe,Belarus,Naftan,Novopolotsk,Reformer,200,55.5318,28.5987,Location coordinate
Xylenes,Central and Eastern Europe,Czech Republic,DEZA,Valasske Mezirici,Coal,10,49.4718,17.9711,Location coordinate
Xylenes,Central and Eastern Europe,Hungary,MOL Petrochemicals,Szazhalombatta,Reformer,95,47.3258,18.9214,Location coordinate
Xylenes,Central and Eastern Europe,Poland,Petrochemia Blachownia,Kedzierzyn-Kozle,Coal,12,50.3498,18.2261,Location coordinate
Xylenes,Central and Eastern Europe,Poland,PKN Orlen,Plock,Reformer,540,52.5463,19.7065,Location coordinate
Xylenes,Central and Eastern Europe,Poland,Lotos,Gdansk,Reformer,120,54.352,18.6466,Location coordinate
Xylenes,Central and Eastern Europe,Slovakia,Slovnaft,Bratislava,PyGas,3,48.1486,17.1077,Location coordinate
Xylenes,Central and Eastern Europe,Slovakia,Slovnaft,Bratislava,Reformer,70,48.1486,17.1077,Location coordinate
Xylenes,Russia and Central Asia,Kazakhstan,KazMunayGas,Atyrau,Reformer,625,47.0945,51.9238,Location coordinate
Xylenes,Russia and Central Asia,Russia,Gazprom Neft,Omsk,Reformer,350,54.9885,73.3242,Location coordinate
Xylenes,Russia and Central Asia,Russia,Kirishinefteorgsintez,Kirishi,Reformer,160,59.4471,32.0205,Location coordinate
Xylenes,Russia and Central Asia,Russia,Taneco,Nizhnekamsk,Reformer,184,55.6366,51.8245,Location coordinate
Xylenes,Russia and Central Asia,Russia,Ufaneftekhim,Ufa,Reformer,165,54.7388,55.9721,Location coordinate
Xylenes,Russia and Central Asia,Russia,Unspecified,Unspecified,Reformer,100,55.7558,37.6173,Country capital fallback
Xylenes,Africa,Algeria,Sonatrach,Skikda,Reformer,275,36.8667,6.9069,Location coordinate
Xylenes,Africa,South Africa,ArcelorMittal,Pretoria,Coal,1,-25.7479,28.2293,Location coordinate
Xylenes,Middle East,Iran,Bou Ali Sina Petrochemical,Bandar Imam,PyGas,4,30.44,49.08,Location coordinate
Xylenes,Middle East,Iran,Bou Ali Sina Petrochemical,Bandar Imam,Reformer,449,30.44,49.08,Location coordinate
Xylenes,Middle East,Iran,Bou Ali Sina Petrochemical,Bandar Imam,TDP,77,30.44,49.08,Location coordinate
Xylenes,Middle East,Iran,Esfahan Petrochemical,Esfahan,Reformer,75,32.6546,51.668,Location coordinate
Xylenes,Middle East,Iran,Kian Petrochemical,Assaluyeh,PyGas,750,27.48,52.61,Location coordinate
Xylenes,Middle East,Iran,Nouri (Borzuyeh) Petrochemical,Assaluyeh,PyGas,7,27.48,52.61,Location coordinate
Xylenes,Middle East,Iran,Nouri (Borzuyeh) Petrochemical,Assaluyeh,Reformer,817,27.48,52.61,Location coordinate
Xylenes,Middle East,Iran,Nouri (Borzuyeh) Petrochemical,Assaluyeh,TDP,214,27.48,52.61,Location coordinate
Xylenes,Middle East,Iran,Bandar Imam Petrochemical,Bandar Imam,Reformer,294,30.44,49.08,Location coordinate
Xylenes,Middle East,Iraq,Aradet,Bayji,Reformer,20,34.93,43.49,Location coordinate
Xylenes,Middle East,Israel,Gadiv Petrochemical,Haifa,Reformer,175,32.794,34.9896,Location coordinate
Xylenes,Middle East,Israel,Gadiv Petrochemical,Haifa,BPX,22,32.794,34.9896,Location coordinate
Xylenes,Middle East,Kuwait,KIPIC,Al Zour,Reformer,1750,28.72,48.37,Location coordinate
Xylenes,Middle East,Kuwait,Petrochemical Industries Corporation,Shuaiba,Reformer,1038,29.04,48.14,Location coordinate
Xylenes,Middle East,Oman,Orpic,Sohar,Reformer,1000,24.347,56.709,Location coordinate
Xylenes,Middle East,Qatar,Qatar Petroleum,Ras Laffan,Reformer,1250,25.92,51.53,Location coordinate
Xylenes,Middle East,Saudi Arabia,Petro Rabigh,Rabigh,Reformer,1625,22.7986,39.0349,Location coordinate
Xylenes,Middle East,Saudi Arabia,SABIC,Yanbu,Reformer,875,24.0895,38.0618,Location coordinate
Xylenes,Middle East,Saudi Arabia,Safra,Yanbu,Reformer,220,24.0895,38.0618,Location coordinate
Xylenes,Middle East,Saudi Arabia,SATORP,Al Jubail,Reformer,875,27,49.66,Location coordinate
Xylenes,Middle East,Saudi Arabia,Saudi Aramco,Jazan,Reformer,875,16.8892,42.5511,Location coordinate
Xylenes,Middle East,Saudi Arabia,Saudi Aramco,Ras Tanura,Reformer,1375,26.64,50.16,Location coordinate
Xylenes,Middle East,Saudi Arabia,Saudi Aramco,Yanbu,Reformer,875,24.0895,38.0618,Location coordinate
Xylenes,Middle East,Saudi Arabia,Yansab,Yanbu,Reformer,10,24.0895,38.0618,Location coordinate
Xylenes,Middle East,Turkey,Petkim,Aliaga,PyGas,9,38.7996,26.972,Location coordinate
Xylenes,Middle East,Turkey,Petkim,Aliaga,Reformer,151,38.7996,26.972,Location coordinate
Xylenes,Middle East,Turkey,Petkim,Aliaga,TDP,48,38.7996,26.972,Location coordinate
Xylenes,Middle East,Turkey,SOCAR,Aliaga,Reformer,415,38.7996,26.972,Location coordinate
Xylenes,Middle East,UAE,ADNOC,Ruwais,Reformer,1825,24.11,52.73,Location coordinate
Xylenes,Middle East,UAE,Fujairah Petrochemical,Fujairah,Reformer,875,25.1288,56.3265,Location coordinate
Xylenes,Middle East,Bahrain,PIC & NOGA of Bahrain,Sitra,Reformer,1800,26.1547,50.6206,Location coordinate
Xylenes,South Asia,India,Bharat Petroleum,Kochi,Reformer,350,9.9312,76.2673,Location coordinate
Xylenes,South Asia,India,Indian Oil Corporation,Panipat,Reformer,560,29.3909,76.9635,Location coordinate
Xylenes,South Asia,India,Indian Oil Corporation,Paradip,Reformer,1000,20.3166,86.6114,Location coordinate
Xylenes,South Asia,India,ONGC Mangalore Petrochemicals,Mangalore,Reformer,1154,12.9141,74.856,Location coordinate
Xylenes,South Asia,India,ONGC Petro-additions,Dahej,PyGas,45,21.72,72.58,Location coordinate
Xylenes,South Asia,India,Reliance,Hazira,PyGas,40,21.17,72.65,Location coordinate
Xylenes,South Asia,India,Reliance,Jamnagar,Reformer,4950,22.4707,70.0577,Location coordinate
Xylenes,South Asia,India,Reliance,Patalganga,Reformer,300,18.85,73.17,Location coordinate
Xylenes,South Asia,Pakistan,Byco Oil,Mouza Kund,Reformer,245,30,70,Country capital fallback
Xylenes,South Asia,Pakistan,National Refinery of Pakistan,Korangi,Reformer,11,24.83,67.13,Location coordinate
Xylenes,Northeast Asia,China,BASF-YPC,Nanjing,PyGas,90,32.0603,118.7969,Location coordinate
Xylenes,Northeast Asia,China,CNOOC Oil & Petrochemicals,Huizhou,Reformer,630,23.1115,114.4152,Location coordinate
Xylenes,Northeast Asia,China,CNOOC Oil & Petrochemicals,Huizhou,TDP,675,23.1115,114.4152,Location coordinate
Xylenes,Northeast Asia,China,CNOOC Shell Petrochemicals,Huizhou,Reformer,480,23.1115,114.4152,Location coordinate
Xylenes,Northeast Asia,China,CNOOC Taizhou Petrochemical,Taizhou,Reformer,220,32.4558,119.9231,Location coordinate
Xylenes,Northeast Asia,China,Dalian Fujia Dahua,Dalian,Reformer,450,38.914,121.6147,Location coordinate
Xylenes,Northeast Asia,China,Dalian Fujia Dahua,Dalian,TDP,200,38.914,121.6147,Location coordinate
Xylenes,Northeast Asia,China,Dalian Petrochemical,Dalian,Reformer,500,38.914,121.6147,Location coordinate
Xylenes,Northeast Asia,China,Dalian West Pacific Petrochemical,Dalian,Reformer,400,38.914,121.6147,Location coordinate
Xylenes,Northeast Asia,China,Daqing Refining & Chemicals,Daqing,PyGas,180,46.5893,125.1038,Location coordinate
Xylenes,Northeast Asia,China,Dushanzi Petrochemical,Dushanzi,PyGas,210,44.33,84.85,Location coordinate
Xylenes,Northeast Asia,China,Fujian Refining & Petrochemical,Quanzhou,PyGas,80,24.8741,118.6757,Location coordinate
Xylenes,Northeast Asia,China,Fujian Refining & Petrochemical,Quanzhou,Reformer,375,24.8741,118.6757,Location coordinate
Xylenes,Northeast Asia,China,Fujian Refining & Petrochemical,Quanzhou,TDP,375,24.8741,118.6757,Location coordinate
Xylenes,Northeast Asia,China,Fushun Petrochemical,Fushun,PyGas,100,41.8809,123.9572,Location coordinate
Xylenes,Northeast Asia,China,Fushun Petrochemical,Fushun,Reformer,150,41.8809,123.9572,Location coordinate
Xylenes,Northeast Asia,China,Fushun Petrochemical,Fushun,TDP,50,41.8809,123.9572,Location coordinate
Xylenes,Northeast Asia,China,Huabei Petrochemical,Renqiu,PyGas,50,38.7116,116.0995,Location coordinate
Xylenes,Northeast Asia,China,Jilin Petrochemical,Jilin City,PyGas,100,43.8378,126.5496,Location coordinate
Xylenes,Northeast Asia,China,Jilin Petrochemical,Jilin City,Reformer,150,43.8378,126.5496,Location coordinate
Xylenes,Northeast Asia,China,Jilin Petrochemical,Jilin City,TDP,60,43.8378,126.5496,Location coordinate
Xylenes,Northeast Asia,China,Jinxi Petrochemical,Huludao,Coal,20,40.711,120.8369,Location coordinate
Xylenes,Northeast Asia,China,Jinxi Petrochemical,Jinxi,Reformer,220,40.75,120.84,Location coordinate
Xylenes,Northeast Asia,China,Jinzhou Petrochemical,Jinzhou,Reformer,36,41.0957,121.127,Location coordinate
Xylenes,Northeast Asia,China,Kunming Refinery,Kunming,Reformer,410,25.0389,102.7183,Location coordinate
Xylenes,Northeast Asia,China,Lanzhou Petrochemical,Lanzhou,PyGas,100,36.0611,103.8343,Location coordinate
Xylenes,Northeast Asia,China,Lanzhou Petrochemical,Lanzhou,Reformer,132,36.0611,103.8343,Location coordinate
Xylenes,Northeast Asia,China,Liaoning Ansteel Coking,Anshan,Coal,44,41.1086,122.9943,Location coordinate
Xylenes,Northeast Asia,China,Liaoyang Petrochemical,Liaoyang,Reformer,520,41.2694,123.1728,Location coordinate
Xylenes,Northeast Asia,China,Liaoyang Petrochemical,Liaoyang,TDP,235,41.2694,123.1728,Location coordinate
Xylenes,Northeast Asia,China,Ningbo Zhongjin Petrochemical,Ningbo,Reformer,5000,29.8683,121.544,Location coordinate
Xylenes,Northeast Asia,China,Panjin Ethylene,Panjin,PyGas,10,41.1199,122.0707,Location coordinate
Xylenes,Northeast Asia,China,Panjin Ethylene,Panjin,Reformer,150,41.1199,122.0707,Location coordinate
Xylenes,Northeast Asia,China,PetroChina Taizhou,Taizhou,Reformer,480,32.4558,119.9231,Location coordinate
Xylenes,Northeast Asia,China,PetroChina Weihai,Weihai,Reformer,390,37.5131,122.1204,Location coordinate
Xylenes,Northeast Asia,China,Qingdao Lidong Chemicals,Qingdao,Reformer,375,36.0671,120.3826,Location coordinate
Xylenes,Northeast Asia,China,Shaanxi Yanchang Petroleum,Yanchang,Reformer,30,35,105,Country capital fallback
Xylenes,Northeast Asia,China,Shanghai SECCO Petrochemical,Caojing,Reformer,100,35,105,Country capital fallback
Xylenes,Northeast Asia,China,Shenghong Petrochemical,Lianyungang,Reformer,1875,34.5967,119.2216,Location coordinate
Xylenes,Northeast Asia,China,Sichuan Petrochemical,Chengdu,PyGas,100,30.5728,104.0668,Location coordinate
Xylenes,Northeast Asia,China,Sichuan Petrochemical,Chengdu,Reformer,1125,30.5728,104.0668,Location coordinate
Xylenes,Northeast Asia,China,Sinochem Quanzhou Petrochemical,Quanzhou,Reformer,600,24.8741,118.6757,Location coordinate
Xylenes,Northeast Asia,China,Sinopec Baling Petrochemical,Yueyang,Reformer,66,29.3571,113.129,Location coordinate
Xylenes,Northeast Asia,China,Sinopec Beijing Yanshan Petrochemical,Beijing,PyGas,30,39.9042,116.4074,Location coordinate
Xylenes,Northeast Asia,China,Sinopec Guangzhou Petrochemical,Guangzhou,PyGas,321,23.1291,113.2644,Location coordinate
Xylenes,Northeast Asia,China,Sinopec Hainan Refining & Chemical,Yangpu,Reformer,500,35,105,Country capital fallback
Xylenes,Northeast Asia,China,Sinopec Hainan Refining & Chemical,Yangpu,TDP,200,35,105,Country capital fallback
Xylenes,Northeast Asia,China,Sinopec Jingmen,Jingmen,Reformer,60,31.0354,112.1995,Location coordinate
Xylenes,Northeast Asia,China,Sinopec Jinling Petrochemical,Nanjing,Reformer,780,32.0603,118.7969,Location coordinate
Xylenes,Northeast Asia,China,Sinopec Jinling Petrochemical,Nanjing,TDP,380,32.0603,118.7969,Location coordinate
Xylenes,Northeast Asia,China,Sinopec Jiujiang,Jiujiang,Coal,30,29.7051,116.0019,Location coordinate
Xylenes,Northeast Asia,China,Sinopec Luoyang,Luoyang,Reformer,260,34.6197,112.454,Location coordinate
Xylenes,Northeast Asia,China,Sinopec Luoyang,Luoyang,TDP,100,34.6197,112.454,Location coordinate
Xylenes,Northeast Asia,China,Sinopec Maoming Petrochemical,Maoming,PyGas,130,21.6627,110.9255,Location coordinate
Xylenes,Northeast Asia,China,Sinopec Maoming Petrochemical,Maoming,Reformer,400,21.6627,110.9255,Location coordinate
Xylenes,Northeast Asia,China,Sinopec Qilu Petrochemical,Zibo,PyGas,30,36.8135,118.055,Location coordinate
Xylenes,Northeast Asia,China,Sinopec Qilu Petrochemical,Zibo,Reformer,100,36.8135,118.055,Location coordinate
Xylenes,Northeast Asia,China,Sinopec Qilu Petrochemical,Zibo,TDP,110,36.8135,118.055,Location coordinate
Xylenes,Northeast Asia,China,Sinopec SABIC Tianjin,Tianjin,PyGas,150,39.3434,117.3616,Location coordinate
Xylenes,Northeast Asia,China,Sinopec Shanghai Gaoqiao,Gaoqiao,Reformer,200,35,105,Country capital fallback
Xylenes,Northeast Asia,China,Sinopec Shanghai Petrochemical,Jinshan,TDP,120,30.741,121.34,Location coordinate
Xylenes,Northeast Asia,China,Sinopec Shanghai Petrochemical,Shanghai,PyGas,150,31.2304,121.4737,Location coordinate
Xylenes,Northeast Asia,China,Sinopec Shanghai Petrochemical,Shanghai,Reformer,300,31.2304,121.4737,Location coordinate
Xylenes,Northeast Asia,China,Sinopec Shanghai Petrochemical,Shanghai,TDP,210,31.2304,121.4737,Location coordinate
Xylenes,Northeast Asia,China,Sinopec Tianjin,Tianjin,Reformer,300,39.3434,117.3616,Location coordinate
Xylenes,Northeast Asia,China,Sinopec Tianjin,Tianjin,TDP,75,39.3434,117.3616,Location coordinate
Xylenes,Northeast Asia,China,Sinopec Yangzi Petrochemical,Nanjing,PyGas,50,32.0603,118.7969,Location coordinate
Xylenes,Northeast Asia,China,Sinopec Yangzi Petrochemical,Nanjing,Reformer,980,32.0603,118.7969,Location coordinate
Xylenes,Northeast Asia,China,Sinopec Yangzi Petrochemical,Nanjing,TDP,115,32.0603,118.7969,Location coordinate
Xylenes,Northeast Asia,China,Sinopec Zhenhai Refining & Chemical,Ningbo,PyGas,120,29.8683,121.544,Location coordinate
Xylenes,Northeast Asia,China,Sinopec Zhenhai Refining & Chemical,Ningbo,Reformer,600,29.8683,121.544,Location coordinate
Xylenes,Northeast Asia,China,Sinopec Zhenhai Refining & Chemical,Ningbo,TDP,80,29.8683,121.544,Location coordinate
Xylenes,Northeast Asia,China,Sinopec-KPC,Zhanjiang,Reformer,570,21.2707,110.3594,Location coordinate
Xylenes,Northeast Asia,China,Urumqi Petrochemical,Urumqi,Reformer,1200,43.8256,87.6168,Location coordinate
Xylenes,Northeast Asia,China,Zhejiang Petrochemical,Zhoushan,Reformer,10000,29.9853,122.2072,Location coordinate
Xylenes,Northeast Asia,China,Fujian Fuhaichuang Petrochemical,Gulei,Reformer,1600,23.75,117.6,Location coordinate
Xylenes,Northeast Asia,China,Fujian Fuhaichuang Petrochemical,Gulei,TDP,80,23.75,117.6,Location coordinate
Xylenes,Northeast Asia,China,BP Zhuhai,Zhuhai,Reformer,300,22.271,113.5767,Location coordinate
Xylenes,Northeast Asia,China,CNOOC Daxie,Ningbo,Reformer,340,29.8683,121.544,Location coordinate
Xylenes,Northeast Asia,China,Dalian Wanhai,Dalian,PyGas,30,38.914,121.6147,Location coordinate
Xylenes,Northeast Asia,China,Hbon Chemical,Zhoushan,Reformer,150,29.9853,122.2072,Location coordinate
Xylenes,Northeast Asia,China,Jiangsu Hengli,Dalian,Reformer,5000,38.914,121.6147,Location coordinate
Xylenes,Northeast Asia,China,Panjin Heyun Industrial Group,Panjin,Coal,30,41.1199,122.0707,Location coordinate
Xylenes,Northeast Asia,China,PetroChina-Rosneft Orient Petrochemical Tianjin,Tianjin,Reformer,320,39.3434,117.3616,Location coordinate
Xylenes,Northeast Asia,China,Qinzhou Refinery,Qinzhou,Reformer,500,21.9799,108.6541,Location coordinate
Xylenes,Northeast Asia,China,Shandong Qiwangda,Zibo,Reformer,40,36.8135,118.055,Location coordinate
Xylenes,Northeast Asia,China,Sinopec Qingdao,Qingdao,Reformer,350,36.0671,120.3826,Location coordinate
Xylenes,Northeast Asia,China,Sinopec Shijiazhuang Refining and Chemical,Shijiazhuang,Reformer,29,38.0428,114.5149,Location coordinate
Xylenes,Northeast Asia,China,Zhejiang Huachen,Pinghu,Reformer,50,30.6772,121.0151,Location coordinate
Xylenes,Northeast Asia,China,Sinopec-SK Wuhan Petrochemical,Wuhan,PyGas,100,30.5928,114.3055,Location coordinate
Xylenes,Northeast Asia,China,Sinopec-SK Wuhan Petrochemical,Wuhan,Reformer,70,30.5928,114.3055,Location coordinate
Xylenes,Northeast Asia,Japan,Asahi Kasei,Mizushima,PyGas,0,34.53,133.74,Location coordinate
Xylenes,Northeast Asia,Japan,Fuji Oil,Chiba,Reformer,270,35.6074,140.1065,Location coordinate
Xylenes,Northeast Asia,Japan,Idemitsu Kosan,Chiba,PyGas,50,35.6074,140.1065,Location coordinate
Xylenes,Northeast Asia,Japan,Idemitsu Kosan,Chiba,Reformer,324,35.6074,140.1065,Location coordinate
Xylenes,Northeast Asia,Japan,Idemitsu Kosan,Tokuyama,PyGas,51,34.055,131.806,Location coordinate
Xylenes,Northeast Asia,Japan,Idemitsu Kosan,Tokuyama,Reformer,262,34.055,131.806,Location coordinate
Xylenes,Northeast Asia,Japan,JFE Chemical,Chiba,Reformer,10,35.6074,140.1065,Location coordinate
Xylenes,Northeast Asia,Japan,JFE Chemical,Kasaoka,Coal,10,34.507,133.507,Location coordinate
Xylenes,Northeast Asia,Japan,JXTG Nippon Oil & Energy,Chiba,Reformer,230,35.6074,140.1065,Location coordinate
Xylenes,Northeast Asia,Japan,JXTG Nippon Oil & Energy,Chita,Reformer,250,34.99,136.86,Location coordinate
Xylenes,Northeast Asia,Japan,JXTG Nippon Oil & Energy,Chita,TDP,100,34.99,136.86,Location coordinate
Xylenes,Northeast Asia,Japan,JXTG Nippon Oil & Energy,Kashima,Reformer,200,35.965,140.645,Location coordinate
Xylenes,Northeast Asia,Japan,JXTG Nippon Oil & Energy,Kawasaki,PyGas,20,35.5309,139.703,Location coordinate
Xylenes,Northeast Asia,Japan,JXTG Nippon Oil & Energy,Marifu,Reformer,230,34.04,131.84,Location coordinate
Xylenes,Northeast Asia,Japan,JXTG Nippon Oil & Energy,Mizushima,PyGas,19,34.53,133.74,Location coordinate
Xylenes,Northeast Asia,Japan,JXTG Nippon Oil & Energy,Mizushima,Reformer,1130,34.53,133.74,Location coordinate
Xylenes,Northeast Asia,Japan,JXTG Nippon Oil & Energy,Mizushima,TDP,110,34.53,133.74,Location coordinate
Xylenes,Northeast Asia,Japan,JXTG Nippon Oil & Energy,Mizushima,BPX,25,34.53,133.74,Location coordinate
Xylenes,Northeast Asia,Japan,JXTG Nippon Oil & Energy,Muroran,Reformer,0,42.3152,140.9738,Location coordinate
Xylenes,Northeast Asia,Japan,JXTG Nippon Oil & Energy,Negishi,Reformer,390,35.42,139.64,Location coordinate
Xylenes,Northeast Asia,Japan,JXTG Nippon Oil & Energy,Oita,PyGas,21,33.2396,131.6093,Location coordinate
Xylenes,Northeast Asia,Japan,JXTG Nippon Oil & Energy,Oita,Reformer,300,33.2396,131.6093,Location coordinate
Xylenes,Northeast Asia,Japan,JXTG Nippon Oil & Energy,Oita,TDP,40,33.2396,131.6093,Location coordinate
Xylenes,Northeast Asia,Japan,JXTG Nippon Oil & Energy,Sakai,Reformer,370,34.5733,135.483,Location coordinate
Xylenes,Northeast Asia,Japan,JXTG Nippon Oil & Energy,Sendai,Reformer,480,38.2682,140.8694,Location coordinate
Xylenes,Northeast Asia,Japan,JXTG Nippon Oil & Energy,Shimotsu,Reformer,320,34.11,135.14,Location coordinate
Xylenes,Northeast Asia,Japan,Maruzen Petrochemical,Chiba,PyGas,81,35.6074,140.1065,Location coordinate
Xylenes,Northeast Asia,Japan,Maruzen Petrochemical,Chiba,Reformer,40,35.6074,140.1065,Location coordinate
Xylenes,Northeast Asia,Japan,Mitsubishi Chemical,Kashima,PyGas,28,35.965,140.645,Location coordinate
Xylenes,Northeast Asia,Japan,Mitsubishi Chemical,Mizushima,PyGas,50,34.53,133.74,Location coordinate
Xylenes,Northeast Asia,Japan,Mitsui Chemicals,Chiba,PyGas,30,35.6074,140.1065,Location coordinate
Xylenes,Northeast Asia,Japan,Mitsui Chemicals,Sakai,PyGas,25,34.5733,135.483,Location coordinate
Xylenes,Northeast Asia,Japan,Nippon Steel & Sumikin Chemical,Oita,PyGas,35,33.2396,131.6093,Location coordinate
Xylenes,Northeast Asia,Japan,Seibu Oil,Yamaguchi,Reformer,250,34.1785,131.4737,Location coordinate
Xylenes,Northeast Asia,Japan,Showa Yokkaichi Sekiyu,Yokkaichi,Reformer,376,34.965,136.624,Location coordinate
Xylenes,Northeast Asia,Japan,Showa Yokkaichi Sekiyu,Yokkaichi,TDP,200,34.965,136.624,Location coordinate
Xylenes,Northeast Asia,Japan,Sumitomo Chemical,Chiba,PyGas,0,35.6074,140.1065,Location coordinate
Xylenes,Northeast Asia,Japan,Taiyo Oil,Imabari,Reformer,390,34.066,132.998,Location coordinate
Xylenes,Northeast Asia,Japan,Taiyo Oil,Imabari,TDP,300,34.066,132.998,Location coordinate
Xylenes,Northeast Asia,Japan,Tosoh,Yokkaichi,PyGas,32,34.965,136.624,Location coordinate
Xylenes,Northeast Asia,Japan,CM Aromatics,Chiba,Reformer,270,35.6074,140.1065,Location coordinate
Xylenes,Northeast Asia,Japan,Cosmo Oil,Yokkaichi,Reformer,336,34.965,136.624,Location coordinate
Xylenes,Northeast Asia,Japan,Keiyo Ethylene,Chita,PyGas,50,34.99,136.86,Location coordinate
Xylenes,Northeast Asia,South Korea,GS Caltex,Yeosu,Reformer,1370,34.7604,127.6622,Location coordinate
Xylenes,Northeast Asia,South Korea,GS Caltex,Yeosu,TDP,620,34.7604,127.6622,Location coordinate
Xylenes,Northeast Asia,South Korea,Hanwha Total,Daesan,Reformer,1514,36.94,126.43,Location coordinate
Xylenes,Northeast Asia,South Korea,Hanwha Total,Daesan,TDP,820,36.94,126.43,Location coordinate
Xylenes,Northeast Asia,South Korea,Hyundai Chemical,Daesan,Reformer,700,36.94,126.43,Location coordinate
Xylenes,Northeast Asia,South Korea,Hyundai Chemical,Daesan,TDP,300,36.94,126.43,Location coordinate
Xylenes,Northeast Asia,South Korea,Hyundai Cosmo Petrochemical,Daesan,Reformer,310,36.94,126.43,Location coordinate
Xylenes,Northeast Asia,South Korea,Hyundai Cosmo Petrochemical,Daesan,TDP,120,36.94,126.43,Location coordinate
Xylenes,Northeast Asia,South Korea,KPIC,Ulsan,PyGas,40,35.5384,129.3114,Location coordinate
Xylenes,Northeast Asia,South Korea,LG Chem,Daesan,PyGas,50,36.94,126.43,Location coordinate
Xylenes,Northeast Asia,South Korea,LG Chem,Yeosu,PyGas,24,34.7604,127.6622,Location coordinate
Xylenes,Northeast Asia,South Korea,Lotte Chemical,Daesan,PyGas,50,36.94,126.43,Location coordinate
Xylenes,Northeast Asia,South Korea,Lotte Chemical,Yeosu,PyGas,62,34.7604,127.6622,Location coordinate
Xylenes,Northeast Asia,South Korea,SK Global Chemicals,Ulsan,Reformer,1403,35.5384,129.3114,Location coordinate
Xylenes,Northeast Asia,South Korea,SK Global Chemicals,Ulsan,TDP,630,35.5384,129.3114,Location coordinate
Xylenes,Northeast Asia,South Korea,SK Incheon Petrochem,Incheon,Reformer,1200,37.4563,126.7052,Location coordinate
Xylenes,Northeast Asia,South Korea,SK Incheon Petrochem,Incheon,TDP,450,37.4563,126.7052,Location coordinate
Xylenes,Northeast Asia,South Korea,S-Oil,Ulsan,Reformer,2078,35.5384,129.3114,Location coordinate
Xylenes,Northeast Asia,South Korea,S-Oil,Ulsan,TDP,637,35.5384,129.3114,Location coordinate
Xylenes,Northeast Asia,South Korea,Ulsan Aromatics Company,Ulsan,TDP,800,35.5384,129.3114,Location coordinate
Xylenes,Northeast Asia,South Korea,YNCC,Yeosu,PyGas,130,34.7604,127.6622,Location coordinate
Xylenes,Northeast Asia,Taiwan,CPC Corporation,Kaohsiung,TDP,110,22.6273,120.3014,Location coordinate
Xylenes,Northeast Asia,Taiwan,CPC Corporation,Linyuan,PyGas,60,22.49,120.41,Location coordinate
Xylenes,Northeast Asia,Taiwan,CPC Corporation,Linyuan,Reformer,410,22.49,120.41,Location coordinate
Xylenes,Northeast Asia,Taiwan,Formosa Chemicals & Fiber Corporation,Mailiao,Reformer,1665,23.79,120.18,Location coordinate
Xylenes,Northeast Asia,Taiwan,Formosa Chemicals & Fiber Corporation,Mailiao,TDP,185,23.79,120.18,Location coordinate
Xylenes,Southeast Asia,Brunei,Hengyi Industries,Pulau Muara Besar,Reformer,1875,5.01,115.07,Location coordinate
Xylenes,Southeast Asia,Indonesia,Pertamina,Cilacap,Reformer,350,-7.7278,109.0154,Location coordinate
Xylenes,Southeast Asia,Indonesia,Pertamina,Cilacap,TDP,50,-7.7278,109.0154,Location coordinate
Xylenes,Southeast Asia,Indonesia,TPPI,Tuban,Reformer,725,-6.8976,112.0649,Location coordinate
Xylenes,Southeast Asia,Malaysia,Aromatics Malaysia,Kerteh,Reformer,645,4.514,103.448,Location coordinate
Xylenes,Southeast Asia,Philippines,Petron,Limay,Reformer,291,14.5619,120.5983,Location coordinate
Xylenes,Southeast Asia,Singapore,ExxonMobil,Jurong Island,Reformer,2195,1.265,103.695,Location coordinate
Xylenes,Southeast Asia,Singapore,PCS,Jurong Island,PyGas,78,1.265,103.695,Location coordinate
Xylenes,Southeast Asia,Thailand,IRPC,Map Ta Phut,Reformer,1875,12.68,101.16,Location coordinate
Xylenes,Southeast Asia,Thailand,IRPC,Rayong,Reformer,100,12.6814,101.2816,Location coordinate
Xylenes,Southeast Asia,Thailand,Map Ta Phut Olefins,Map Ta Phut,PyGas,100,12.68,101.16,Location coordinate
Xylenes,Southeast Asia,Thailand,PTT Aromatics and Refining,Map Ta Phut,PyGas,30,12.68,101.16,Location coordinate
Xylenes,Southeast Asia,Thailand,PTT Aromatics and Refining,Map Ta Phut,Reformer,1075,12.68,101.16,Location coordinate
Xylenes,Southeast Asia,Thailand,PTT Aromatics and Refining,Map Ta Phut,TDP,414,12.68,101.16,Location coordinate
Xylenes,Southeast Asia,Thailand,PTT Aromatics and Refining,Map Ta Phut,BPX,31.25,12.68,101.16,Location coordinate
Xylenes,Southeast Asia,Thailand,Rayong Olefins,Rayong,PyGas,40,12.6814,101.2816,Location coordinate
Xylenes,Southeast Asia,Thailand,Thai Paraxylene,Sri Racha,Reformer,630,13.1737,100.9311,Location coordinate
Xylenes,Southeast Asia,Thailand,Esso Thai,Sri Racha,Reformer,450,13.1737,100.9311,Location coordinate
Xylenes,Southeast Asia,Vietnam,Nghi Son Refinery & Petrochemical,Nghi Son,Reformer,675,19.34,105.78,Location coordinate
Xylenes,Southeast Asia,Vietnam,Nghi Son Refinery & Petrochemical,Nghi Son,TDP,200,19.34,105.78,Location coordinate
Xylenes,Australasia,Australia,Shell Chemicals,Clyde,Reformer,15,-33.83,151.02,Location coordinate
Xylenes,Australasia,Australia,Sinopec,Matraville,PyGas,5,-33.96,151.23,Location coordinate
Dimethyl terephthalate,North America,US,Eastman Chemical,Kingsport, ,408,36.5484,-82.5618,Location coordinate
Dimethyl terephthalate,Western Europe,Germany,Oxxynova,Steyerberg, ,240,51,9,Country capital fallback
Dimethyl terephthalate,Central and Eastern Europe,Belarus,Khimvolokno,Mogilev, ,313,53,28,Country capital fallback
Dimethyl terephthalate,Russia and Central Asia,Russia,AK Azot,Novomoskovsk, ,18,54.0105,38.2846,Location coordinate
Dimethyl terephthalate,Middle East,Iran,FIPCO,Esfahan, ,60,32.6546,51.668,Location coordinate
Dimethyl terephthalate,Middle East,Turkey,Indorama,Adana, ,280,37,35.3213,Location coordinate
Dimethyl terephthalate,South Asia,India,Indian Oil Corporation,Bongaigaon, ,45,26.48,90.56,Location coordinate
Dimethyl terephthalate,South Asia,India,Bombay Dyeing,Mumbai, ,165,19.076,72.8777,Location coordinate
Dimethyl terephthalate,South Asia,India,Garware Polyester,Mumbai, ,60,19.076,72.8777,Location coordinate
Dimethyl terephthalate,Northeast Asia,China,Liaoyang Petrochemical,Liaoyang, ,140,41.2694,123.1728,Location coordinate
Dimethyl terephthalate,Northeast Asia,China,Sinopec Shanghai Petrochemical,Shanghai, ,25,31.2304,121.4737,Location coordinate
Dimethyl terephthalate,Northeast Asia,China,Unspecified,Tianjin, ,90,39.3434,117.3616,Location coordinate
Dimethyl terephthalate,Northeast Asia,Japan,Teijin,Matsuyama, ,250,36,138,Country capital fallback
Dimethyl terephthalate,Northeast Asia,South Korea,SK Global Chemicals,Ulsan, ,100,35.5384,129.3114,Location coordinate
Toluene Diisocyanate,North America,US,BASF,Geismar, ,260,30.21,-91,Location coordinate
Toluene Diisocyanate,North America,US,Covestro,Baytown, ,190,29.7355,-94.9774,Location coordinate
Toluene Diisocyanate,North America,US,Dow,Freeport [TX], ,208,28.9541,-95.3597,Location coordinate
Toluene Diisocyanate,North America,US,Rubicon,Geismar, ,91,30.21,-91,Location coordinate
Toluene Diisocyanate,Latin America and Caribbean,Argentina,Petroquimica Rio Tercero,Cordoba, ,27,-31.4201,-64.1888,Location coordinate
Toluene Diisocyanate,Latin America and Caribbean,Brazil,Dow,Camacari, ,63,-12.6975,-38.3242,Location coordinate
Toluene Diisocyanate,Western Europe,France,Vencorex,Pont De Claix, ,0,45.12,5.7,Location coordinate
Toluene Diisocyanate,Western Europe,Germany,BASF,Ludwigshafen, ,300,49.4774,8.4452,Location coordinate
Toluene Diisocyanate,Western Europe,Germany,BASF,Schwarzheide, ,0,51.48,13.87,Location coordinate
Toluene Diisocyanate,Western Europe,Germany,Covestro,Dormagen, ,300,51.0937,6.8416,Location coordinate
Toluene Diisocyanate,Western Europe,Germany,Bayer MaterialScience,Brunsbuttel, ,0,53.897,9.138,Location coordinate
Toluene Diisocyanate,Central and Eastern Europe,Hungary,BorsodChem,Kazincbarcika, ,250,48.25,20.64,Location coordinate
Toluene Diisocyanate,Middle East,Iran,Karoon Petrochemical,Bandar Imam, ,40,30.44,49.08,Location coordinate
Toluene Diisocyanate,Middle East,Saudi Arabia,Sadara,Al Jubail, ,208,27,49.66,Location coordinate
Toluene Diisocyanate,South Asia,India,Gujarat Narmada Valley Fertilizers,Dahej, ,50,21.72,72.58,Location coordinate
Toluene Diisocyanate,South Asia,India,Gujarat Narmada Valley Fertilizers,Narmada Nagar, ,14,20,77,Country capital fallback
Toluene Diisocyanate,Northeast Asia,China,BASF,Shanghai, ,160,31.2304,121.4737,Location coordinate
Toluene Diisocyanate,Northeast Asia,China,"Bayer, Sinopec",Shanghai, ,250,31.2304,121.4737,Location coordinate
Toluene Diisocyanate,Northeast Asia,China,Bluestar Chemical,Taiyuan, ,50,37.8706,112.5489,Location coordinate
Toluene Diisocyanate,Northeast Asia,China,Gansu Yinguang,Baiyin, ,200,36.5447,104.1389,Location coordinate
Toluene Diisocyanate,Northeast Asia,China,Liaoning Jinxi Chemical Group,Huludao, ,50,40.711,120.8369,Location coordinate
Toluene Diisocyanate,Northeast Asia,China,Sinopec Cangzhou,Cangzhou, ,150,38.3045,116.8388,Location coordinate
Toluene Diisocyanate,Northeast Asia,China,Yantai Juli Fine Chemical,Laiyang, ,80,36.9758,120.7117,Location coordinate
Toluene Diisocyanate,Northeast Asia,Japan,Mitsui Chemicals,Omuta, ,120,33.0303,130.4459,Location coordinate
Toluene Diisocyanate,Northeast Asia,Japan,Nippon Polyurethane,Shinnanyo, ,20,34.05,131.8,Location coordinate
Toluene Diisocyanate,Northeast Asia,Japan,Sumitomo Chemical,Niihama, ,15,33.9603,133.2834,Location coordinate
Toluene Diisocyanate,Northeast Asia,Japan,Takeda,Kashima, ,135,35.965,140.645,Location coordinate
Toluene Diisocyanate,Northeast Asia,South Korea,BASF,Yeosu, ,170,34.7604,127.6622,Location coordinate
Toluene Diisocyanate,Northeast Asia,South Korea,OCI,Gunsan, ,50,35.9677,126.7366,Location coordinate
Toluene Diisocyanate,Northeast Asia,South Korea,Korea Fine Chemical,Yeosu, ,93,34.7604,127.6622,Location coordinate
Toluene Diisocyanate,Northeast Asia,Taiwan,Covestro,Taichung, ,65,24.1477,120.6736,Location coordinate
Toluene Diisocyanate,Northeast Asia,Taiwan,Formosa Plastics,Mailiao, ,30,23.79,120.18,Location coordinate
Phthalic Anhydride,North America,Mexico,Celanese,Lerma,Orthoxylene,25,19.285,-99.512,Location coordinate
Phthalic Anhydride,North America,Mexico,Groupo Primex,Cuautitlan,Orthoxylene,3,19.67,-99.18,Location coordinate
Phthalic Anhydride,North America,Mexico,Groupo Primex,Tampico,Orthoxylene,30,22.2331,-97.8611,Location coordinate
Phthalic Anhydride,North America,Mexico,Sintesis Organicas,Tlaxcala,Orthoxylene,30,19.3182,-98.2375,Location coordinate
Phthalic Anhydride,North America,US,BASF,Pasadena [TX],Orthoxylene,0,29.6911,-95.2091,Location coordinate
Phthalic Anhydride,North America,US,ExxonMobil,Baton Rouge,Orthoxylene,136,30.4515,-91.1871,Location coordinate
Phthalic Anhydride,North America,US,Stepan,Millsdale,Orthoxylene,104,38.9072,-77.0369,Country capital fallback
Phthalic Anhydride,Latin America and Caribbean,Argentina,Varteco Quimica Puntana,San Lorenzo,Orthoxylene,17.5,-32.75,-60.73,Location coordinate
Phthalic Anhydride,Latin America and Caribbean,Brazil,Braskem,Camacari,Orthoxylene,73,-12.6975,-38.3242,Location coordinate
Phthalic Anhydride,Latin America and Caribbean,Brazil,Braskem,Sao Paulo,Orthoxylene,155,-23.5505,-46.6333,Location coordinate
Phthalic Anhydride,Latin America and Caribbean,Chile,Panimex,Santiago,Orthoxylene,18,-33.4489,-70.6693,Location coordinate
Phthalic Anhydride,Latin America and Caribbean,Colombia,CarboQuimica,Bogota,Orthoxylene,15,4.711,-74.0721,Location coordinate
Phthalic Anhydride,Latin America and Caribbean,Colombia,Andercol,Medellin,Orthoxylene,8,6.2442,-75.5812,Location coordinate
Phthalic Anhydride,Latin America and Caribbean,Venezuela,Acidos Carboxilicos de Venezuela,Valencia,Orthoxylene,19,10.162,-68.0077,Location coordinate
Phthalic Anhydride,Latin America and Caribbean,Venezuela,Petrochemical Sima,Valencia,Orthoxylene,108,10.162,-68.0077,Location coordinate
Phthalic Anhydride,Western Europe,Austria,ATMOSA,Schwechat,Orthoxylene,45,48.141,16.477,Location coordinate
Phthalic Anhydride,Western Europe,Belgium,Proviron,Oostende,Orthoxylene,102,51.23,2.92,Location coordinate
Phthalic Anhydride,Western Europe,Germany,BASF,Ludwigshafen,Orthoxylene,110,49.4774,8.4452,Location coordinate
Phthalic Anhydride,Western Europe,Germany,Lanxess,Krefeld-Uerdingen,Orthoxylene,120,51.35,6.64,Location coordinate
Phthalic Anhydride,Western Europe,Italy,Polynt,Scanzorosciate,Orthoxylene,80,45.71,9.74,Location coordinate
Phthalic Anhydride,Western Europe,Italy,Polynt,San Giovanni Valdarno,Orthoxylene,30,43.565,11.532,Location coordinate
Phthalic Anhydride,Western Europe,Netherlands,ExxonMobil,Botlek,Orthoxylene,62,51.88,4.3,Location coordinate
Phthalic Anhydride,Western Europe,Spain,CEPSA,Algeciras,Orthoxylene,38,36.1408,-5.4562,Location coordinate
Phthalic Anhydride,Western Europe,Sweden,Perstorp,Nol,Orthoxylene,30,57.92,12.06,Location coordinate
Phthalic Anhydride,Central and Eastern Europe,Belarus,Lakokraska,Lida,Orthoxylene,48,53.8874,25.3028,Location coordinate
Phthalic Anhydride,Central and Eastern Europe,Bulgaria,Policolor-Orgachim,Rousse,Orthoxylene,22,43.8356,25.9657,Location coordinate
Phthalic Anhydride,Central and Eastern Europe,Czech Republic,DEZA,Valasske Mezirici,Orthoxylene,45,49.4718,17.9711,Location coordinate
Phthalic Anhydride,Central and Eastern Europe,Poland,Grupa Azoty ZAK,Kedzierzyn-Kozle,Orthoxylene,0,50.3498,18.2261,Location coordinate
Phthalic Anhydride,Central and Eastern Europe,Romania,Oltchim,Rimnicu Vilcea,Orthoxylene,20,45.0997,24.3693,Location coordinate
Phthalic Anhydride,Central and Eastern Europe,Ukraine,Rubezhnoye Chemical (Zarja),Rubezhnoye,Orthoxylene,90,49.01,38.38,Location coordinate
Phthalic Anhydride,Russia and Central Asia,Russia,Gazprom Neftekhim Salavat,Salavat,Orthoxylene,15,53.3616,55.9246,Location coordinate
Phthalic Anhydride,Russia and Central Asia,Russia,Omsky Kauchuk,Omsk,Orthoxylene,40,54.9885,73.3242,Location coordinate
Phthalic Anhydride,Russia and Central Asia,Russia,Kamtex,Perm,Orthoxylene,175,58.0105,56.2502,Location coordinate
Phthalic Anhydride,Africa,South Africa,Isegen,Isipingo Beach,Orthoxylene,11,-29.99,30.94,Location coordinate
Phthalic Anhydride,Middle East,Iran,Esfahan Petrochemical,Esfahan,Orthoxylene,40,32.6546,51.668,Location coordinate
Phthalic Anhydride,Middle East,Iran,Farabi Petrochemicals,Bandar Imam,Orthoxylene,56,30.44,49.08,Location coordinate
Phthalic Anhydride,Middle East,Israel,Gadiv Petrochemical,Haifa,Orthoxylene,32,32.794,34.9896,Location coordinate
Phthalic Anhydride,Middle East,Turkey,Petkim,Aliaga,Orthoxylene,49,38.7996,26.972,Location coordinate
Phthalic Anhydride,Middle East,Turkey,Plastifay Kimya,Istanbul,Orthoxylene,12,41.0082,28.9784,Location coordinate
Phthalic Anhydride,South Asia,India,SI Group - India,Navi Mumbai,Orthoxylene,0,19.033,73.0297,Location coordinate
Phthalic Anhydride,South Asia,India,Thirumalai Chemicals,Dahej,Orthoxylene,60,21.72,72.58,Location coordinate
Phthalic Anhydride,South Asia,India,Thirumalai Chemicals,Ranipet,Orthoxylene,140,12.9249,79.3333,Location coordinate
Phthalic Anhydride,South Asia,India,Asian Paints,Ankleshwar,Orthoxylene,0,21.6264,73.0152,Location coordinate
Phthalic Anhydride,South Asia,India,I G Petrochemicals,Talaja,Orthoxylene,219,21.3527,72.035,Location coordinate
Phthalic Anhydride,South Asia,Pakistan,National Refinery of Pakistan,Lahore,Orthoxylene,28,31.5204,74.3587,Location coordinate
Phthalic Anhydride,Northeast Asia,China,Changzhou Yabang,Changzhou,Orthoxylene,50,31.8107,119.9737,Location coordinate
Phthalic Anhydride,Northeast Asia,China,China Bluestar Harbin Petrochemical,Harbin,Orthoxylene,25,45.8038,126.5349,Location coordinate
Phthalic Anhydride,Northeast Asia,China,Jilin Petrochemical,Jilin City,Orthoxylene,140,43.8378,126.5496,Location coordinate
Phthalic Anhydride,Northeast Asia,China,Jinzhou Petrochemical,Jinzhou,Orthoxylene,87,41.0957,121.127,Location coordinate
Phthalic Anhydride,Northeast Asia,China,Sinopec Jinling Petrochemical,Nanjing,Orthoxylene,94,32.0603,118.7969,Location coordinate
Phthalic Anhydride,Northeast Asia,China,Sinopec Maoming Petrochemical,Maoming,Orthoxylene,40,21.6627,110.9255,Location coordinate
Phthalic Anhydride,Northeast Asia,China,Sinopec Nanjing Chemical,Nanjing,Orthoxylene,40,32.0603,118.7969,Location coordinate
Phthalic Anhydride,Northeast Asia,China,Sinopec Qilu Petrochemical,Zibo,Orthoxylene,100,36.8135,118.055,Location coordinate
Phthalic Anhydride,Northeast Asia,China,Continental Petrochemical,Zhuhai,Orthoxylene,80,22.271,113.5767,Location coordinate
Phthalic Anhydride,Northeast Asia,China,Fuzhou Baolian Chemical,Fuzhou,Orthoxylene,50,26.0745,119.2965,Location coordinate
Phthalic Anhydride,Northeast Asia,China,Shandong Hongxin Chemicals,Zibo,Orthoxylene,120,36.8135,118.055,Location coordinate
Phthalic Anhydride,Northeast Asia,China,Shijia Chemical,Xiamen,Orthoxylene,36,24.4798,118.0894,Location coordinate
Phthalic Anhydride,Northeast Asia,China,Shijiazhuang Balong,Shijiazhuang,Orthoxylene,40,38.0428,114.5149,Location coordinate
Phthalic Anhydride,Northeast Asia,China,Taizhou Union Chemical Industry,Taizhou,Orthoxylene,190,32.4558,119.9231,Location coordinate
Phthalic Anhydride,Northeast Asia,China,Tianjin Solvent Factory,Tianjin,Orthoxylene,39,39.3434,117.3616,Location coordinate
Phthalic Anhydride,Northeast Asia,China,Tonghua Iron & Steel Group,Tongling,Orthoxylene,20,30.9454,117.8121,Location coordinate
Phthalic Anhydride,Northeast Asia,China,Zhongshan Unicizers Industrial,Zhongshan,Orthoxylene,35,22.5176,113.3926,Location coordinate
Phthalic Anhydride,Northeast Asia,China,Zhuhai Unicizers Chemical,Zhuhai,Orthoxylene,105,22.271,113.5767,Location coordinate
Phthalic Anhydride,Northeast Asia,Japan,Nippon Steel & Sumikin Chemical,Sakai,Orthoxylene,33,34.5733,135.483,Location coordinate
Phthalic Anhydride,Northeast Asia,Japan,Kawasaki Kasei,Kawasaki,Orthoxylene,100,35.5309,139.703,Location coordinate
Phthalic Anhydride,Northeast Asia,Japan,Mitsubishi Gas Chemical,Mizushima,Orthoxylene,100,34.53,133.74,Location coordinate
Phthalic Anhydride,Northeast Asia,Japan,Toho Rika Kogyo KK,Nagoya,Orthoxylene,30,35.1815,136.9066,Location coordinate
Phthalic Anhydride,Northeast Asia,South Korea,Aekyung,Ulsan,Orthoxylene,360,35.5384,129.3114,Location coordinate
Phthalic Anhydride,Northeast Asia,South Korea,LG Chem,Yeosu,Orthoxylene,60,34.7604,127.6622,Location coordinate
Phthalic Anhydride,Northeast Asia,South Korea,OCI,Ulsan,Orthoxylene,75,35.5384,129.3114,Location coordinate
Phthalic Anhydride,Northeast Asia,South Korea,OCI,Pohang,Orthoxylene,60,36.019,129.3435,Location coordinate
Phthalic Anhydride,Northeast Asia,Taiwan,Formosa Plastics,Mailiao,Orthoxylene,200,23.79,120.18,Location coordinate
Phthalic Anhydride,Northeast Asia,Taiwan,UPC Group,Kaohsiung,Orthoxylene,85,22.6273,120.3014,Location coordinate
Phthalic Anhydride,Southeast Asia,Indonesia,Petrowidada,Gresik,Orthoxylene,70,-7.1567,112.6555,Location coordinate
Phthalic Anhydride,Southeast Asia,Malaysia,BASF Petronas,Gebeng,Orthoxylene,40,3.98,103.4,Location coordinate
Phthalic Anhydride,Southeast Asia,Thailand,Continental Chemicals,Bangkok,Orthoxylene,50,13.7563,100.5018,Location coordinate
Phthalic Anhydride,Australasia,Australia,CSR Chemicals,Rhodes,Orthoxylene,8,-33.83,151.09,Location coordinate
Toluene Diamine,North America,US,BASF,Geismar, ,336,30.21,-91,Location coordinate
Toluene Diamine,North America,US,Covestro,Baytown, ,200,29.7355,-94.9774,Location coordinate
Toluene Diamine,North America,US,Air Products,Pasadena [TX], ,214,29.6911,-95.2091,Location coordinate
Toluene Diamine,Latin America and Caribbean,Argentina,Petroquimica Rio Tercero,Cordoba, ,23,-31.4201,-64.1888,Location coordinate
Toluene Diamine,Latin America and Caribbean,Brazil,Dow,Camacari, ,99,-12.6975,-38.3242,Location coordinate
Toluene Diamine,Western Europe,France,Vencorex,Pont De Claix, ,0,45.12,5.7,Location coordinate
Toluene Diamine,Western Europe,Germany,BASF,Ludwigshafen, ,240,49.4774,8.4452,Location coordinate
Toluene Diamine,Western Europe,Germany,BASF,Schwarzheide, ,0,51.48,13.87,Location coordinate
Toluene Diamine,Western Europe,Germany,Covestro,Dormagen, ,240,51.0937,6.8416,Location coordinate
Toluene Diamine,Central and Eastern Europe,Hungary,BorsodChem,Kazincbarcika, ,224,48.25,20.64,Location coordinate
Toluene Diamine,Middle East,Iran,Karoon Petrochemical,Bandar Imam, ,40,30.44,49.08,Location coordinate
Toluene Diamine,Middle East,Saudi Arabia,Sadara,Al Jubail, ,160,27,49.66,Location coordinate
Toluene Diamine,South Asia,India,Gujarat Narmada Valley Fertilizers,Dahej, ,62,21.72,72.58,Location coordinate
Toluene Diamine,South Asia,India,Gujarat Narmada Valley Fertilizers,Narmada Nagar, ,17,20,77,Country capital fallback
Toluene Diamine,Northeast Asia,China,BASF,Shanghai, ,135,31.2304,121.4737,Location coordinate
Toluene Diamine,Northeast Asia,China,"Bayer, Sinopec",Shanghai, ,210,31.2304,121.4737,Location coordinate
Toluene Diamine,Northeast Asia,China,Sinopec Cangzhou,Cangzhou, ,126,38.3045,116.8388,Location coordinate
Toluene Diamine,Northeast Asia,Japan,Mitsubishi Chemical,Kurosaki, ,9,33.86,130.77,Location coordinate
Toluene Diamine,Northeast Asia,Japan,Mitsui Chemicals,Omuta, ,91,33.0303,130.4459,Location coordinate
Toluene Diamine,Northeast Asia,Japan,Nippon Polyurethane,Tokuyama, ,12,34.055,131.806,Location coordinate
Toluene Diamine,Northeast Asia,Japan,Sumitomo Chemical,Niihama, ,22,33.9603,133.2834,Location coordinate
Toluene Diamine,Northeast Asia,Japan,Takeda,Kashima, ,26,35.965,140.645,Location coordinate
Toluene Diamine,Northeast Asia,South Korea,BASF,Yeosu, ,210,34.7604,127.6622,Location coordinate
Toluene Diamine,Northeast Asia,South Korea,Chinyang Fine Chemicals,Yeosu, ,9,34.7604,127.6622,Location coordinate
Toluene Diamine,Northeast Asia,South Korea,Korea Fine Chemical,Yeosu, ,56,34.7604,127.6622,Location coordinate
Toluene Diamine,Northeast Asia,Taiwan,Covestro,Taichung, ,50,24.1477,120.6736,Location coordinate
Other - Toluene,North America,US,Deltech,Baton Rouge, ,35,30.4515,-91.1871,Location coordinate
Other - Toluene,North America,US,First Chemical,Pascagoula, ,19,30.3658,-88.5561,Location coordinate
Other - Toluene,North America,US,Kalama Chemical,Kalama, ,4,46.0084,-122.8446,Location coordinate
Other - Toluene,North America,US,Oxychem,Niagara Falls, ,26,43.0962,-79.0377,Location coordinate
Other - Toluene,Latin America and Caribbean,Argentina,Monte,Buenos Aires, ,1,-34.6037,-58.3816,Location coordinate
Other - Toluene,Western Europe,Belgium,Ferro,Antwerp, ,14,51.2194,4.4025,Location coordinate
Other - Toluene,Western Europe,Belgium,INOVYN,Tessenderlo, ,30,51.065,5.088,Location coordinate
Other - Toluene,Western Europe,Germany,BASF,Schwarzheide, ,0,51.48,13.87,Location coordinate
Other - Toluene,Western Europe,Germany,Lanxess,Krefeld-Uerdingen, ,50,51.35,6.64,Location coordinate
Other - Toluene,Western Europe,Germany,Lanxess,Leverkusen, ,160,51.0459,7.0192,Location coordinate
Other - Toluene,Western Europe,Germany,Celanese,Frankfurt, ,15,50.1109,8.6821,Location coordinate
Other - Toluene,Western Europe,Italy,Hydrochem Italia,Pieve Vergonte, ,22,46.01,8.27,Location coordinate
Other - Toluene,Western Europe,Netherlands,Emerald Performance Materials,Botlek, ,96,51.88,4.3,Location coordinate
Other - Toluene,Western Europe,United Kingdom,Associated Octel,Ellesmere Port, ,3,53.279,-2.897,Location coordinate
Other - Toluene,Western Europe,United Kingdom,Croda,Oldbury, ,10,52.504,-2.016,Location coordinate
Other - Toluene,Central and Eastern Europe,Estonia,Eastman Chemical,Kohtla-Jarve, ,30,59.3986,27.2731,Location coordinate
Other - Toluene,South Asia,India,Gujarat Narmada Valley Fertilizers,Narmada Nagar, ,9,20,77,Country capital fallback
Other - Toluene,South Asia,India,Hindustan Organic Chemicals,Rasayani, ,0,18.9,73.18,Location coordinate
Other - Toluene,South Asia,India,Indian Oil Corporation,Koyali, ,3,22.33,73.1,Location coordinate
Other - Toluene,South Asia,India,Lanxess,Jhagadia, ,50,21.72,73.15,Location coordinate
Other - Toluene,South Asia,India,Gujarat Industrial Development Corporation,Vadodara, ,19,22.3072,73.1812,Location coordinate
Other - Toluene,South Asia,India,Indian Organic Chemicals,Mumbai, ,3,19.076,72.8777,Location coordinate
Other - Toluene,Northeast Asia,Japan,Mitsui Chemicals,Iwakuni, ,40,34.1666,132.2197,Location coordinate
Other - Toluene,Northeast Asia,Japan,Sumitomo Chemical,Chiba, ,50,35.6074,140.1065,Location coordinate
Orthoxylene,North America,Canada,Suncor,Montreal, ,20,45.5017,-73.5673,Location coordinate
Orthoxylene,North America,Canada,Suncor,Sarnia, ,25,42.9745,-82.4066,Location coordinate
Orthoxylene,North America,US,ExxonMobil,Baytown, ,139,29.7355,-94.9774,Location coordinate
Orthoxylene,North America,US,Flint Hills Resources,Corpus Christi, ,225,27.8006,-97.3964,Location coordinate
Orthoxylene,Latin America and Caribbean,Argentina,YPF,Ensenada, ,25,-34.86,-57.91,Location coordinate
Orthoxylene,Latin America and Caribbean,Brazil,Braskem,Camacari, ,62,-12.6975,-38.3242,Location coordinate
Orthoxylene,Latin America and Caribbean,Brazil,Braskem,Sao Paulo, ,50,-23.5505,-46.6333,Location coordinate
Orthoxylene,Latin America and Caribbean,Colombia,Ecopetrol,Barrancabermeja, ,35,7.0653,-73.8547,Location coordinate
Orthoxylene,Latin America and Caribbean,Venezuela,Corpoven,Puerto Cabello, ,48,10.4731,-68.0125,Location coordinate
Orthoxylene,Western Europe,France,Total Petrochemicals,Gonfreville, ,115,49.5,0.23,Location coordinate
Orthoxylene,Western Europe,Germany,BP Europa,Gelsenkirchen, ,65,51.5177,7.0857,Location coordinate
Orthoxylene,Western Europe,Germany,PCK,Schwedt, ,39,53.0596,14.2815,Location coordinate
Orthoxylene,Western Europe,Germany,Shell Chemicals,Wesseling, ,60,50.8271,6.9747,Location coordinate
Orthoxylene,Western Europe,Netherlands,ExxonMobil,Botlek, ,130,51.88,4.3,Location coordinate
Orthoxylene,Western Europe,Portugal,Petrogal,Porto, ,0,41.1579,-8.6291,Location coordinate
Orthoxylene,Western Europe,Spain,CEPSA,Algeciras, ,40,36.1408,-5.4562,Location coordinate
Orthoxylene,Central and Eastern Europe,Belarus,Naftan,Novopolotsk, ,25,55.5318,28.5987,Location coordinate
Orthoxylene,Central and Eastern Europe,Hungary,MOL Petrochemicals,Szazhalombatta, ,50,47.3258,18.9214,Location coordinate
Orthoxylene,Central and Eastern Europe,Poland,PKN Orlen,Plock, ,60,52.5463,19.7065,Location coordinate
Orthoxylene,Central and Eastern Europe,Slovakia,Slovnaft,Bratislava, ,14,48.1486,17.1077,Location coordinate
Orthoxylene,Russia and Central Asia,Russia,Gazprom Neft,Omsk, ,165,54.9885,73.3242,Location coordinate
Orthoxylene,Russia and Central Asia,Russia,Gazprom Neftekhim Salavat,Salavat, ,15,53.3616,55.9246,Location coordinate
Orthoxylene,Russia and Central Asia,Russia,Kirishinefteorgsintez,Kirishi, ,60,59.4471,32.0205,Location coordinate
Orthoxylene,Russia and Central Asia,Russia,Ufaneftekhim,Ufa, ,200,54.7388,55.9721,Location coordinate
Orthoxylene,Middle East,Iran,Bou Ali Sina Petrochemical,Bandar Imam, ,30,30.44,49.08,Location coordinate
Orthoxylene,Middle East,Iran,Esfahan Petrochemical,Esfahan, ,22,32.6546,51.668,Location coordinate
Orthoxylene,Middle East,Iran,Kian Petrochemical,Assaluyeh, ,90,27.48,52.61,Location coordinate
Orthoxylene,Middle East,Iran,Nouri (Borzuyeh) Petrochemical,Assaluyeh, ,100,27.48,52.61,Location coordinate
Orthoxylene,Middle East,Israel,Gadiv Petrochemical,Haifa, ,55,32.794,34.9896,Location coordinate
Orthoxylene,Middle East,Turkey,Petkim,Aliaga, ,40,38.7996,26.972,Location coordinate
Orthoxylene,South Asia,India,Reliance,Jamnagar, ,468,22.4707,70.0577,Location coordinate
Orthoxylene,South Asia,Pakistan,Byco Oil,Mouza Kund, ,50,30,70,Country capital fallback
Orthoxylene,Northeast Asia,China,Dalian Fujia Dahua,Dalian, ,100,38.914,121.6147,Location coordinate
Orthoxylene,Northeast Asia,China,Jilin Petrochemical,Jilin City, ,160,43.8378,126.5496,Location coordinate
Orthoxylene,Northeast Asia,China,Liaoyang Petrochemical,Liaoyang, ,40,41.2694,123.1728,Location coordinate
Orthoxylene,Northeast Asia,China,Sinochem Quanzhou Petrochemical,Quanzhou, ,100,24.8741,118.6757,Location coordinate
Orthoxylene,Northeast Asia,China,Sinopec Hainan Petrochemical,Yangpu, ,160,35,105,Country capital fallback
Orthoxylene,Northeast Asia,China,Sinopec Jinling Petrochemical,Nanjing, ,130,32.0603,118.7969,Location coordinate
Orthoxylene,Northeast Asia,China,Sinopec Qilu Petrochemical,Zibo, ,42,36.8135,118.055,Location coordinate
Orthoxylene,Northeast Asia,China,Sinopec Yangzi Petrochemical,Nanjing, ,260,32.0603,118.7969,Location coordinate
Orthoxylene,Northeast Asia,China,Sinopec Zhenhai Refining & Chemical,Ningbo, ,160,29.8683,121.544,Location coordinate
Orthoxylene,Northeast Asia,China,Fujian Fuhaichuang Petrochemical,Xiamen, ,240,24.4798,118.0894,Location coordinate
Orthoxylene,Northeast Asia,Japan,JXTG Nippon Oil & Energy,Kawasaki, ,80,35.5309,139.703,Location coordinate
Orthoxylene,Northeast Asia,Japan,JXTG Nippon Oil & Energy,Mizushima, ,30,34.53,133.74,Location coordinate
Orthoxylene,Northeast Asia,Japan,JXTG Nippon Oil & Energy,Wakayama, ,70,34.2305,135.1708,Location coordinate
Orthoxylene,Northeast Asia,South Korea,Lotte Chemical,Ulsan, ,250,35.5384,129.3114,Location coordinate
Orthoxylene,Northeast Asia,South Korea,SK Global Chemicals,Ulsan, ,200,35.5384,129.3114,Location coordinate
Orthoxylene,Northeast Asia,Taiwan,Formosa Chemicals & Fiber Corporation,Mailiao, ,475,23.79,120.18,Location coordinate
Orthoxylene,Southeast Asia,Indonesia,TPPI,Tuban, ,120,-6.8976,112.0649,Location coordinate
Orthoxylene,Southeast Asia,Singapore,ExxonMobil,Jurong Island, ,206,1.265,103.695,Location coordinate
Orthoxylene,Southeast Asia,Singapore,Jurong Aromatics,Jurong Island, ,200,1.265,103.695,Location coordinate
Orthoxylene,Southeast Asia,Thailand,PTT Global Chemical,Map Ta Phut, ,78,12.68,101.16,Location coordinate
Cresol,South Asia,India,Gujarat Industrial Development Corporation,Vadodara, ,4,22.3072,73.1812,Location coordinate
Cresol,Northeast Asia,Japan,Mitsui Chemicals,Chiba, ,24,35.6074,140.1065,Location coordinate
Cresol,Northeast Asia,Japan,Sumitomo Chemical,Ichihara, ,35,35.4981,140.1154,Location coordinate
Cresol,Northeast Asia,Japan,Honshu Chemical,Wakayama, ,20,34.2305,135.1708,Location coordinate
Metaxylene,North America,US,Flint Hills Resources,Corpus Christi, ,120,27.8006,-97.3964,Location coordinate
Metaxylene,North America,US,Marathon Petroleum,Texas City, ,153,29.3838,-94.9027,Location coordinate
Metaxylene,Northeast Asia,Taiwan,Formosa Chemicals & Fiber Corporation,Mailiao,,35,23.79,120.18,Location coordinate
Other - Orthoxylene,North America,US,Indorama Ventures,Decatur [AL], ,59,34.6059,-86.9833,Location coordinate
Sub-total,Global,,All Plants,All Location,,410271.5,0,0,Country capital fallback
